"r_w [mm]","Freq [GHz]","dB(S(Port1,Port1)) []"
1.077,0.5,-39.7995167800265
1.077,0.505,-39.7140053234292
1.077,0.51,-39.629354785186
1.077,0.515,-39.5455485704782
1.077,0.52,-39.462570566055
1.077,0.525,-39.3804051218138
1.077,0.53,-39.2990370332537
1.077,0.535,-39.2184515247516
1.077,0.54,-39.1386342336175
1.077,0.545,-39.0595711948835
1.077,0.55,-38.9812488267874
1.077,0.555,-38.9036539169136
1.077,0.56,-38.826773608955
1.077,0.565,-38.750595390063
1.077,0.57,-38.6751070787556
1.077,0.575,-38.6002968133527
1.077,0.58,-38.5261530409122
1.077,0.585,-38.4526645066414
1.077,0.59,-38.3798202437581
1.077,0.595,-38.3076095637807
1.077,0.6,-38.2360220472234
1.077,0.605,-38.1650475346783
1.077,0.61,-38.0946761182643
1.077,0.615,-38.0248981334247
1.077,0.62,-37.9557041510577
1.077,0.625,-37.8870849699623
1.077,0.63,-37.8190316095852
1.077,0.635,-37.7515353030552
1.077,0.64,-37.6845874904897
1.077,0.645,-37.6181798125628
1.077,0.65,-37.5523041043208
1.077,0.655,-37.4869523892355
1.077,0.66,-37.4221168734832
1.077,0.665,-37.35778994044
1.077,0.67,-37.2939641453829
1.077,0.675,-37.2306322103882
1.077,0.68,-37.1677870194185
1.077,0.685,-37.1054216135894
1.077,0.69,-37.0435291866081
1.077,0.695,-36.9821030803774
1.077,0.7,-36.9211367807573
1.077,0.705,-36.8606239134764
1.077,0.71,-36.8005582401899
1.077,0.715,-36.7409336546737
1.077,0.72,-36.681744179153
1.077,0.725,-36.6229839607572
1.077,0.73,-36.5646472680966
1.077,0.735,-36.5067284879565
1.077,0.74,-36.4492221221031
1.077,0.745,-36.3921227841972
1.077,0.75,-36.3354251968114
1.077,0.755,-36.2791241885456
1.077,0.76,-36.2232146912392
1.077,0.765,-36.1676917372736
1.077,0.77,-36.1125504569629
1.077,0.775,-36.0577860760302
1.077,0.78,-36.0033939131632
1.077,0.785,-35.9493693776499
1.077,0.79,-35.8957079670881
1.077,0.795,-35.8424052651682
1.077,0.8,-35.7894569395246
1.077,0.805,-35.7368587396555
1.077,0.81,-35.6846064949058
1.077,0.815,-35.6326961125129
1.077,0.82,-35.5811235757125
1.077,0.825,-35.5298849419014
1.077,0.83,-35.4789763408568
1.077,0.835,-35.4283939730081
1.077,0.84,-35.3781341077618
1.077,0.845,-35.3281930818746
1.077,0.85,-35.2785672978757
1.077,0.855,-35.2292532225354
1.077,0.86,-35.1802473853777
1.077,0.865,-35.1315463772373
1.077,0.87,-35.0831468488568
1.077,0.875,-35.0350455095259
1.077,0.88,-34.9872391257577
1.077,0.885,-34.9397245200041
1.077,0.89,-34.892498569407
1.077,0.895,-34.8455582045838
1.077,0.9,-34.7989004084481
1.077,0.905,-34.7525222150623
1.077,0.91,-34.7064207085225
1.077,0.915,-34.6605930218733
1.077,0.92,-34.615036336053
1.077,0.925,-34.5697478788676
1.077,0.93,-34.5247249239912
1.077,0.935,-34.4799647899955
1.077,0.94,-34.435464839403
1.077,0.945,-34.3912224777675
1.077,0.95,-34.3472351527771
1.077,0.955,-34.3035003533823
1.077,0.96,-34.2600156089464
1.077,0.965,-34.2167784884176
1.077,0.97,-34.1737865995238
1.077,0.975,-34.1310375879869
1.077,0.98,-34.0885291367582
1.077,0.985,-34.0462589652732
1.077,0.99,-34.0042248287247
1.077,0.995,-33.9624245173557
1.077,1,-33.9208558557687
1.077,1.005,-33.879516702253
1.077,1.01,-33.838404948129
1.077,1.015,-33.7975185171084
1.077,1.02,-33.7568553646704
1.077,1.025,-33.7164134774534
1.077,1.03,-33.6761908726612
1.077,1.035,-33.6361855974842
1.077,1.04,-33.5963957285342
1.077,1.045,-33.5568193712932
1.077,1.05,-33.5174546595757
1.077,1.055,-33.4782997550028
1.077,1.06,-33.4393528464903
1.077,1.065,-33.4006121497478
1.077,1.07,-33.3620759067903
1.077,1.075,-33.3237423854612
1.077,1.08,-33.2856098789661
1.077,1.085,-33.2476767054181
1.077,1.09,-33.2099412073928
1.077,1.095,-33.1724017514949
1.077,1.1,-33.1350567279333
1.077,1.105,-33.0979045501072
1.077,1.11,-33.0609436542008
1.077,1.115,-33.0241724987877
1.077,1.12,-32.9875895644442
1.077,1.125,-32.951193353371
1.077,1.13,-32.9149823890241
1.077,1.135,-32.8789552157529
1.077,1.14,-32.8431103984476
1.077,1.145,-32.8074465221937
1.077,1.15,-32.7719621919338
1.077,1.155,-32.7366560321382
1.077,1.16,-32.701526686481
1.077,1.165,-32.6665728175248
1.077,1.17,-32.6317931064111
1.077,1.175,-32.5971862525584
1.077,1.18,-32.5627509733662
1.077,1.185,-32.5284860039254
1.077,1.19,-32.4943900967353
1.077,1.195,-32.4604620214263
1.077,1.2,-32.4267005644885
1.077,1.205,-32.3931045290066
1.077,1.21,-32.3596727343995
1.077,1.215,-32.3264040161664
1.077,1.22,-32.2932972256371
1.077,1.225,-32.2603512297287
1.077,1.23,-32.2275649107067
1.077,1.235,-32.194937165951
1.077,1.24,-32.1624669077271
1.077,1.245,-32.1301530629618
1.077,1.25,-32.0979945730235
1.077,1.255,-32.0659903935074
1.077,1.26,-32.0341394940244
1.077,1.265,-32.0024408579949
1.077,1.27,-31.9708934824466
1.077,1.275,-31.9394963778162
1.077,1.28,-31.9082485677551
1.077,1.285,-31.8771490889399
1.077,1.29,-31.846196990885
1.077,1.295,-31.8153913357608
1.077,1.3,-31.7847311982138
1.077,1.305,-31.7542156651921
1.077,1.31,-31.7238438357723
1.077,1.315,-31.6936148209918
1.077,1.32,-31.6635277436829
1.077,1.325,-31.6335817383112
1.077,1.33,-31.6037759508163
1.077,1.335,-31.5741095384563
1.077,1.34,-31.544581669655
1.077,1.345,-31.5151915238522
1.077,1.35,-31.4859382913566
1.077,1.355,-31.456821173202
1.077,1.36,-31.4278393810058
1.077,1.365,-31.3989921368308
1.077,1.37,-31.3702786730489
1.077,1.375,-31.3416982322082
1.077,1.38,-31.3132500669018
1.077,1.385,-31.2849334396398
1.077,1.39,-31.2567476227235
1.077,1.395,-31.2286918981219
1.077,1.4,-31.2007655573504
1.077,1.405,-31.172967901352
1.077,1.41,-31.1452982403809
1.077,1.415,-31.1177558938879
1.077,1.42,-31.0903401904078
1.077,1.425,-31.06305046745
1.077,1.43,-31.0358860713893
1.077,1.435,-31.0088463573608
1.077,1.44,-30.9819306891547
1.077,1.445,-30.955138439115
1.077,1.45,-30.9284689880383
1.077,1.455,-30.9019217250759
1.077,1.46,-30.8754960476367
1.077,1.465,-30.8491913612924
1.077,1.47,-30.8230070796842
1.077,1.475,-30.7969426244314
1.077,1.48,-30.7709974250414
1.077,1.485,-30.7451709188219
1.077,1.49,-30.7194625507936
1.077,1.495,-30.6938717736056
1.077,1.5,-30.6683980474519
1.077,1.505,-30.6430408399894
1.077,1.51,-30.6177996262569
1.077,1.515,-30.5926738885967
1.077,1.52,-30.5676631165766
1.077,1.525,-30.5427668069134
1.077,1.53,-30.5179844633984
1.077,1.535,-30.4933155968236
1.077,1.54,-30.4687597249094
1.077,1.545,-30.4443163722339
1.077,1.55,-30.4199850701626
1.077,1.555,-30.3957653567804
1.077,1.56,-30.3716567768243
1.077,1.565,-30.3476588816169
1.077,1.57,-30.3237712290019
1.077,1.575,-30.2999933832802
1.077,1.58,-30.276324915147
1.077,1.585,-30.2527654016304
1.077,1.59,-30.229314426031
1.077,1.595,-30.2059715778623
1.077,1.6,-30.1827364527924
1.077,1.605,-30.1596086525863
1.077,1.61,-30.1365877850502
1.077,1.615,-30.1136734639753
1.077,1.62,-30.0908653090839
1.077,1.625,-30.0681629459756
1.077,1.63,-30.0455660060748
1.077,1.635,-30.023074126579
1.077,1.64,-30.0006869504083
1.077,1.645,-29.9784041261548
1.077,1.65,-29.9562253080343
1.077,1.655,-29.9341501558377
1.077,1.66,-29.9121783348833
1.077,1.665,-29.8903095159711
1.077,1.67,-29.8685433753359
1.077,1.675,-29.8468795946034
1.077,1.68,-29.8253178607448
1.077,1.685,-29.8038578660344
1.077,1.69,-29.7824993080061
1.077,1.695,-29.7612418894115
1.077,1.7,-29.7400853181788
1.077,1.705,-29.7190293073719
1.077,1.71,-29.6980735751506
1.077,1.715,-29.6772178447313
1.077,1.72,-29.6564618443483
1.077,1.725,-29.6358053072156
1.077,1.73,-29.6152479714902
1.077,1.735,-29.5947895802346
1.077,1.74,-29.5744298813812
1.077,1.745,-29.5541686276965
1.077,1.75,-29.5340055767462
1.077,1.755,-29.513940490861
1.077,1.76,-29.4939731371026
1.077,1.765,-29.4741032872305
1.077,1.77,-29.4543307176692
1.077,1.775,-29.4346552094763
1.077,1.78,-29.4150765483105
1.077,1.785,-29.3955945244007
1.077,1.79,-29.3762089325151
1.077,1.795,-29.3569195719315
1.077,1.8,-29.3377262464069
1.077,1.805,-29.3186287641492
1.077,1.81,-29.2996269377877
1.077,1.815,-29.2807205843451
1.077,1.82,-29.2619095252099
1.077,1.825,-29.2431935861084
1.077,1.83,-29.2245725970784
1.077,1.835,-29.2060463924422
1.077,1.84,-29.1876148107807
1.077,1.845,-29.1692776949073
1.077,1.85,-29.1510348918432
1.077,1.855,-29.1328862527915
1.077,1.86,-29.1148316331136
1.077,1.865,-29.0968708923043
1.077,1.87,-29.0790038939681
1.077,1.875,-29.0612305057959
1.077,1.88,-29.0435505995415
1.077,1.885,-29.0259640509992
1.077,1.89,-29.008470739981
1.077,1.895,-28.9910705502944
1.077,1.9,-28.9737633697207
1.077,1.905,-28.9565490899934
1.077,1.91,-28.9394276067771
1.077,1.915,-28.9223988196462
1.077,1.92,-28.9054626320648
1.077,1.925,-28.8886189513655
1.077,1.93,-28.8718676887303
1.077,1.935,-28.8552087591699
1.077,1.94,-28.8386420815045
1.077,1.945,-28.8221675783447
1.077,1.95,-28.8057851760717
1.077,1.955,-28.7894948048195
1.077,1.96,-28.7732963984552
1.077,1.965,-28.7571898945615
1.077,1.97,-28.7411752344182
1.077,1.975,-28.725252362984
1.077,1.98,-28.7094212288793
1.077,1.985,-28.6936817843684
1.077,1.99,-28.6780339853421
1.077,1.995,-28.6624777913008
1.077,2,-28.6470131653373
1.077,2.005,-28.6316400741201
1.077,2.01,-28.616358487877
1.077,2.015,-28.6011683803785
1.077,2.02,-28.5860697289215
1.077,2.025,-28.5710625143132
1.077,2.03,-28.5561467208553
1.077,2.035,-28.5413223363279
1.077,2.04,-28.5265893519743
1.077,2.045,-28.5119477624849
1.077,2.05,-28.4973975659819
1.077,2.055,-28.4829387640045
1.077,2.06,-28.4685713614932
1.077,2.065,-28.4542953667747
1.077,2.07,-28.4401107915475
1.077,2.075,-28.4260176508663
1.077,2.08,-28.412015963128
1.077,2.085,-28.3981057500563
1.077,2.09,-28.3842870366876
1.077,2.095,-28.3705598513564
1.077,2.1,-28.3569242256807
1.077,2.105,-28.3433801945477
1.077,2.11,-28.3299277960997
1.077,2.115,-28.3165670717195
1.077,2.12,-28.3032980660166
1.077,2.125,-28.2901208268127
1.077,2.13,-28.2770354051276
1.077,2.135,-28.2640418551657
1.077,2.14,-28.2511402343013
1.077,2.145,-28.2383306030647
1.077,2.15,-28.2256130251286
1.077,2.155,-28.212987567294
1.077,2.16,-28.2004542994759
1.077,2.165,-28.1880132946897
1.077,2.17,-28.1756646290372
1.077,2.175,-28.1634083816927
1.077,2.18,-28.1512446348889
1.077,2.185,-28.139173473903
1.077,2.19,-28.1271949870429
1.077,2.195,-28.1153092656328
1.077,2.2,-28.1035164039997
1.077,2.205,-28.0918164994589
1.077,2.21,-28.0802096522999
1.077,2.215,-28.0686959657729
1.077,2.22,-28.0572755460736
1.077,2.225,-28.0459485023299
1.077,2.23,-28.0347149465871
1.077,2.235,-28.0235749937937
1.077,2.24,-28.0125287617868
1.077,2.245,-28.0015763712781
1.077,2.25,-27.9907179458386
1.077,2.255,-27.9799536118848
1.077,2.26,-27.9692834986631
1.077,2.265,-27.9587077382359
1.077,2.27,-27.948226465466
1.077,2.275,-27.9378398180016
1.077,2.28,-27.9275479362619
1.077,2.285,-27.9173509634211
1.077,2.29,-27.9072490453934
1.077,2.295,-27.8972423308176
1.077,2.3,-27.8873309710413
1.077,2.305,-27.8775151201056
1.077,2.31,-27.867794934729
1.077,2.315,-27.8581705742913
1.077,2.32,-27.8486422008178
1.077,2.325,-27.8392099789631
1.077,2.33,-27.8298740759944
1.077,2.335,-27.820634661775
1.077,2.34,-27.8114919087479
1.077,2.345,-27.8024459919187
1.077,2.35,-27.7934970888384
1.077,2.355,-27.7846453795868
1.077,2.36,-27.7758910467543
1.077,2.365,-27.7672342754249
1.077,2.37,-27.7586752531584
1.077,2.375,-27.7502141699723
1.077,2.38,-27.7418512183238
1.077,2.385,-27.7335865930911
1.077,2.39,-27.7254204915557
1.077,2.395,-27.7173531133827
1.077,2.4,-27.7093846606026
1.077,2.405,-27.7015153375915
1.077,2.41,-27.6937453510524
1.077,2.415,-27.686074909995
1.077,2.42,-27.6785042257162
1.077,2.425,-27.6710335117799
1.077,2.43,-27.6636629839967
1.077,2.435,-27.6563928604035
1.077,2.44,-27.6492233612425
1.077,2.445,-27.6421547089403
1.077,2.45,-27.6351871280865
1.077,2.455,-27.6283208454123
1.077,2.46,-27.6215560897684
1.077,2.465,-27.6148930921035
1.077,2.47,-27.6083320854411
1.077,2.475,-27.6018733048578
1.077,2.48,-27.5955169874597
1.077,2.485,-27.5892633723596
1.077,2.49,-27.5831127006533
1.077,2.495,-27.5770652153961
1.077,2.5,-27.5711211615785
1.077,2.505,-27.565280786102
1.077,2.51,-27.5595443377547
1.077,2.515,-27.5539120671856
1.077,2.52,-27.5483842268803
1.077,2.525,-27.5429610711347
1.077,2.53,-27.5376428560295
1.077,2.535,-27.5324298394039
1.077,2.54,-27.5273222808291
1.077,2.545,-27.5223204415812
1.077,2.55,-27.5174245846144
1.077,2.555,-27.5126349745335
1.077,2.56,-27.5079518775657
1.077,2.565,-27.5033755615325
1.077,2.57,-27.4989062958215
1.077,2.575,-27.4945443513571
1.077,2.58,-27.4902900005716
1.077,2.585,-27.4861435173754
1.077,2.59,-27.4821051771273
1.077,2.595,-27.4781752566039
1.077,2.6,-27.474354033969
1.077,2.605,-27.470641788743
1.077,2.61,-27.4670388017709
1.077,2.615,-27.463545355191
1.077,2.62,-27.4601617324023
1.077,2.625,-27.4568882180327
1.077,2.63,-27.4537250979053
1.077,2.635,-27.4506726590056
1.077,2.64,-27.4477311894478
1.077,2.645,-27.4449009784406
1.077,2.65,-27.4421823162527
1.077,2.655,-27.4395754941783
1.077,2.66,-27.4370808045015
1.077,2.665,-27.4346985404608
1.077,2.67,-27.432428996213
1.077,2.675,-27.4302724667971
1.077,2.68,-27.4282292480969
1.077,2.685,-27.426299636804
1.077,2.69,-27.4244839303803
1.077,2.695,-27.4227824270195
1.077,2.7,-27.4211954256091
1.077,2.705,-27.419723225691
1.077,2.71,-27.4183661274225
1.077,2.715,-27.4171244315363
1.077,2.72,-27.4159984393006
1.077,2.725,-27.4149884524781
1.077,2.73,-27.4140947732852
1.077,2.735,-27.4133177043505
1.077,2.74,-27.4126575486728
1.077,2.745,-27.4121146095787
1.077,2.75,-27.4116891906802
1.077,2.755,-27.4113815958309
1.077,2.76,-27.4111921290828
1.077,2.765,-27.4111210946418
1.077,2.77,-27.4111687968236
1.077,2.775,-27.4113355400082
1.077,2.78,-27.4116216285948
1.077,2.785,-27.412027366956
1.077,2.79,-27.4125530593909
1.077,2.795,-27.4131990100788
1.077,2.8,-27.4139655230318
1.077,2.805,-27.414852902047
1.077,2.81,-27.4158614506585
1.077,2.815,-27.4169914720886
1.077,2.82,-27.4182432691986
1.077,2.825,-27.4196171444396
1.077,2.83,-27.4211133998023
1.077,2.835,-27.4227323367664
1.077,2.84,-27.4244742562497
1.077,2.845,-27.4263394585567
1.077,2.85,-27.4283282433269
1.077,2.855,-27.430440909482
1.077,2.86,-27.4326777551736
1.077,2.865,-27.4350390777293
1.077,2.87,-27.4375251735993
1.077,2.875,-27.4401363383022
1.077,2.88,-27.4428728663698
1.077,2.885,-27.4457350512925
1.077,2.89,-27.4487231854629
1.077,2.895,-27.4518375601201
1.077,2.9,-27.455078465293
1.077,2.905,-27.4584461897428
1.077,2.91,-27.4619410209055
1.077,2.915,-27.4655632448341
1.077,2.92,-27.4693131461392
1.077,2.925,-27.4731910079307
1.077,2.93,-27.4771971117576
1.077,2.935,-27.481331737548
1.077,2.94,-27.4855951635486
1.077,2.945,-27.4899876662634
1.077,2.95,-27.4945095203923
1.077,2.955,-27.4991609987686
1.077,2.96,-27.5039423722966
1.077,2.965,-27.5088539098885
1.077,2.97,-27.5138958784005
1.077,2.975,-27.5190685425686
1.077,2.98,-27.5243721649442
1.077,2.985,-27.5298070058286
1.077,2.99,-27.5353733232072
1.077,2.995,-27.5410713726834
1.077,3,-27.5469014074119
1.077,3.005,-27.5528636780308
1.077,3.01,-27.5589584325945
1.077,3.015,-27.5651859165045
1.077,3.02,-27.5715463724411
1.077,3.025,-27.5780400402935
1.077,3.03,-27.5846671570899
1.077,3.035,-27.5914279569267
1.077,3.04,-27.5983226708978
1.077,3.045,-27.6053515270222
1.077,3.05,-27.6125147501724
1.077,3.055,-27.6198125620009
1.077,3.06,-27.6272451808672
1.077,3.065,-27.6348128217639
1.077,3.07,-27.6425156962415
1.077,3.075,-27.6503540123338
1.077,3.08,-27.6583279744817
1.077,3.085,-27.6664377834572
1.077,3.09,-27.6746836362863
1.077,3.095,-27.6830657261711
1.077,3.1,-27.6915842424119
1.077,3.105,-27.7002393703284
1.077,3.11,-27.7090312911799
1.077,3.115,-27.7179601820857
1.077,3.12,-27.7270262159437
1.077,3.125,-27.7362295613498
1.077,3.13,-27.745570382515
1.077,3.135,-27.7550488391834
1.077,3.14,-27.7646650865483
1.077,3.145,-27.7744192751684
1.077,3.15,-27.7843115508829
1.077,3.155,-27.7943420547263
1.077,3.16,-27.8045109228418
1.077,3.165,-27.8148182863946
1.077,3.17,-27.8252642714845
1.077,3.175,-27.8358489990574
1.077,3.18,-27.8465725848159
1.077,3.185,-27.85743513913
1.077,3.19,-27.8684367669462
1.077,3.195,-27.8795775676961
1.077,3.2,-27.8908576352041
1.077,3.205,-27.9022770575949
1.077,3.21,-27.9138359171991
1.077,3.215,-27.9255342904591
1.077,3.22,-27.9373722478334
1.077,3.225,-27.9493498537004
1.077,3.23,-27.961467166261
1.077,3.235,-27.9737242374412
1.077,3.24,-27.9861211127925
1.077,3.245,-27.9986578313926
1.077,3.25,-28.0113344257443
1.077,3.255,-28.0241509216742
1.077,3.26,-28.03710733823
1.077,3.265,-28.0502036875769
1.077,3.27,-28.0634399748932
1.077,3.275,-28.0768161982646
1.077,3.28,-28.0903323485779
1.077,3.285,-28.1039884094137
1.077,3.29,-28.1177843569374
1.077,3.295,-28.1317201597897
1.077,3.3,-28.1457957789764
1.077,3.305,-28.1600111677561
1.077,3.31,-28.1743662715277
1.077,3.315,-28.1888610277163
1.077,3.32,-28.2034953656583
1.077,3.325,-28.218269206485
1.077,3.33,-28.233182463005
1.077,3.335,-28.2482350395862
1.077,3.34,-28.2634268320355
1.077,3.345,-28.2787577274779
1.077,3.35,-28.2942276042343
1.077,3.355,-28.3098363316981
1.077,3.36,-28.32558377021
1.077,3.365,-28.3414697709324
1.077,3.37,-28.3574941757217
1.077,3.375,-28.3736568169996
1.077,3.38,-28.3899575176231
1.077,3.385,-28.4063960907527
1.077,3.39,-28.4229723397201
1.077,3.395,-28.4396860578933
1.077,3.4,-28.4565370285413
1.077,3.405,-28.473525024697
1.077,3.41,-28.4906498090182
1.077,3.415,-28.5079111336477
1.077,3.42,-28.5253087400717
1.077,3.425,-28.5428423589765
1.077,3.43,-28.5605117101043
1.077,3.435,-28.5783165021062
1.077,3.44,-28.5962564323949
1.077,3.445,-28.6143311869951
1.077,3.45,-28.6325404403926
1.077,3.455,-28.6508838553814
1.077,3.46,-28.6693610829096
1.077,3.465,-28.6879717619234
1.077,3.47,-28.7067155192092
1.077,3.475,-28.7255919692346
1.077,3.48,-28.7446007139872
1.077,3.485,-28.7637413428118
1.077,3.49,-28.7830134322459
1.077,3.495,-28.8024165458533
1.077,3.5,-28.8219502340567
1.077,3.505,-28.841614033967
1.077,3.51,-28.8614074692126
1.077,3.515,-28.8813300497654
1.077,3.52,-28.9013812717661
1.077,3.525,-28.9215606173472
1.077,3.53,-28.9418675544539
1.077,3.535,-28.9623015366641
1.077,3.54,-28.9828620030057
1.077,3.545,-29.0035483777724
1.077,3.55,-29.0243600703378
1.077,3.555,-29.0452964749677
1.077,3.56,-29.0663569706302
1.077,3.565,-29.0875409208045
1.077,3.57,-29.1088476732877
1.077,3.575,-29.1302765599996
1.077,3.58,-29.151826896786
1.077,3.585,-29.1734979832201
1.077,3.59,-29.1952891024025
1.077,3.595,-29.2171995207583
1.077,3.6,-29.2392284878345
1.077,3.605,-29.2613752360935
1.077,3.61,-29.2836389807064
1.077,3.615,-29.3060189193443
1.077,3.62,-29.3285142319677
1.077,3.625,-29.3511240806145
1.077,3.63,-29.3738476091864
1.077,3.635,-29.3966839432343
1.077,3.64,-29.4196321897408
1.077,3.645,-29.4426914369034
1.077,3.65,-29.4658607539144
1.077,3.655,-29.4891391907401
1.077,3.66,-29.5125257778998
1.077,3.665,-29.5360195262415
1.077,3.67,-29.5596194267185
1.077,3.675,-29.5833244501634
1.077,3.68,-29.6071335470622
1.077,3.685,-29.6310456473265
1.077,3.69,-29.655059660066
1.077,3.695,-29.6791744733586
1.077,3.7,-29.7033889540217
1.077,3.705,-29.7277019473816
1.077,3.71,-29.7521122770428
1.077,3.715,-29.7766187446568
1.077,3.72,-29.8012201296913
1.077,3.725,-29.8259151891982
1.077,3.73,-29.8507026575823
1.077,3.735,-29.8755812463701
1.077,3.74,-29.9005496439783
1.077,3.745,-29.9256065154832
1.077,3.75,-29.9507505023904
1.077,3.755,-29.9759802224055
1.077,3.76,-30.0012942692047
1.077,3.765,-30.0266912122079
1.077,3.77,-30.0521695963514
1.077,3.775,-30.0777279418633
1.077,3.78,-30.1033647440392
1.077,3.785,-30.1290784730211
1.077,3.79,-30.1548675735766
1.077,3.795,-30.1807304648817
1.077,3.8,-30.206665540305
1.077,3.805,-30.2326711671952
1.077,3.81,-30.2587456866707
1.077,3.815,-30.284887413413
1.077,3.82,-30.3110946354628
1.077,3.825,-30.3373656140202
1.077,3.83,-30.3636985832487
1.077,3.835,-30.3900917500826
1.077,3.84,-30.41654329404
1.077,3.845,-30.4430513670395
1.077,3.85,-30.4696140932224
1.077,3.855,-30.4962295687802
1.077,3.86,-30.5228958617875
1.077,3.865,-30.5496110120413
1.077,3.87,-30.5763730309059
1.077,3.875,-30.6031799011651
1.077,3.88,-30.6300295768813
1.077,3.885,-30.6569199832619
1.077,3.89,-30.6838490165328
1.077,3.895,-30.7108145438214
1.077,3.9,-30.7378144030467
1.077,3.905,-30.7648464028195
1.077,3.91,-30.7919083223506
1.077,3.915,-30.8189979113702
1.077,3.92,-30.8461128900564
1.077,3.925,-30.8732509489744
1.077,3.93,-30.9004097490274
1.077,3.935,-30.927586921418
1.077,3.94,-30.9547800676222
1.077,3.945,-30.9819867593757
1.077,3.95,-31.0092045386727
1.077,3.955,-31.0364309177782
1.077,3.96,-31.0636633792542
1.077,3.965,-31.0908993759998
1.077,3.97,-31.1181363313069
1.077,3.975,-31.1453716389296
1.077,3.98,-31.1726026631712
1.077,3.985,-31.1998267389858
1.077,3.99,-31.2270411720979
1.077,3.995,-31.2542432391379
1.077,4,-31.2814301877971
1.077,4.005,-31.3085992369988
1.077,4.01,-31.3357475770902
1.077,4.015,-31.362872370052
1.077,4.02,-31.3899707497286
1.077,4.025,-31.417039822078
1.077,4.03,-31.444076665443
1.077,4.035,-31.4710783308431
1.077,4.04,-31.4980418422883
1.077,4.045,-31.5249641971151
1.077,4.05,-31.5518423663451
1.077,4.055,-31.5786732950664
1.077,4.06,-31.6054539028395
1.077,4.065,-31.6321810841258
1.077,4.07,-31.6588517087416
1.077,4.075,-31.6854626223367
1.077,4.08,-31.7120106468975
1.077,4.085,-31.738492581277
1.077,4.09,-31.7649052017494
1.077,4.095,-31.7912452625919
1.077,4.1,-31.8175094966931
1.077,4.105,-31.8436946161875
1.077,4.11,-31.8697973131183
1.077,4.115,-31.8958142601272
1.077,4.12,-31.9217421111714
1.077,4.125,-31.9475775022695
1.077,4.13,-31.9733170522746
1.077,4.135,-31.9989573636759
1.077,4.14,-32.0244950234291
1.077,4.145,-32.0499266038141
1.077,4.15,-32.0752486633224
1.077,4.155,-32.1004577475719
1.077,4.16,-32.1255503902506
1.077,4.165,-32.150523114089
1.077,4.17,-32.1753724318595
1.077,4.175,-32.2000948474055
1.077,4.18,-32.2246868566968
1.077,4.185,-32.249144948914
1.077,4.19,-32.273465607559
1.077,4.195,-32.2976453115934
1.077,4.2,-32.3216805366033
1.077,4.205,-32.3455677559899
1.077,4.21,-32.3693034421865
1.077,4.215,-32.3928840678998
1.077,4.22,-32.4163061073766
1.077,4.225,-32.439566037694
1.077,4.23,-32.462660340073
1.077,4.235,-32.4855855012146
1.077,4.24,-32.5083380146574
1.077,4.245,-32.5309143821567
1.077,4.25,-32.5533111150828
1.077,4.255,-32.5755247358388
1.077,4.26,-32.5975517792961
1.077,4.265,-32.6193887942473
1.077,4.27,-32.6410323448742
1.077,4.275,-32.6624790122312
1.077,4.28,-32.6837253957415
1.077,4.285,-32.7047681147058
1.077,4.29,-32.7256038098218
1.077,4.295,-32.7462291447129
1.077,4.3,-32.7666408074652
1.077,4.305,-32.7868355121709
1.077,4.31,-32.8068100004771
1.077,4.315,-32.8265610431375
1.077,4.32,-32.8460854415663
1.077,4.325,-32.8653800293929
1.077,4.33,-32.8844416740143
1.077,4.335,-32.9032672781452
1.077,4.34,-32.9218537813626
1.077,4.345,-32.940198161645
1.077,4.35,-32.9582974369015
1.077,4.355,-32.9761486664927
1.077,4.36,-32.9937489527383
1.077,4.365,-33.0110954424114
1.077,4.37,-33.0281853282171
1.077,4.375,-33.0450158502541
1.077,4.38,-33.0615842974558
1.077,4.385,-33.0778880090118
1.077,4.39,-33.093924375765
1.077,4.395,-33.1096908415847
1.077,4.4,-33.1251849047124
1.077,4.405,-33.1404041190797
1.077,4.41,-33.1553460955956
1.077,4.415,-33.1700085034012
1.077,4.42,-33.1843890710918
1.077,4.425,-33.1984855879024
1.077,4.43,-33.2122959048565
1.077,4.435,-33.225817935876
1.077,4.44,-33.2390496588504
1.077,4.445,-33.251989116665
1.077,4.45,-33.2646344181845
1.077,4.455,-33.2769837391922
1.077,4.46,-33.2890353232835
1.077,4.465,-33.3007874827112
1.077,4.47,-33.3122385991821
1.077,4.475,-33.3233871246042
1.077,4.48,-33.3342315817823
1.077,4.485,-33.344770565062
1.077,4.49,-33.3550027409204
1.077,4.495,-33.3649268485029
1.077,4.5,-33.3745417001063
1.077,4.505,-33.3838461816052
1.077,4.51,-33.3928392528236
1.077,4.515,-33.4015199478495
1.077,4.52,-33.4098873752936
1.077,4.525,-33.4179407184892
1.077,4.53,-33.4256792356368
1.077,4.535,-33.4331022598891
1.077,4.54,-33.4402091993803
1.077,4.545,-33.4469995371968
1.077,4.55,-33.4534728312905
1.077,4.555,-33.4596287143357
1.077,4.56,-33.4654668935286
1.077,4.565,-33.4709871503306
1.077,4.57,-33.4761893401559
1.077,4.575,-33.4810733920033
1.077,4.58,-33.4856393080342
1.077,4.585,-33.4898871630961
1.077,4.59,-33.4938171041937
1.077,4.595,-33.4974293499075
1.077,4.6,-33.500724189762
1.077,4.605,-33.5037019835433
1.077,4.61,-33.5063631605685
1.077,4.615,-33.5087082189075
1.077,4.62,-33.5107377245588
1.077,4.625,-33.5124523105798
1.077,4.63,-33.5138526761746
1.077,4.635,-33.5149395857391
1.077,4.64,-33.5157138678668
1.077,4.645,-33.5161764143142
1.077,4.65,-33.5163281789309
1.077,4.655,-33.5161701765527
1.077,4.66,-33.5157034818618
1.077,4.665,-33.5149292282148
1.077,4.67,-33.5138486064398
1.077,4.675,-33.5124628636062
1.077,4.68,-33.5107733017668
1.077,4.685,-33.5087812766754
1.077,4.69,-33.5064881964815
1.077,4.695,-33.5038955204037
1.077,4.7,-33.5010047573837
1.077,4.705,-33.4978174647231
1.077,4.71,-33.4943352467043
1.077,4.715,-33.4905597531977
1.077,4.72,-33.4864926782568
1.077,4.725,-33.4821357587036
1.077,4.73,-33.4774907727048
1.077,4.735,-33.4725595383422
1.077,4.74,-33.4673439121777
1.077,4.745,-33.4618457878155
1.077,4.75,-33.4560670944624
1.077,4.755,-33.4500097954888
1.077,4.76,-33.4436758869912
1.077,4.765,-33.4370673963576
1.077,4.77,-33.430186380839
1.077,4.775,-33.4230349261262
1.077,4.78,-33.4156151449348
1.077,4.785,-33.4079291755994
1.077,4.79,-33.3999791806786
1.077,4.795,-33.3917673455718
1.077,4.8,-33.3832958771486
1.077,4.805,-33.3745670023935
1.077,4.81,-33.3655829670655
1.077,4.815,-33.3563460343743
1.077,4.82,-33.3468584836743
1.077,4.825,-33.3371226091768
1.077,4.83,-33.3271407186829
1.077,4.835,-33.316915132335
1.077,4.84,-33.3064481813914
1.077,4.845,-33.2957422070216
1.077,4.85,-33.284799559125
1.077,4.855,-33.2736225951728
1.077,4.86,-33.2622136790736
1.077,4.865,-33.2505751800644
1.077,4.87,-33.2387094716255
1.077,4.875,-33.2266189304219
1.077,4.88,-33.2143059352703
1.077,4.885,-33.2017728661315
1.077,4.89,-33.1890221031311
1.077,4.895,-33.1760560256051
1.077,4.9,-33.1628770111742
1.077,4.905,-33.1494874348438
1.077,4.91,-33.1358896681325
1.077,4.915,-33.122086078227
1.077,4.92,-33.1080790271654
1.077,4.925,-33.0938708710468
1.077,4.93,-33.0794639592693
1.077,4.935,-33.0648606337943
1.077,4.94,-33.0500632284391
1.077,4.945,-33.0350740681952
1.077,4.95,-33.019895468575
1.077,4.955,-33.0045297349832
1.077,4.96,-32.9889791621167
1.077,4.965,-32.973246033389
1.077,4.97,-32.9573326203812
1.077,4.975,-32.9412411823182
1.077,4.98,-32.9249739655708
1.077,4.985,-32.9085332031812
1.077,4.99,-32.8919211144147
1.077,4.995,-32.8751399043337
1.077,5,-32.8581917633971
1.077,5.005,-32.841078867081
1.077,5.01,-32.8238033755238
1.077,5.015,-32.8063674331926
1.077,5.02,-32.7887731685719
1.077,5.025,-32.7710226938732
1.077,5.03,-32.7531181047658
1.077,5.035,-32.7350614801281
1.077,5.04,-32.7168548818177
1.077,5.045,-32.6985003544626
1.077,5.05,-32.6799999252694
1.077,5.055,-32.6613556038509
1.077,5.06,-32.6425693820709
1.077,5.065,-32.6236432339069
1.077,5.07,-32.6045791153285
1.077,5.075,-32.5853789641931
1.077,5.08,-32.5660447001561
1.077,5.085,-32.5465782245973
1.077,5.09,-32.5269814205613
1.077,5.095,-32.507256152712
1.077,5.1,-32.4874042673006
1.077,5.105,-32.4674275921473
1.077,5.11,-32.4473279366348
1.077,5.115,-32.4271070917139
1.077,5.12,-32.4067668299214
1.077,5.125,-32.3863089054078
1.077,5.13,-32.3657350539771
1.077,5.135,-32.3450469931353
1.077,5.14,-32.3242464221494
1.077,5.145,-32.303335022115
1.077,5.15,-32.2823144560335
1.077,5.155,-32.2611863688965
1.077,5.16,-32.2399523877787
1.077,5.165,-32.218614121938
1.077,5.17,-32.1971731629227
1.077,5.175,-32.1756310846854
1.077,5.18,-32.1539894437025
1.077,5.185,-32.1322497791007
1.077,5.19,-32.1104136127874
1.077,5.195,-32.0884824495875
1.077,5.2,-32.0664577773839
1.077,5.205,-32.0443410672633
1.077,5.21,-32.0221337736653
1.077,5.215,-31.9998373345354
1.077,5.22,-31.9774531714815
1.077,5.225,-31.9549826899331
1.077,5.23,-31.9324272793042
1.077,5.235,-31.9097883131574
1.077,5.24,-31.887067149371
1.077,5.245,-31.8642651303081
1.077,5.25,-31.841383582987
1.077,5.255,-31.8184238192533
1.077,5.26,-31.7953871359529
1.077,5.265,-31.7722748151065
1.077,5.27,-31.7490881240842
1.077,5.275,-31.7258283157813
1.077,5.28,-31.7024966287937
1.077,5.285,-31.6790942875943
1.077,5.29,-31.6556225027084
1.077,5.295,-31.6320824708901
1.077,5.3,-31.6084753752966
1.077,5.305,-31.5848023856642
1.077,5.31,-31.5610646584813
1.077,5.315,-31.5372633371624
1.077,5.32,-31.5133995522199
1.077,5.325,-31.4894744214357
1.077,5.33,-31.465489050031
1.077,5.335,-31.4414445308349
1.077,5.34,-31.417341944452
1.077,5.345,-31.3931823594275
1.077,5.35,-31.3689668324119
1.077,5.355,-31.344696408323
1.077,5.36,-31.3203721205067
1.077,5.365,-31.2959949908956
1.077,5.37,-31.2715660301661
1.077,5.375,-31.2470862378928
1.077,5.38,-31.2225566027017
1.077,5.385,-31.1979781024206
1.077,5.39,-31.1733517042278
1.077,5.395,-31.1486783647983
1.077,5.4,-31.1239590304484
1.077,5.405,-31.0991946372769
1.077,5.41,-31.0743861113053
1.077,5.415,-31.049534368615
1.077,5.42,-31.0246403154822
1.077,5.425,-30.9997048485103
1.077,5.43,-30.974728854761
1.077,5.435,-30.9497132118814
1.077,5.44,-30.9246587882303
1.077,5.445,-30.8995664430009
1.077,5.45,-30.8744370263421
1.077,5.455,-30.849271379477
1.077,5.46,-30.8240703348188
1.077,5.465,-30.798834716085
1.077,5.47,-30.7735653384086
1.077,5.475,-30.7482630084479
1.077,5.48,-30.7229285244928
1.077,5.485,-30.6975626765699
1.077,5.49,-30.6721662465447
1.077,5.495,-30.6467400082222
1.077,5.5,-30.6212847274442
1.077,5.505,-30.5958011621859
1.077,5.51,-30.570290062649
1.077,5.515,-30.5447521713538
1.077,5.52,-30.5191882232281
1.077,5.525,-30.4935989456952
1.077,5.53,-30.4679850587589
1.077,5.535,-30.4423472750873
1.077,5.54,-30.416686300094
1.077,5.545,-30.3910028320177
1.077,5.55,-30.3652975620001
1.077,5.555,-30.3395711741617
1.077,5.56,-30.3138243456755
1.077,5.565,-30.2880577468399
1.077,5.57,-30.2622720411487
1.077,5.575,-30.2364678853605
1.077,5.58,-30.2106459295656
1.077,5.585,-30.1848068172514
1.077,5.59,-30.1589511853673
1.077,5.595,-30.1330796643862
1.077,5.6,-30.1071928783664
1.077,5.605,-30.0812914450107
1.077,5.61,-30.0553759757247
1.077,5.615,-30.0294470756737
1.077,5.62,-30.0035053438382
1.077,5.625,-29.9775513730681
1.077,5.63,-29.9515857501354
1.077,5.635,-29.9256090557863
1.077,5.64,-29.8996218647916
1.077,5.645,-29.873624745996
1.077,5.65,-29.8476182623666
1.077,5.655,-29.82160297104
1.077,5.66,-29.795579423369
1.077,5.665,-29.7695481649669
1.077,5.67,-29.7435097357529
1.077,5.675,-29.7174646699944
1.077,5.68,-29.6914134963506
1.077,5.685,-29.6653567379129
1.077,5.69,-29.6392949122467
1.077,5.695,-29.6132285314311
1.077,5.7,-29.5871581020979
1.077,5.705,-29.5610841254704
1.077,5.71,-29.5350070974013
1.077,5.715,-29.5089275084098
1.077,5.72,-29.482845843718
1.077,5.725,-29.4567625832871
1.077,5.73,-29.4306782018527
1.077,5.735,-29.4045931689595
1.077,5.74,-29.3785079489957
1.077,5.745,-29.3524230012267
1.077,5.75,-29.3263387798285
1.077,5.755,-29.3002557339209
1.077,5.76,-29.2741743075991
1.077,5.765,-29.2480949399666
1.077,5.77,-29.2220180651665
1.077,5.775,-29.1959441124129
1.077,5.78,-29.1698735060218
1.077,5.785,-29.1438066654416
1.077,5.79,-29.117744005284
1.077,5.795,-29.0916859353536
1.077,5.8,-29.0656328606779
1.077,5.805,-29.0395851815367
1.077,5.81,-29.0135432934919
1.077,5.815,-28.9875075874163
1.077,5.82,-28.9614784495223
1.077,5.825,-28.9354562613916
1.077,5.83,-28.9094414000027
1.077,5.835,-28.8834342377602
1.077,5.84,-28.8574351425227
1.077,5.845,-28.8314444776311
1.077,5.85,-28.8054626019369
1.077,5.855,-28.7794898698298
1.077,5.86,-28.753526631266
1.077,5.865,-28.7275732317956
1.077,5.87,-28.7016300125908
1.077,5.875,-28.6756973104733
1.077,5.88,-28.6497754579421
1.077,5.885,-28.623864783201
1.077,5.89,-28.597965610186
1.077,5.895,-28.5720782585934
1.077,5.9,-28.5462030439065
1.077,5.905,-28.5203402774239
1.077,5.91,-28.4944902662865
1.077,5.915,-28.468653313505
1.077,5.92,-28.4428297179877
1.077,5.925,-28.4170197745677
1.077,5.93,-28.3912237740304
1.077,5.935,-28.3654420031414
1.077,5.94,-28.3396747446735
1.077,5.945,-28.3139222774347
1.077,5.95,-28.2881848762956
1.077,5.955,-28.2624628122169
1.077,5.96,-28.2367563522773
1.077,5.965,-28.2110657597012
1.077,5.97,-28.1853912938859
1.077,5.975,-28.15973321043
1.077,5.98,-28.1340917611608
1.077,5.985,-28.1084671941623
1.077,5.99,-28.0828597538028
1.077,5.995,-28.057269680763
1.077,6,-28.0316972120639
1.1,0.5,-58.4383005996912
1.1,0.505,-58.3401403556525
1.1,0.51,-58.2427021614245
1.1,0.515,-58.1459696612618
1.1,0.52,-58.0499269737433
1.1,0.525,-57.9545586741072
1.1,0.53,-57.8598497774122
1.1,0.535,-57.7657857224808
1.1,0.54,-57.6723523565795
1.1,0.545,-57.5795359207971
1.1,0.55,-57.4873230360831
1.1,0.555,-57.3957006899102
1.1,0.56,-57.3046562235284
1.1,0.565,-57.2141773197795
1.1,0.57,-57.1242519914417
1.1,0.575,-57.0348685700782
1.1,0.58,-56.9460156953631
1.1,0.585,-56.8576823048601
1.1,0.59,-56.7698576242315
1.1,0.595,-56.6825311578558
1.1,0.6,-56.5956926798332
1.1,0.605,-56.5093322253605
1.1,0.61,-56.4234400824563
1.1,0.615,-56.3380067840204
1.1,0.62,-56.2530231002109
1.1,0.625,-56.1684800311232
1.1,0.63,-56.0843687997577
1.1,0.635,-56.0006808452615
1.1,0.64,-55.9174078164315
1.1,0.645,-55.8345415654675
1.1,0.65,-55.7520741419621
1.1,0.655,-55.6699977871188
1.1,0.66,-55.5883049281854
1.1,0.665,-55.506988173095
1.1,0.67,-55.4260403053041
1.1,0.675,-55.3454542788195
1.1,0.68,-55.2652232134054
1.1,0.685,-55.1853403899629
1.1,0.69,-55.1057992460742
1.1,0.695,-55.0265933717047
1.1,0.7,-54.9477165050556
1.1,0.705,-54.8691625285612
1.1,0.71,-54.7909254650241
1.1,0.715,-54.7129994738833
1.1,0.72,-54.6353788476085
1.1,0.725,-54.5580580082162
1.1,0.73,-54.4810315039026
1.1,0.735,-54.4042940057875
1.1,0.74,-54.327840304766
1.1,0.745,-54.2516653084623
1.1,0.75,-54.1757640382827
1.1,0.755,-54.1001316265628
1.1,0.76,-54.0247633138058
1.1,0.765,-53.9496544460076
1.1,0.77,-53.8748004720666
1.1,0.775,-53.800196941273
1.1,0.78,-53.7258395008762
1.1,0.785,-53.6517238937261
1.1,0.79,-53.5778459559865
1.1,0.795,-53.5042016149168
1.1,0.8,-53.4307868867202
1.1,0.805,-53.3575978744552
1.1,0.81,-53.2846307660088
1.1,0.815,-53.2118818321289
1.1,0.82,-53.1393474245127
1.1,0.825,-53.0670239739506
1.1,0.83,-52.9949079885229
1.1,0.835,-52.9229960518466
1.1,0.84,-52.8512848213719
1.1,0.845,-52.7797710267256
1.1,0.85,-52.7084514681002
1.1,0.855,-52.6373230146869
1.1,0.86,-52.5663826031509
1.1,0.865,-52.4956272361479
1.1,0.87,-52.4250539808797
1.1,0.875,-52.3546599676884
1.1,0.88,-52.2844423886871
1.1,0.885,-52.2143984964263
1.1,0.89,-52.1445256025945
1.1,0.895,-52.0748210767525
1.1,0.9,-52.0052823450996
1.1,0.905,-51.9359068892704
1.1,0.91,-51.8666922451624
1.1,0.915,-51.797636001792
1.1,0.92,-51.7287358001794
1.1,0.925,-51.6599893322601
1.1,0.93,-51.5913943398225
1.1,0.935,-51.522948613472
1.1,0.94,-51.4546499916193
1.1,0.945,-51.3864963594921
1.1,0.95,-51.3184856481709
1.1,0.955,-51.2506158336471
1.1,0.96,-51.1828849359023
1.1,0.965,-51.1152910180096
1.1,0.97,-51.0478321852547
1.1,0.975,-50.9805065842779
1.1,0.98,-50.9133124022337
1.1,0.985,-50.8462478659711
1.1,0.99,-50.779311241231
1.1,0.995,-50.7125008318615
1.1,1,-50.6458149790503
1.1,1.005,-50.5792520605741
1.1,1.01,-50.5128104900641
1.1,1.015,-50.446488716287
1.1,1.02,-50.3802852224417
1.1,1.025,-50.314198525471
1.1,1.03,-50.2482271753873
1.1,1.035,-50.1823697546131
1.1,1.04,-50.1166248773347
1.1,1.045,-50.0509911888695
1.1,1.05,-49.9854673650466
1.1,1.055,-49.9200521115997
1.1,1.06,-49.8547441635726
1.1,1.065,-49.7895422847366
1.1,1.07,-49.7244452670202
1.1,1.075,-49.6594519299492
1.1,1.08,-49.5945611200992
1.1,1.085,-49.5297717105583
1.1,1.09,-49.4650826004003
1.1,1.095,-49.4004927141692
1.1,1.1,-49.3360010013725
1.1,1.105,-49.2716064359858
1.1,1.11,-49.2073080159658
1.1,1.115,-49.1431047627739
1.1,1.12,-49.0789957209082
1.1,1.125,-49.0149799574446
1.1,1.13,-48.9510565615874
1.1,1.135,-48.8872246442276
1.1,1.14,-48.8234833375105
1.1,1.145,-48.7598317944104
1.1,1.15,-48.6962691883149
1.1,1.155,-48.6327947126157
1.1,1.16,-48.5694075803078
1.1,1.165,-48.5061070235963
1.1,1.17,-48.4428922935103
1.1,1.175,-48.3797626595239
1.1,1.18,-48.3167174091853
1.1,1.185,-48.2537558477514
1.1,1.19,-48.1908772978302
1.1,1.195,-48.1280810990296
1.1,1.2,-48.0653666076128
1.1,1.205,-48.00273319616
1.1,1.21,-47.9401802532362
1.1,1.215,-47.8777071830657
1.1,1.22,-47.8153134052121
1.1,1.225,-47.7529983542647
1.1,1.23,-47.69076147953
1.1,1.235,-47.6286022447298
1.1,1.24,-47.5665201277042
1.1,1.245,-47.5045146201202
1.1,1.25,-47.4425852271861
1.1,1.255,-47.3807314673709
1.1,1.26,-47.3189528721284
1.1,1.265,-47.2572489856274
1.1,1.27,-47.1956193644861
1.1,1.275,-47.1340635775117
1.1,1.28,-47.0725812054449
1.1,1.285,-47.0111718407087
1.1,1.29,-46.9498350871629
1.1,1.295,-46.8885705598613
1.1,1.3,-46.8273778848158
1.1,1.305,-46.7662566987625
1.1,1.31,-46.7052066489342
1.1,1.315,-46.6442273928355
1.1,1.32,-46.5833185980234
1.1,1.325,-46.5224799418907
1.1,1.33,-46.4617111114549
1.1,1.335,-46.4010118031499
1.1,1.34,-46.3403817226219
1.1,1.345,-46.2798205845297
1.1,1.35,-46.2193281123478
1.1,1.355,-46.158904038174
1.1,1.36,-46.0985481025404
1.1,1.365,-46.0382600542278
1.1,1.37,-45.9780396500838
1.1,1.375,-45.9178866548443
1.1,1.38,-45.8578008409584
1.1,1.385,-45.7977819884167
1.1,1.39,-45.7378298845829
1.1,1.395,-45.6779443240284
1.1,1.4,-45.6181251083704
1.1,1.405,-45.5583720461129
1.1,1.41,-45.498684952491
1.1,1.415,-45.4390636493178
1.1,1.42,-45.3795079648347
1.1,1.425,-45.3200177335644
1.1,1.43,-45.2605927961672
1.1,1.435,-45.2012329992989
1.1,1.44,-45.1419381954732
1.1,1.445,-45.0827082429256
1.1,1.45,-45.0235430054802
1.1,1.455,-44.9644423524193
1.1,1.46,-44.9054061583561
1.1,1.465,-44.8464343031086
1.1,1.47,-44.7875266715773
1.1,1.475,-44.7286831536249
1.1,1.48,-44.6699036439582
1.1,1.485,-44.6111880420129
1.1,1.49,-44.5525362518401
1.1,1.495,-44.4939481819954
1.1,1.5,-44.4354237454307
1.1,1.505,-44.3769628593877
1.1,1.51,-44.3185654452931
1.1,1.515,-44.2602314286575
1.1,1.52,-44.2019607389747
1.1,1.525,-44.1437533096243
1.1,1.53,-44.0856090777757
1.1,1.535,-44.027527984294
1.1,1.54,-43.9695099736489
1.1,1.545,-43.9115549938237
1.1,1.55,-43.8536629962285
1.1,1.555,-43.795833935613
1.1,1.56,-43.7380677699828
1.1,1.565,-43.6803644605167
1.1,1.57,-43.6227239714857
1.1,1.575,-43.5651462701747
1.1,1.58,-43.5076313268043
1.1,1.585,-43.450179114456
1.1,1.59,-43.3927896089976
1.1,1.595,-43.3354627890112
1.1,1.6,-43.2781986357223
1.1,1.605,-43.2209971329308
1.1,1.61,-43.1638582669431
1.1,1.615,-43.1067820265058
1.1,1.62,-43.0497684027416
1.1,1.625,-42.9928173890853
1.1,1.63,-42.9359289812227
1.1,1.635,-42.8791031770297
1.1,1.64,-42.8223399765134
1.1,1.645,-42.7656393817545
1.1,1.65,-42.7090013968507
1.1,1.655,-42.6524260278619
1.1,1.66,-42.5959132827562
1.1,1.665,-42.5394631713575
1.1,1.67,-42.4830757052938
1.1,1.675,-42.4267508979475
1.1,1.68,-42.3704887644065
1.1,1.685,-42.3142893214157
1.1,1.69,-42.2581525873311
1.1,1.695,-42.202078582074
1.1,1.7,-42.1460673270865
1.1,1.705,-42.0901188452878
1.1,1.71,-42.0342331610327
1.1,1.715,-41.9784103000694
1.1,1.72,-41.9226502894996
1.1,1.725,-41.8669531577392
1.1,1.73,-41.8113189344798
1.1,1.735,-41.7557476506516
1.1,1.74,-41.7002393383866
1.1,1.745,-41.6447940309831
1.1,1.75,-41.5894117628713
1.1,1.755,-41.5340925695791
1.1,1.76,-41.4788364876995
1.1,1.765,-41.4236435548585
1.1,1.77,-41.3685138096836
1.1,1.775,-41.3134472917736
1.1,1.78,-41.2584440416688
1.1,1.785,-41.203504100822
1.1,1.79,-41.1486275115707
1.1,1.795,-41.0938143171094
1.1,1.8,-41.0390645614629
1.1,1.805,-40.9843782894606
1.1,1.81,-40.9297555467111
1.1,1.815,-40.8751963795775
1.1,1.82,-40.8207008351539
1.1,1.825,-40.7662689612415
1.1,1.83,-40.7119008063265
1.1,1.835,-40.6575964195578
1.1,1.84,-40.6033558507259
1.1,1.845,-40.5491791502418
1.1,1.85,-40.4950663691169
1.1,1.855,-40.4410175589436
1.1,1.86,-40.3870327718757
1.1,1.865,-40.3331120606104
1.1,1.87,-40.2792554783701
1.1,1.875,-40.2254630788849
1.1,1.88,-40.1717349163754
1.1,1.885,-40.118071045537
1.1,1.89,-40.0644715215229
1.1,1.895,-40.0109363999294
1.1,1.9,-39.9574657367806
1.1,1.905,-39.9040595885137
1.1,1.91,-39.850718011965
1.1,1.915,-39.7974410643562
1.1,1.92,-39.7442288032811
1.1,1.925,-39.6910812866929
1.1,1.93,-39.6379985728913
1.1,1.935,-39.5849807205111
1.1,1.94,-39.5320277885097
1.1,1.945,-39.4791398361568
1.1,1.95,-39.4263169230225
1.1,1.955,-39.3735591089675
1.1,1.96,-39.3208664541322
1.1,1.965,-39.2682390189276
1.1,1.97,-39.215676864025
1.1,1.975,-39.1631800503472
1.1,1.98,-39.1107486390595
1.1,1.985,-39.0583826915611
1.1,1.99,-39.0060822694768
1.1,1.995,-38.9538474346492
1.1,2,-38.9016782491305
1.1,2.005,-38.8495747751756
1.1,2.01,-38.7975370752345
1.1,2.015,-38.7455652119459
1.1,2.02,-38.6936592481299
1.1,2.025,-38.6418192467824
1.1,2.03,-38.5900452710681
1.1,2.035,-38.5383373843155
1.1,2.04,-38.4866956500103
1.1,2.045,-38.4351201317909
1.1,2.05,-38.3836108934423
1.1,2.055,-38.3321679988917
1.1,2.06,-38.2807915122035
1.1,2.065,-38.2294814975747
1.1,2.07,-38.1782380193303
1.1,2.075,-38.1270611419196
1.1,2.08,-38.0759509299116
1.1,2.085,-38.0249074479916
1.1,2.09,-37.9739307609573
1.1,2.095,-37.9230209337154
1.1,2.1,-37.8721780312782
1.1,2.105,-37.8214021187605
1.1,2.11,-37.7706932613767
1.1,2.115,-37.7200515244377
1.1,2.12,-37.6694769733484
1.1,2.125,-37.6189696736052
1.1,2.13,-37.5685296907932
1.1,2.135,-37.5181570905845
1.1,2.14,-37.4678519387354
1.1,2.145,-37.4176143010849
1.1,2.15,-37.3674442435527
1.1,2.155,-37.3173418321372
1.1,2.16,-37.2673071329141
1.1,2.165,-37.2173402120346
1.1,2.17,-37.1674411357242
1.1,2.175,-37.1176099702813
1.1,2.18,-37.0678467820759
1.1,2.185,-37.0181516375486
1.1,2.19,-36.9685246032094
1.1,2.195,-36.9189657456371
1.1,2.2,-36.8694751314779
1.1,2.205,-36.8200528274452
1.1,2.21,-36.7706989003186
1.1,2.215,-36.7214134169436
1.1,2.22,-36.6721964442306
1.1,2.225,-36.6230480491551
1.1,2.23,-36.5739682987568
1.1,2.235,-36.5249572601397
1.1,2.24,-36.4760150004715
1.1,2.245,-36.4271415869839
1.1,2.25,-36.3783370869723
1.1,2.255,-36.3296015677956
1.1,2.26,-36.2809350968765
1.1,2.265,-36.2323377417016
1.1,2.27,-36.1838095698213
1.1,2.275,-36.1353506488504
1.1,2.28,-36.0869610464678
1.1,2.285,-36.0386408304176
1.1,2.29,-35.9903900685085
1.1,2.295,-35.9422088286153
1.1,2.3,-35.8940971786782
1.1,2.305,-35.8460551867043
1.1,2.31,-35.7980829207674
1.1,2.315,-35.7501804490091
1.1,2.32,-35.702347839639
1.1,2.325,-35.6545851609357
1.1,2.33,-35.6068924812472
1.1,2.335,-35.5592698689919
1.1,2.34,-35.511717392659
1.1,2.345,-35.4642351208096
1.1,2.35,-35.4168231220776
1.1,2.355,-35.3694814651698
1.1,2.36,-35.322210218868
1.1,2.365,-35.2750094520287
1.1,2.37,-35.2278792335846
1.1,2.375,-35.1808196325458
1.1,2.38,-35.1338307180001
1.1,2.385,-35.0869125591145
1.1,2.39,-35.0400652251359
1.1,2.395,-34.9932887853925
1.1,2.4,-34.9465833092945
1.1,2.405,-34.8999488663352
1.1,2.41,-34.8533855260923
1.1,2.415,-34.806893358229
1.1,2.42,-34.7604724324946
1.1,2.425,-34.7141228187264
1.1,2.43,-34.6678445868502
1.1,2.435,-34.621637806882
1.1,2.44,-34.5755025489286
1.1,2.445,-34.5294388831892
1.1,2.45,-34.4834468799565
1.1,2.455,-34.4375266096178
1.1,2.46,-34.3916781426561
1.1,2.465,-34.3459015496519
1.1,2.47,-34.3001969012835
1.1,2.475,-34.2545642683291
1.1,2.48,-34.2090037216676
1.1,2.485,-34.1635153322799
1.1,2.49,-34.1180991712501
1.1,2.495,-34.0727553097669
1.1,2.5,-34.0274838191249
1.1,2.505,-33.9822847707256
1.1,2.51,-33.9371582360789
1.1,2.515,-33.8921042868043
1.1,2.52,-33.8471229946322
1.1,2.525,-33.8022144314052
1.1,2.53,-33.7573786690793
1.1,2.535,-33.7126157797252
1.1,2.54,-33.6679258355295
1.1,2.545,-33.6233089087964
1.1,2.55,-33.5787650719484
1.1,2.555,-33.534294397528
1.1,2.56,-33.4898969581987
1.1,2.565,-33.4455728267465
1.1,2.57,-33.4013220760812
1.1,2.575,-33.3571447792375
1.1,2.58,-33.3130410093762
1.1,2.585,-33.269010839786
1.1,2.59,-33.2250543438841
1.1,2.595,-33.181171595218
1.1,2.6,-33.1373626674662
1.1,2.605,-33.0936276344403
1.1,2.61,-33.0499665700855
1.1,2.615,-33.006379548482
1.1,2.62,-32.9628666438466
1.1,2.625,-32.9194279305338
1.1,2.63,-32.8760634830367
1.1,2.635,-32.8327733759887
1.1,2.64,-32.7895576841644
1.1,2.645,-32.7464164824811
1.1,2.65,-32.7033498459998
1.1,2.655,-32.6603578499265
1.1,2.66,-32.6174405696135
1.1,2.665,-32.5745980805603
1.1,2.67,-32.5318304584152
1.1,2.675,-32.489137778976
1.1,2.68,-32.4465201181918
1.1,2.685,-32.4039775521634
1.1,2.69,-32.3615101571453
1.1,2.695,-32.319118009546
1.1,2.7,-32.2768011859299
1.1,2.705,-32.234559763018
1.1,2.71,-32.1923938176888
1.1,2.715,-32.1503034269802
1.1,2.72,-32.1082886680899
1.1,2.725,-32.0663496183765
1.1,2.73,-32.0244863553611
1.1,2.735,-31.9826989567279
1.1,2.74,-31.9409875003253
1.1,2.745,-31.8993520641673
1.1,2.75,-31.857792726434
1.1,2.755,-31.816309565473
1.1,2.76,-31.7749026598002
1.1,2.765,-31.7335720881011
1.1,2.77,-31.6923179292311
1.1,2.775,-31.6511402622174
1.1,2.78,-31.6100391662591
1.1,2.785,-31.5690147207285
1.1,2.79,-31.528067005172
1.1,2.795,-31.487196099311
1.1,2.8,-31.4464020830427
1.1,2.805,-31.4056850364411
1.1,2.81,-31.3650450397576
1.1,2.815,-31.324482173422
1.1,2.82,-31.2839965180433
1.1,2.825,-31.2435881544103
1.1,2.83,-31.2032571634928
1.1,2.835,-31.1630036264417
1.1,2.84,-31.1228276245903
1.1,2.845,-31.0827292394548
1.1,2.85,-31.0427085527349
1.1,2.855,-31.0027656463142
1.1,2.86,-30.9629006022617
1.1,2.865,-30.9231135028313
1.1,2.87,-30.8834044304634
1.1,2.875,-30.8437734677845
1.1,2.88,-30.8042206976086
1.1,2.885,-30.7647462029371
1.1,2.89,-30.7253500669596
1.1,2.895,-30.6860323730541
1.1,2.9,-30.6467932047877
1.1,2.905,-30.6076326459168
1.1,2.91,-30.5685507803875
1.1,2.915,-30.5295476923359
1.1,2.92,-30.4906234660885
1.1,2.925,-30.4517781861624
1.1,2.93,-30.4130119372656
1.1,2.935,-30.3743248042969
1.1,2.94,-30.3357168723465
1.1,2.945,-30.2971882266959
1.1,2.95,-30.2587389528181
1.1,2.955,-30.2203691363773
1.1,2.96,-30.1820788632296
1.1,2.965,-30.1438682194221
1.1,2.97,-30.1057372911938
1.1,2.975,-30.0676861649747
1.1,2.98,-30.0297149273861
1.1,2.985,-29.9918236652401
1.1,2.99,-29.9540124655398
1.1,2.995,-29.9162814154788
1.1,3,-29.8786306024406
1.1,3.005,-29.8410601139987
1.1,3.01,-29.803570037916
1.1,3.015,-29.7661604621444
1.1,3.02,-29.728831474824
1.1,3.025,-29.691583164283
1.1,3.03,-29.6544156190368
1.1,3.035,-29.6173289277874
1.1,3.04,-29.5803231794228
1.1,3.045,-29.5433984630159
1.1,3.05,-29.5065548678241
1.1,3.055,-29.4697924832883
1.1,3.06,-29.4331113990318
1.1,3.065,-29.3965117048593
1.1,3.07,-29.3599934907562
1.1,3.075,-29.323556846887
1.1,3.08,-29.2872018635947
1.1,3.085,-29.2509286313989
1.1,3.09,-29.214737240995
1.1,3.095,-29.1786277832528
1.1,3.1,-29.1426003492148
1.1,3.105,-29.1066550300947
1.1,3.11,-29.0707919172764
1.1,3.115,-29.0350111023115
1.1,3.12,-28.9993126769185
1.1,3.125,-28.9636967329802
1.1,3.13,-28.9281633625423
1.1,3.135,-28.8927126578117
1.1,3.14,-28.8573447111538
1.1,3.145,-28.8220596150911
1.1,3.15,-28.7868574623006
1.1,3.155,-28.751738345612
1.1,3.16,-28.7167023580048
1.1,3.165,-28.6817495926065
1.1,3.17,-28.6468801426898
1.1,3.175,-28.6120941016701
1.1,3.18,-28.5773915631029
1.1,3.185,-28.5427726206811
1.1,3.19,-28.508237368232
1.1,3.195,-28.4737858997146
1.1,3.2,-28.4394183092166
1.1,3.205,-28.4051346909511
1.1,3.21,-28.3709351392539
1.1,3.215,-28.3368197485795
1.1,3.22,-28.3027886134985
1.1,3.225,-28.2688418286935
1.1,3.23,-28.2349794889562
1.1,3.235,-28.2012016891831
1.1,3.24,-28.1675085243722
1.1,3.245,-28.1339000896189
1.1,3.25,-28.1003764801122
1.1,3.255,-28.0669377911305
1.1,3.26,-28.0335841180378
1.1,3.265,-28.0003155562789
1.1,3.27,-27.9671322013754
1.1,3.275,-27.9340341489211
1.1,3.28,-27.9010214945776
1.1,3.285,-27.8680943340693
1.1,3.29,-27.8352527631787
1.1,3.295,-27.8024968777418
1.1,3.3,-27.7698267736427
1.1,3.305,-27.7372425468086
1.1,3.31,-27.7047442932043
1.1,3.315,-27.6723321088276
1.1,3.32,-27.6400060897028
1.1,3.325,-27.6077663318759
1.1,3.33,-27.5756129314082
1.1,3.335,-27.5435459843714
1.1,3.34,-27.5115655868405
1.1,3.345,-27.4796718348886
1.1,3.35,-27.4478648245805
1.1,3.355,-27.416144651966
1.1,3.36,-27.3845114130738
1.1,3.365,-27.352965203905
1.1,3.37,-27.3215061204261
1.1,3.375,-27.2901342585624
1.1,3.38,-27.2588497141911
1.1,3.385,-27.2276525831339
1.1,3.39,-27.1965429611501
1.1,3.395,-27.1655209439293
1.1,3.4,-27.1345866270836
1.1,3.405,-27.1037401061403
1.1,3.41,-27.0729814765342
1.1,3.415,-27.0423108335995
1.1,3.42,-27.011728272562
1.1,3.425,-26.9812338885309
1.1,3.43,-26.9508277764907
1.1,3.435,-26.9205100312926
1.1,3.44,-26.8902807476461
1.1,3.445,-26.8601400201102
1.1,3.45,-26.8300879430851
1.1,3.455,-26.8001246108025
1.1,3.46,-26.7702501173172
1.1,3.465,-26.7404645564976
1.1,3.47,-26.7107680220165
1.1,3.475,-26.6811606073416
1.1,3.48,-26.6516424057257
1.1,3.485,-26.6222135101973
1.1,3.49,-26.5928740135507
1.1,3.495,-26.5636240083356
1.1,3.5,-26.5344635868475
1.1,3.505,-26.505392841117
1.1,3.51,-26.4764118628997
1.1,3.515,-26.4475207436652
1.1,3.52,-26.4187195745872
1.1,3.525,-26.3900084465317
1.1,3.53,-26.3613874500471
1.1,3.535,-26.3328566753521
1.1,3.54,-26.3044162123252
1.1,3.545,-26.2760661504931
1.1,3.55,-26.2478065790192
1.1,3.555,-26.219637586692
1.1,3.56,-26.1915592619134
1.1,3.565,-26.1635716926867
1.1,3.57,-26.1356749666049
1.1,3.575,-26.1078691708381
1.1,3.58,-26.0801543921216
1.1,3.585,-26.0525307167434
1.1,3.59,-26.0249982305316
1.1,3.595,-25.9975570188418
1.1,3.6,-25.9702071665445
1.1,3.605,-25.942948758012
1.1,3.61,-25.9157818771053
1.1,3.615,-25.8887066071612
1.1,3.62,-25.8617230309791
1.1,3.625,-25.8348312308071
1.1,3.63,-25.8080312883292
1.1,3.635,-25.7813232846512
1.1,3.64,-25.7547073002872
1.1,3.645,-25.7281834151457
1.1,3.65,-25.7017517085155
1.1,3.655,-25.6754122590518
1.1,3.66,-25.6491651447623
1.1,3.665,-25.6230104429922
1.1,3.67,-25.5969482304105
1.1,3.675,-25.5709785829953
1.1,3.68,-25.545101576019
1.1,3.685,-25.5193172840338
1.1,3.69,-25.4936257808571
1.1,3.695,-25.4680271395562
1.1,3.7,-25.4425214324336
1.1,3.705,-25.4171087310121
1.1,3.71,-25.3917891060191
1.1,3.715,-25.3665626273719
1.1,3.72,-25.3414293641621
1.1,3.725,-25.3163893846405
1.1,3.73,-25.2914427562009
1.1,3.735,-25.2665895453655
1.1,3.74,-25.2418298177686
1.1,3.745,-25.217163638141
1.1,3.75,-25.1925910702944
1.1,3.755,-25.1681121771054
1.1,3.76,-25.1437270204999
1.1,3.765,-25.1194356614366
1.1,3.77,-25.0952381598913
1.1,3.775,-25.0711345748409
1.1,3.78,-25.0471249642471
1.1,3.785,-25.0232093850404
1.1,3.79,-24.9993878931034
1.1,3.795,-24.9756605432554
1.1,3.8,-24.9520273892351
1.1,3.805,-24.928488483685
1.1,3.81,-24.9050438781347
1.1,3.815,-24.8816936229845
1.1,3.82,-24.858437767489
1.1,3.825,-24.8352763597407
1.1,3.83,-24.8122094466535
1.1,3.835,-24.7892370739461
1.1,3.84,-24.7663592861257
1.1,3.845,-24.7435761264713
1.1,3.85,-24.7208876370172
1.1,3.855,-24.6982938585367
1.1,3.86,-24.6757948305252
1.1,3.865,-24.6533905911841
1.1,3.87,-24.631081177404
1.1,3.875,-24.6088666247483
1.1,3.88,-24.5867469674369
1.1,3.885,-24.5647222383293
1.1,3.89,-24.5427924689087
1.1,3.895,-24.5209576892653
1.1,3.9,-24.4992179280801
1.1,3.905,-24.4775732126083
1.1,3.91,-24.4560235686633
1.1,3.915,-24.4345690206004
1.1,3.92,-24.4132095913006
1.1,3.925,-24.3919453021543
1.1,3.93,-24.3707761730453
1.1,3.935,-24.3497022223352
1.1,3.94,-24.3287234668467
1.1,3.945,-24.3078399218482
1.1,3.95,-24.287051601038
1.1,3.955,-24.2663585165284
1.1,3.96,-24.2457606788301
1.1,3.965,-24.2252580968366
1.1,3.97,-24.2048507778089
1.1,3.975,-24.1845387273599
1.1,3.98,-24.1643219494394
1.1,3.985,-24.1442004463186
1.1,3.99,-24.1241742185752
1.1,3.995,-24.1042432650785
1.1,4,-24.0844075829745
1.1,4.005,-24.0646671676712
1.1,4.01,-24.045022012824
1.1,4.015,-24.0254721103212
1.1,4.02,-24.0060174502697
1.1,4.025,-23.9866580209811
1.1,4.03,-23.9673938089569
1.1,4.035,-23.9482247988754
1.1,4.04,-23.9291509735776
1.1,4.045,-23.9101723140536
1.1,4.05,-23.8912887994291
1.1,4.055,-23.8725004069522
1.1,4.06,-23.8538071119804
1.1,4.065,-23.8352088879676
1.1,4.07,-23.8167057064511
1.1,4.075,-23.7982975370393
1.1,4.08,-23.7799843473993
1.1,4.085,-23.7617661032445
1.1,4.09,-23.7436427683226
1.1,4.095,-23.7256143044039
1.1,4.1,-23.7076806712696
1.1,4.105,-23.6898418267003
1.1,4.11,-23.672097726465
1.1,4.115,-23.6544483243097
1.1,4.12,-23.6368935719469
1.1,4.125,-23.6194334190452
1.1,4.13,-23.6020678132182
1.1,4.135,-23.5847967000152
1.1,4.14,-23.5676200229108
1.1,4.145,-23.5505377232953
1.1,4.15,-23.5335497404654
1.1,4.155,-23.5166560116148
1.1,4.16,-23.4998564718254
1.1,4.165,-23.4831510540585
1.1,4.17,-23.4665396891462
1.1,4.175,-23.4500223057834
1.1,4.18,-23.4335988305197
1.1,4.185,-23.4172691877518
1.1,4.19,-23.4010332997158
1.1,4.195,-23.3848910864804
1.1,4.2,-23.3688424659395
1.1,4.205,-23.352887353806
1.1,4.21,-23.3370256636049
1.1,4.215,-23.3212573066679
1.1,4.22,-23.3055821921269
1.1,4.225,-23.2900002269086
1.1,4.23,-23.2745113157294
1.1,4.235,-23.2591153610904
1.1,4.24,-23.2438122632726
1.1,4.245,-23.2286019203322
1.1,4.25,-23.213484228097
1.1,4.255,-23.1984590801622
1.1,4.26,-23.1835263678869
1.1,4.265,-23.1686859803908
1.1,4.27,-23.1539378045516
1.1,4.275,-23.1392817250016
1.1,4.28,-23.1247176241262
1.1,4.285,-23.110245382061
1.1,4.29,-23.0958648766909
1.1,4.295,-23.0815759836477
1.1,4.3,-23.0673785763099
1.1,4.305,-23.053272525801
1.1,4.31,-23.0392577009894
1.1,4.315,-23.0253339684884
1.1,4.32,-23.0115011926555
1.1,4.325,-22.9977592355936
1.1,4.33,-22.9841079571513
1.1,4.335,-22.9705472149236
1.1,4.34,-22.9570768642541
1.1,4.345,-22.9436967582355
1.1,4.35,-22.9304067477125
1.1,4.355,-22.9172066812834
1.1,4.36,-22.904096405303
1.1,4.365,-22.8910757638854
1.1,4.37,-22.878144598907
1.1,4.375,-22.8653027500102
1.1,4.38,-22.852550054607
1.1,4.385,-22.8398863478834
1.1,4.39,-22.8273114628034
1.1,4.395,-22.8148252301142
1.1,4.4,-22.8024274783508
1.1,4.405,-22.7901180338416
1.1,4.41,-22.7778967207139
1.1,4.415,-22.7657633609001
1.1,4.42,-22.7537177741435
1.1,4.425,-22.7417597780053
1.1,4.43,-22.7298891878714
1.1,4.435,-22.7181058169592
1.1,4.44,-22.7064094763255
1.1,4.445,-22.694799974874
1.1,4.45,-22.6832771193633
1.1,4.455,-22.6718407144156
1.1,4.46,-22.660490562525
1.1,4.465,-22.6492264640666
1.1,4.47,-22.6380482173055
1.1,4.475,-22.6269556184065
1.1,4.48,-22.6159484614441
1.1,4.485,-22.605026538412
1.1,4.49,-22.5941896392339
1.1,4.495,-22.5834375517742
1.1,4.5,-22.5727700618484
1.1,4.505,-22.5621869532347
1.1,4.51,-22.5516880076856
1.1,4.515,-22.5412730049389
1.1,4.52,-22.5309417227305
1.1,4.525,-22.5206939368062
1.1,4.53,-22.5105294209341
1.1,4.535,-22.5004479469178
1.1,4.54,-22.4904492846089
1.1,4.545,-22.4805332019209
1.1,4.55,-22.4706994648418
1.1,4.555,-22.4609478374488
1.1,4.56,-22.4512780819218
1.1,4.565,-22.4416899585574
1.1,4.57,-22.432183225784
1.1,4.575,-22.4227576401759
1.1,4.58,-22.4134129564688
1.1,4.585,-22.4041489275743
1.1,4.59,-22.3949653045957
1.1,4.595,-22.3858618368434
1.1,4.6,-22.3768382718509
1.1,4.605,-22.3678943553906
1.1,4.61,-22.3590298314899
1.1,4.615,-22.3502444424479
1.1,4.62,-22.3415379288518
1.1,4.625,-22.3329100295939
1.1,4.63,-22.3243604818883
1.1,4.635,-22.3158890212883
1.1,4.64,-22.3074953817036
1.1,4.645,-22.2991792954178
1.1,4.65,-22.2909404931065
1.1,4.655,-22.2827787038546
1.1,4.66,-22.2746936551746
1.1,4.665,-22.266685073025
1.1,4.67,-22.2587526818282
1.1,4.675,-22.2508962044894
1.1,4.68,-22.2431153624151
1.1,4.685,-22.2354098755317
1.1,4.69,-22.2277794623049
1.1,4.695,-22.2202238397584
1.1,4.7,-22.2127427234929
1.1,4.705,-22.2053358277062
1.1,4.71,-22.1980028652119
1.1,4.715,-22.190743547459
1.1,4.72,-22.1835575845523
1.1,4.725,-22.1764446852713
1.1,4.73,-22.1694045570906
1.1,4.735,-22.1624369061998
1.1,4.74,-22.1555414375234
1.1,4.745,-22.1487178547413
1.1,4.75,-22.1419658603088
1.1,4.755,-22.135285155477
1.1,4.76,-22.1286754403133
1.1,4.765,-22.122136413722
1.1,4.77,-22.1156677734644
1.1,4.775,-22.1092692161799
1.1,4.78,-22.1029404374066
1.1,4.785,-22.0966811316021
1.1,4.79,-22.0904909921638
1.1,4.795,-22.0843697114504
1.1,4.8,-22.0783169808027
1.1,4.805,-22.072332490564
1.1,4.81,-22.0664159301015
1.1,4.815,-22.0605669878276
1.1,4.82,-22.05478535122
1.1,4.825,-22.0490707068436
1.1,4.83,-22.0434227403713
1.1,4.835,-22.0378411366048
1.1,4.84,-22.0323255794961
1.1,4.845,-22.0268757521685
1.1,4.85,-22.0214913369373
1.1,4.855,-22.0161720153315
1.1,4.86,-22.0109174681145
1.1,4.865,-22.0057273753051
1.1,4.87,-22.0006014161991
1.1,4.875,-21.9955392693898
1.1,4.88,-21.990540612789
1.1,4.885,-21.9856051236487
1.1,4.89,-21.9807324785811
1.1,4.895,-21.9759223535803
1.1,4.9,-21.9711744240429
1.1,4.905,-21.9664883647889
1.1,4.91,-21.9618638500824
1.1,4.915,-21.9573005536528
1.1,4.92,-21.9527981487148
1.1,4.925,-21.9483563079898
1.1,4.93,-21.943974703726
1.1,4.935,-21.9396530077194
1.1,4.94,-21.9353908913338
1.1,4.945,-21.9311880255217
1.1,4.95,-21.9270440808441
1.1,4.955,-21.9229587274913
1.1,4.96,-21.918931635303
1.1,4.965,-21.9149624737881
1.1,4.97,-21.9110509121451
1.1,4.975,-21.9071966192819
1.1,4.98,-21.9033992638356
1.1,4.985,-21.8996585141924
1.1,4.99,-21.8959740385073
1.1,4.995,-21.8923455047236
1.1,5,-21.8887725805923
1.1,5.005,-21.8852549336918
1.1,5.01,-21.8817922314467
1.1,5.015,-21.8783841411476
1.1,5.02,-21.8750303299695
1.1,5.025,-21.8717304649911
1.1,5.03,-21.8684842132138
1.1,5.035,-21.86529124158
1.1,5.04,-21.862151216992
1.1,5.045,-21.8590638063304
1.1,5.05,-21.8560286764724
1.1,5.055,-21.8530454943101
1.1,5.06,-21.8501139267687
1.1,5.065,-21.8472336408243
1.1,5.07,-21.8444043035216
1.1,5.075,-21.8416255819921
1.1,5.08,-21.8388971434713
1.1,5.085,-21.8362186553162
1.1,5.09,-21.8335897850226
1.1,5.095,-21.8310102002424
1.1,5.1,-21.8284795688004
1.1,5.105,-21.8259975587114
1.1,5.11,-21.8235638381966
1.1,5.115,-21.8211780757007
1.1,5.12,-21.8188399399079
1.1,5.125,-21.8165490997582
1.1,5.13,-21.814305224464
1.1,5.135,-21.8121079835253
1.1,5.14,-21.8099570467465
1.1,5.145,-21.8078520842511
1.1,5.15,-21.805792766498
1.1,5.155,-21.8037787642966
1.1,5.16,-21.8018097488217
1.1,5.165,-21.7998853916291
1.1,5.17,-21.7980053646701
1.1,5.175,-21.7961693403064
1.1,5.18,-21.7943769913249
1.1,5.185,-21.7926279909514
1.1,5.19,-21.7909220128658
1.1,5.195,-21.7892587312154
1.1,5.2,-21.7876378206294
1.1,5.205,-21.7860589562322
1.1,5.21,-21.7845218136573
1.1,5.215,-21.7830260690609
1.1,5.22,-21.7815713991347
1.1,5.225,-21.7801574811192
1.1,5.23,-21.7787839928169
1.1,5.235,-21.7774506126049
1.1,5.24,-21.7761570194473
1.1,5.245,-21.774902892908
1.1,5.25,-21.7736879131628
1.1,5.255,-21.7725117610114
1.1,5.26,-21.7713741178898
1.1,5.265,-21.7702746658815
1.1,5.27,-21.7692130877296
1.1,5.275,-21.7681890668478
1.1,5.28,-21.767202287332
1.1,5.285,-21.7662524339716
1.1,5.29,-21.7653391922599
1.1,5.295,-21.7644622484053
1.1,5.3,-21.7636212893418
1.1,5.305,-21.7628160027394
1.1,5.31,-21.7620460770145
1.1,5.315,-21.76131120134
1.1,5.32,-21.7606110656551
1.1,5.325,-21.7599453606755
1.1,5.33,-21.7593137779024
1.1,5.335,-21.7587160096327
1.1,5.34,-21.7581517489676
1.1,5.345,-21.7576206898224
1.1,5.35,-21.7571225269349
1.1,5.355,-21.7566569558747
1.1,5.36,-21.7562236730515
1.1,5.365,-21.755822375724
1.1,5.37,-21.7554527620077
1.1,5.375,-21.7551145308835
1.1,5.38,-21.7548073822058
1.1,5.385,-21.75453101671
1.1,5.39,-21.7542851360203
1.1,5.395,-21.7540694426577
1.1,5.4,-21.7538836400467
1.1,5.405,-21.7537274325231
1.1,5.41,-21.753600525341
1.1,5.415,-21.7535026246794
1.1,5.42,-21.7534334376494
1.1,5.425,-21.7533926723008
1.1,5.43,-21.7533800376283
1.1,5.435,-21.753395243578
1.1,5.44,-21.7534380010539
1.1,5.445,-21.7535080219234
1.1,5.45,-21.7536050190236
1.1,5.455,-21.7537287061668
1.1,5.46,-21.7538787981465
1.1,5.465,-21.7540550107425
1.1,5.47,-21.7542570607263
1.1,5.475,-21.7544846658664
1.1,5.48,-21.7547375449334
1.1,5.485,-21.7550154177046
1.1,5.49,-21.7553180049692
1.1,5.495,-21.7556450285325
1.1,5.5,-21.755996211221
1.1,5.505,-21.756371276886
1.1,5.51,-21.7567699504084
1.1,5.515,-21.7571919577028
1.1,5.52,-21.757637025721
1.1,5.525,-21.7581048824565
1.1,5.53,-21.7585952569475
1.1,5.535,-21.7591078792813
1.1,5.54,-21.759642480597
1.1,5.545,-21.7601987930893
1.1,5.55,-21.7607765500116
1.1,5.555,-21.761375485679
1.1,5.56,-21.7619953354714
1.1,5.565,-21.7626358358363
1.1,5.57,-21.7632967242915
1.1,5.575,-21.7639777394279
1.1,5.58,-21.7646786209116
1.1,5.585,-21.7653991094867
1.1,5.59,-21.7661389469774
1.1,5.595,-21.7668978762901
1.1,5.6,-21.7676756414156
1.1,5.605,-21.7684719874308
1.1,5.61,-21.7692866605008
1.1,5.615,-21.7701194078804
1.1,5.62,-21.7709699779158
1.1,5.625,-21.7718381200463
1.1,5.63,-21.7727235848053
1.1,5.635,-21.7736261238219
1.1,5.64,-21.7745454898219
1.1,5.645,-21.7754814366294
1.1,5.65,-21.7764337191668
1.1,5.655,-21.777402093457
1.1,5.66,-21.778386316623
1.1,5.665,-21.7793861468893
1.1,5.67,-21.7804013435826
1.1,5.675,-21.7814316671317
1.1,5.68,-21.7824768790686
1.1,5.685,-21.7835367420283
1.1,5.69,-21.7846110197497
1.1,5.695,-21.7856994770749
1.1,5.7,-21.7868018799502
1.1,5.705,-21.7879179954253
1.1,5.71,-21.7890475916537
1.1,5.715,-21.7901904378925
1.1,5.72,-21.7913463045018
1.1,5.725,-21.7925149629448
1.1,5.73,-21.793696185787
1.1,5.735,-21.794889746696
1.1,5.74,-21.7960954204408
1.1,5.745,-21.7973129828911
1.1,5.75,-21.7985422110166
1.1,5.755,-21.7997828828864
1.1,5.76,-21.8010347776678
1.1,5.765,-21.8022976756257
1.1,5.77,-21.8035713581213
1.1,5.775,-21.8048556076111
1.1,5.78,-21.8061502076459
1.1,5.785,-21.8074549428694
1.1,5.79,-21.8087695990172
1.1,5.795,-21.8100939629148
1.1,5.8,-21.8114278224772
1.1,5.805,-21.8127709667064
1.1,5.81,-21.8141231856906
1.1,5.815,-21.8154842706023
1.1,5.82,-21.8168540136965
1.1,5.825,-21.8182322083095
1.1,5.83,-21.8196186488566
1.1,5.835,-21.8210131308305
1.1,5.84,-21.8224154507994
1.1,5.845,-21.823825406405
1.1,5.85,-21.8252427963608
1.1,5.855,-21.8266674204497
1.1,5.86,-21.8280990795221
1.1,5.865,-21.8295375754935
1.1,5.87,-21.8309827113427
1.1,5.875,-21.8324342911095
1.1,5.88,-21.833892119892
1.1,5.885,-21.8353560038448
1.1,5.89,-21.8368257501763
1.1,5.895,-21.8383011671464
1.1,5.9,-21.8397820640637
1.1,5.905,-21.8412682512838
1.1,5.91,-21.8427595402059
1.1,5.915,-21.8442557432706
1.1,5.92,-21.8457566739572
1.1,5.925,-21.8472621467811
1.1,5.93,-21.848771977291
1.1,5.935,-21.8502859820663
1.1,5.94,-21.851803978714
1.1,5.945,-21.8533257858662
1.1,5.95,-21.8548512231773
1.1,5.955,-21.8563801113207
1.1,5.96,-21.8579122719862
1.1,5.965,-21.8594475278772
1.1,5.97,-21.8609857027072
1.1,5.975,-21.8625266211973
1.1,5.98,-21.8640701090727
1.1,5.985,-21.8656159930603
1.1,5.99,-21.8671641008847
1.1,5.995,-21.8687142612658
1.1,6,-21.8702663039154
1.10038752996683,0.5,-56.425171725067
1.10038752996683,0.505,-56.3307919089867
1.10038752996683,0.51,-56.2371751222358
1.10038752996683,0.515,-56.1443049006067
1.10038752996683,0.52,-56.0521652536121
1.10038752996683,0.525,-55.9607406466092
1.10038752996683,0.53,-55.8700159837622
1.10038752996683,0.535,-55.7799765917985
1.10038752996683,0.54,-55.690608204514
1.10038752996683,0.545,-55.6018969479853
1.10038752996683,0.55,-55.5138293264531
1.10038752996683,0.555,-55.4263922088386
1.10038752996683,0.56,-55.3395728158599
1.10038752996683,0.565,-55.253358707717
1.10038752996683,0.57,-55.1677377723159
1.10038752996683,0.575,-55.0826982140022
1.10038752996683,0.58,-54.9982285427809
1.10038752996683,0.585,-54.9143175639941
1.10038752996683,0.59,-54.8309543684366
1.10038752996683,0.595,-54.7481283228856
1.10038752996683,0.6,-54.6658290610241
1.10038752996683,0.605,-54.5840464747393
1.10038752996683,0.61,-54.5027707057769
1.10038752996683,0.615,-54.421992137734
1.10038752996683,0.62,-54.3417013883756
1.10038752996683,0.625,-54.2618893022569
1.10038752996683,0.63,-54.1825469436387
1.10038752996683,0.635,-54.1036655896821
1.10038752996683,0.64,-54.0252367239078
1.10038752996683,0.645,-53.9472520299098
1.10038752996683,0.65,-53.8697033853104
1.10038752996683,0.655,-53.792582855946
1.10038752996683,0.66,-53.7158826902727
1.10038752996683,0.665,-53.6395953139831
1.10038752996683,0.67,-53.563713324823
1.10038752996683,0.675,-53.488229487601
1.10038752996683,0.68,-53.4131367293806
1.10038752996683,0.685,-53.3384281348489
1.10038752996683,0.69,-53.2640969418523
1.10038752996683,0.695,-53.1901365370932
1.10038752996683,0.7,-53.1165404519801
1.10038752996683,0.705,-53.0433023586255
1.10038752996683,0.71,-52.9704160659841
1.10038752996683,0.715,-52.8978755161263
1.10038752996683,0.72,-52.8256747806412
1.10038752996683,0.725,-52.7538080571636
1.10038752996683,0.73,-52.6822696660195
1.10038752996683,0.735,-52.6110540469861
1.10038752996683,0.74,-52.5401557561616
1.10038752996683,0.745,-52.4695694629388
1.10038752996683,0.75,-52.3992899470808
1.10038752996683,0.755,-52.3293120958923
1.10038752996683,0.76,-52.259630901485
1.10038752996683,0.765,-52.1902414581311
1.10038752996683,0.77,-52.1211389597035
1.10038752996683,0.775,-52.052318697198
1.10038752996683,0.78,-51.9837760563345
1.10038752996683,0.785,-51.9155065152352
1.10038752996683,0.79,-51.8475056421752
1.10038752996683,0.795,-51.7797690934041
1.10038752996683,0.8,-51.7122926110354
1.10038752996683,0.805,-51.6450720210008
1.10038752996683,0.81,-51.5781032310681
1.10038752996683,0.815,-51.511382228919
1.10038752996683,0.82,-51.4449050802851
1.10038752996683,0.825,-51.3786679271407
1.10038752996683,0.83,-51.3126669859489
1.10038752996683,0.835,-51.2468985459607
1.10038752996683,0.84,-51.1813589675635
1.10038752996683,0.845,-51.1160446806785
1.10038752996683,0.85,-51.0509521832046
1.10038752996683,0.855,-50.9860780395081
1.10038752996683,0.86,-50.9214188789543
1.10038752996683,0.865,-50.8569713944831
1.10038752996683,0.87,-50.7927323412228
1.10038752996683,0.875,-50.7286985351451
1.10038752996683,0.88,-50.6648668517565
1.10038752996683,0.885,-50.6012342248263
1.10038752996683,0.89,-50.5377976451501
1.10038752996683,0.895,-50.4745541593475
1.10038752996683,0.9,-50.4115008686914
1.10038752996683,0.905,-50.3486349279708
1.10038752996683,0.91,-50.2859535443827
1.10038752996683,0.915,-50.2234539764546
1.10038752996683,0.92,-50.1611335329952
1.10038752996683,0.925,-50.0989895720728
1.10038752996683,0.93,-50.0370195000209
1.10038752996683,0.935,-49.9752207704694
1.10038752996683,0.94,-49.9135908834009
1.10038752996683,0.945,-49.852127384231
1.10038752996683,0.95,-49.7908278629129
1.10038752996683,0.955,-49.7296899530641
1.10038752996683,0.96,-49.6687113311148
1.10038752996683,0.965,-49.6078897154787
1.10038752996683,0.97,-49.5472228657434
1.10038752996683,0.975,-49.4867085818812
1.10038752996683,0.98,-49.4263447034794
1.10038752996683,0.985,-49.3661291089893
1.10038752996683,0.99,-49.306059714993
1.10038752996683,0.995,-49.2461344754887
1.10038752996683,1,-49.1863513811917
1.10038752996683,1.005,-49.1267084588536
1.10038752996683,1.01,-49.0672037705966
1.10038752996683,1.015,-49.007835413263
1.10038752996683,1.02,-48.9486015177812
1.10038752996683,1.025,-48.8895002485448
1.10038752996683,1.03,-48.8305298028074
1.10038752996683,1.035,-48.7716884100895
1.10038752996683,1.04,-48.7129743316007
1.10038752996683,1.045,-48.6543858596734
1.10038752996683,1.05,-48.5959213172101
1.10038752996683,1.055,-48.5375790571423
1.10038752996683,1.06,-48.4793574619014
1.10038752996683,1.065,-48.421254942902
1.10038752996683,1.07,-48.3632699400351
1.10038752996683,1.075,-48.3054009211734
1.10038752996683,1.08,-48.2476463816865
1.10038752996683,1.085,-48.1900048439667
1.10038752996683,1.09,-48.1324748569647
1.10038752996683,1.095,-48.0750549957354
1.10038752996683,1.1,-48.0177438609925
1.10038752996683,1.105,-47.960540078673
1.10038752996683,1.11,-47.9034422995103
1.10038752996683,1.115,-47.8464491986162
1.10038752996683,1.12,-47.7895594750713
1.10038752996683,1.125,-47.7327718515235
1.10038752996683,1.13,-47.6760850737948
1.10038752996683,1.135,-47.6194979104961
1.10038752996683,1.14,-47.5630091526489
1.10038752996683,1.145,-47.5066176133152
1.10038752996683,1.15,-47.4503221272343
1.10038752996683,1.155,-47.3941215504665
1.10038752996683,1.16,-47.3380147600437
1.10038752996683,1.165,-47.2820006536273
1.10038752996683,1.17,-47.2260781491715
1.10038752996683,1.175,-47.170246184594
1.10038752996683,1.18,-47.1145037174521
1.10038752996683,1.185,-47.0588497246254
1.10038752996683,1.19,-47.003283202004
1.10038752996683,1.195,-46.9478031641828
1.10038752996683,1.2,-46.8924086441609
1.10038752996683,1.205,-46.837098693047
1.10038752996683,1.21,-46.7818723797698
1.10038752996683,1.215,-46.7267287907936
1.10038752996683,1.22,-46.6716670298392
1.10038752996683,1.225,-46.6166862176094
1.10038752996683,1.23,-46.5617854915198
1.10038752996683,1.235,-46.5069640054339
1.10038752996683,1.24,-46.4522209294032
1.10038752996683,1.245,-46.3975554494112
1.10038752996683,1.25,-46.3429667671227
1.10038752996683,1.255,-46.2884540996366
1.10038752996683,1.26,-46.2340166792432
1.10038752996683,1.265,-46.1796537531859
1.10038752996683,1.27,-46.1253645834265
1.10038752996683,1.275,-46.0711484464145
1.10038752996683,1.28,-46.0170046328605
1.10038752996683,1.285,-45.9629324475131
1.10038752996683,1.29,-45.9089312089396
1.10038752996683,1.295,-45.8550002493105
1.10038752996683,1.3,-45.8011389141868
1.10038752996683,1.305,-45.7473465623119
1.10038752996683,1.31,-45.6936225654059
1.10038752996683,1.315,-45.6399663079633
1.10038752996683,1.32,-45.5863771870548
1.10038752996683,1.325,-45.5328546121311
1.10038752996683,1.33,-45.479398004831
1.10038752996683,1.335,-45.426006798791
1.10038752996683,1.34,-45.3726804394599
1.10038752996683,1.345,-45.3194183839142
1.10038752996683,1.35,-45.2662201006782
1.10038752996683,1.355,-45.2130850695457
1.10038752996683,1.36,-45.1600127814049
1.10038752996683,1.365,-45.1070027380662
1.10038752996683,1.37,-45.054054452092
1.10038752996683,1.375,-45.0011674466299
1.10038752996683,1.38,-44.9483412552481
1.10038752996683,1.385,-44.895575421773
1.10038752996683,1.39,-44.8428695001298
1.10038752996683,1.395,-44.7902230541849
1.10038752996683,1.4,-44.7376356575916
1.10038752996683,1.405,-44.685106893637
1.10038752996683,1.41,-44.6326363550923
1.10038752996683,1.415,-44.5802236440639
1.10038752996683,1.42,-44.5278683718487
1.10038752996683,1.425,-44.4755701587895
1.10038752996683,1.43,-44.4233286341342
1.10038752996683,1.435,-44.3711434358958
1.10038752996683,1.44,-44.3190142107154
1.10038752996683,1.445,-44.2669406137266
1.10038752996683,1.45,-44.2149223084225
1.10038752996683,1.455,-44.1629589665238
1.10038752996683,1.46,-44.1110502678497
1.10038752996683,1.465,-44.0591959001901
1.10038752996683,1.47,-44.00739555918
1.10038752996683,1.475,-43.9556489481753
1.10038752996683,1.48,-43.9039557781309
1.10038752996683,1.485,-43.8523157674806
1.10038752996683,1.49,-43.8007286420178
1.10038752996683,1.495,-43.7491941347794
1.10038752996683,1.5,-43.6977119859298
1.10038752996683,1.505,-43.6462819426479
1.10038752996683,1.51,-43.5949037590153
1.10038752996683,1.515,-43.5435771959051
1.10038752996683,1.52,-43.4923020208745
1.10038752996683,1.525,-43.4410780080562
1.10038752996683,1.53,-43.3899049380541
1.10038752996683,1.535,-43.3387825978382
1.10038752996683,1.54,-43.2877107806424
1.10038752996683,1.545,-43.2366892858632
1.10038752996683,1.55,-43.1857179189605
1.10038752996683,1.555,-43.1347964913582
1.10038752996683,1.56,-43.0839248203485
1.10038752996683,1.565,-43.0331027289957
1.10038752996683,1.57,-42.9823300460423
1.10038752996683,1.575,-42.931606605816
1.10038752996683,1.58,-42.8809322481387
1.10038752996683,1.585,-42.8303068182357
1.10038752996683,1.59,-42.7797301666472
1.10038752996683,1.595,-42.7292021491409
1.10038752996683,1.6,-42.6787226266251
1.10038752996683,1.605,-42.6282914650639
1.10038752996683,1.61,-42.5779085353934
1.10038752996683,1.615,-42.5275737134385
1.10038752996683,1.62,-42.4772868798321
1.10038752996683,1.625,-42.4270479199342
1.10038752996683,1.63,-42.3768567237527
1.10038752996683,1.635,-42.3267131858655
1.10038752996683,1.64,-42.2766172053437
1.10038752996683,1.645,-42.2265686856753
1.10038752996683,1.65,-42.1765675346907
1.10038752996683,1.655,-42.1266136644892
1.10038752996683,1.66,-42.0767069913658
1.10038752996683,1.665,-42.0268474357402
1.10038752996683,1.67,-41.9770349220859
1.10038752996683,1.675,-41.9272693788607
1.10038752996683,1.68,-41.8775507384383
1.10038752996683,1.685,-41.8278789370406
1.10038752996683,1.69,-41.778253914671
1.10038752996683,1.695,-41.7286756150493
1.10038752996683,1.7,-41.6791439855464
1.10038752996683,1.705,-41.629658977121
1.10038752996683,1.71,-41.5802205442566
1.10038752996683,1.715,-41.5308286448997
1.10038752996683,1.72,-41.4814832403989
1.10038752996683,1.725,-41.4321842954444
1.10038752996683,1.73,-41.3829317780094
1.10038752996683,1.735,-41.3337256592912
1.10038752996683,1.74,-41.2845659136539
1.10038752996683,1.745,-41.2354525185719
1.10038752996683,1.75,-41.1863854545739
1.10038752996683,1.755,-41.1373647051876
1.10038752996683,1.76,-41.0883902568863
1.10038752996683,1.765,-41.0394620990346
1.10038752996683,1.77,-40.9905802238364
1.10038752996683,1.775,-40.9417446262829
1.10038752996683,1.78,-40.8929553041013
1.10038752996683,1.785,-40.844212257705
1.10038752996683,1.79,-40.7955154901433
1.10038752996683,1.795,-40.7468650070534
1.10038752996683,1.8,-40.6982608166117
1.10038752996683,1.805,-40.6497029294867
1.10038752996683,1.81,-40.6011913587922
1.10038752996683,1.815,-40.5527261200415
1.10038752996683,1.82,-40.504307231102
1.10038752996683,1.825,-40.4559347121505
1.10038752996683,1.83,-40.4076085856294
1.10038752996683,1.835,-40.3593288762036
1.10038752996683,1.84,-40.3110956107175
1.10038752996683,1.845,-40.2629088181534
1.10038752996683,1.85,-40.2147685295899
1.10038752996683,1.855,-40.1666747781615
1.10038752996683,1.86,-40.118627599018
1.10038752996683,1.865,-40.0706270292858
1.10038752996683,1.87,-40.0226731080283
1.10038752996683,1.875,-39.974765876208
1.10038752996683,1.88,-39.9269053766489
1.10038752996683,1.885,-39.8790916539991
1.10038752996683,1.89,-39.8313247546945
1.10038752996683,1.895,-39.7836047269226
1.10038752996683,1.9,-39.7359316205875
1.10038752996683,1.905,-39.6883054872746
1.10038752996683,1.91,-39.6407263802164
1.10038752996683,1.915,-39.593194354259
1.10038752996683,1.92,-39.5457094658283
1.10038752996683,1.925,-39.498271772898
1.10038752996683,1.93,-39.4508813349565
1.10038752996683,1.935,-39.403538212976
1.10038752996683,1.94,-39.3562424693805
1.10038752996683,1.945,-39.3089941680157
1.10038752996683,1.95,-39.2617933741186
1.10038752996683,1.955,-39.2146401542875
1.10038752996683,1.96,-39.1675345764528
1.10038752996683,1.965,-39.1204767098483
1.10038752996683,1.97,-39.0734666249828
1.10038752996683,1.975,-39.0265043936122
1.10038752996683,1.98,-38.9795900887115
1.10038752996683,1.985,-38.9327237844489
1.10038752996683,1.99,-38.8859055561579
1.10038752996683,1.995,-38.8391354803122
1.10038752996683,2,-38.7924136344991
1.10038752996683,2.005,-38.745740097395
1.10038752996683,2.01,-38.6991149487397
1.10038752996683,2.015,-38.6525382693124
1.10038752996683,2.02,-38.6060101409075
1.10038752996683,2.025,-38.5595306463104
1.10038752996683,2.03,-38.513099869275
1.10038752996683,2.035,-38.4667178945001
1.10038752996683,2.04,-38.420384807607
1.10038752996683,2.045,-38.3741006951174
1.10038752996683,2.05,-38.3278656444314
1.10038752996683,2.055,-38.2816797438062
1.10038752996683,2.06,-38.2355430823348
1.10038752996683,2.065,-38.1894557499253
1.10038752996683,2.07,-38.1434178372806
1.10038752996683,2.075,-38.0974294358783
1.10038752996683,2.08,-38.0514906379506
1.10038752996683,2.085,-38.0056015364655
1.10038752996683,2.09,-37.959762225107
1.10038752996683,2.095,-37.9139727982572
1.10038752996683,2.1,-37.8682333509769
1.10038752996683,2.105,-37.8225439789884
1.10038752996683,2.11,-37.776904778657
1.10038752996683,2.115,-37.7313158469738
1.10038752996683,2.12,-37.6857772815384
1.10038752996683,2.125,-37.640289180542
1.10038752996683,2.13,-37.5948516427508
1.10038752996683,2.135,-37.5494647674897
1.10038752996683,2.14,-37.5041286546261
1.10038752996683,2.145,-37.4588434045543
1.10038752996683,2.15,-37.4136091181799
1.10038752996683,2.155,-37.3684258969047
1.10038752996683,2.16,-37.3232938426116
1.10038752996683,2.165,-37.2782130576499
1.10038752996683,2.17,-37.233183644821
1.10038752996683,2.175,-37.1882057073642
1.10038752996683,2.18,-37.1432793489429
1.10038752996683,2.185,-37.0984046736304
1.10038752996683,2.19,-37.0535817858973
1.10038752996683,2.195,-37.0088107905976
1.10038752996683,2.2,-36.9640917929562
1.10038752996683,2.205,-36.919424898556
1.10038752996683,2.21,-36.8748102133255
1.10038752996683,2.215,-36.8302478435267
1.10038752996683,2.22,-36.7857378957426
1.10038752996683,2.225,-36.7412804768661
1.10038752996683,2.23,-36.6968756940879
1.10038752996683,2.235,-36.6525236548854
1.10038752996683,2.24,-36.6082244670115
1.10038752996683,2.245,-36.5639782384835
1.10038752996683,2.25,-36.5197850775729
1.10038752996683,2.255,-36.4756450927943
1.10038752996683,2.26,-36.4315583928955
1.10038752996683,2.265,-36.387525086847
1.10038752996683,2.27,-36.3435452838325
1.10038752996683,2.275,-36.299619093239
1.10038752996683,2.28,-36.2557466246474
1.10038752996683,2.285,-36.2119279878227
1.10038752996683,2.29,-36.1681632927056
1.10038752996683,2.295,-36.1244526494029
1.10038752996683,2.3,-36.0807961681791
1.10038752996683,2.305,-36.0371939594475
1.10038752996683,2.31,-35.9936461337621
1.10038752996683,2.315,-35.950152801809
1.10038752996683,2.32,-35.9067140743987
1.10038752996683,2.325,-35.8633300624579
1.10038752996683,2.33,-35.8200008770219
1.10038752996683,2.335,-35.776726629227
1.10038752996683,2.34,-35.7335074303029
1.10038752996683,2.345,-35.6903433915657
1.10038752996683,2.35,-35.647234624411
1.10038752996683,2.355,-35.6041812403063
1.10038752996683,2.36,-35.5611833507849
1.10038752996683,2.365,-35.5182410674388
1.10038752996683,2.37,-35.4753545019125
1.10038752996683,2.375,-35.4325237658968
1.10038752996683,2.38,-35.389748971122
1.10038752996683,2.385,-35.3470302293526
1.10038752996683,2.39,-35.304367652381
1.10038752996683,2.395,-35.2617613520218
1.10038752996683,2.4,-35.2192114401063
1.10038752996683,2.405,-35.176718028477
1.10038752996683,2.41,-35.1342812289822
1.10038752996683,2.415,-35.0919011534709
1.10038752996683,2.42,-35.0495779137874
1.10038752996683,2.425,-35.0073116217671
1.10038752996683,2.43,-34.965102389231
1.10038752996683,2.435,-34.9229503279811
1.10038752996683,2.44,-34.8808555497964
1.10038752996683,2.445,-34.8388181664277
1.10038752996683,2.45,-34.7968382895941
1.10038752996683,2.455,-34.7549160309781
1.10038752996683,2.46,-34.7130515022221
1.10038752996683,2.465,-34.671244814924
1.10038752996683,2.47,-34.6294960806337
1.10038752996683,2.475,-34.5878054108494
1.10038752996683,2.48,-34.5461729170138
1.10038752996683,2.485,-34.5045987105109
1.10038752996683,2.49,-34.4630829026624
1.10038752996683,2.495,-34.4216256047244
1.10038752996683,2.5,-34.3802269278846
1.10038752996683,2.505,-34.3388869832589
1.10038752996683,2.51,-34.2976058818888
1.10038752996683,2.515,-34.2563837347382
1.10038752996683,2.52,-34.2152206526912
1.10038752996683,2.525,-34.1741167465488
1.10038752996683,2.53,-34.1330721270272
1.10038752996683,2.535,-34.0920869047546
1.10038752996683,2.54,-34.0511611902695
1.10038752996683,2.545,-34.0102950940181
1.10038752996683,2.55,-33.9694887263525
1.10038752996683,2.555,-33.9287421975283
1.10038752996683,2.56,-33.888055617703
1.10038752996683,2.565,-33.8474290969342
1.10038752996683,2.57,-33.8068627451774
1.10038752996683,2.575,-33.766356672285
1.10038752996683,2.58,-33.7259109880044
1.10038752996683,2.585,-33.6855258019762
1.10038752996683,2.59,-33.6452012237337
1.10038752996683,2.595,-33.6049373627008
1.10038752996683,2.6,-33.564734328191
1.10038752996683,2.605,-33.5245922294067
1.10038752996683,2.61,-33.4845111754377
1.10038752996683,2.615,-33.4444912752601
1.10038752996683,2.62,-33.4045326377362
1.10038752996683,2.625,-33.3646353716129
1.10038752996683,2.63,-33.3247995855214
1.10038752996683,2.635,-33.2850253879766
1.10038752996683,2.64,-33.2453128873763
1.10038752996683,2.645,-33.2056621920009
1.10038752996683,2.65,-33.1660734100129
1.10038752996683,2.655,-33.1265466494567
1.10038752996683,2.66,-33.0870820182584
1.10038752996683,2.665,-33.0476796242252
1.10038752996683,2.67,-33.0083395750459
1.10038752996683,2.675,-32.9690619782902
1.10038752996683,2.68,-32.9298469414095
1.10038752996683,2.685,-32.8906945717362
1.10038752996683,2.69,-32.8516049764843
1.10038752996683,2.695,-32.8125782627499
1.10038752996683,2.7,-32.7736145375107
1.10038752996683,2.705,-32.7347139076271
1.10038752996683,2.71,-32.6958764798423
1.10038752996683,2.715,-32.6571023607828
1.10038752996683,2.72,-32.6183916569591
1.10038752996683,2.725,-32.5797444747659
1.10038752996683,2.73,-32.5411609204834
1.10038752996683,2.735,-32.5026411002775
1.10038752996683,2.74,-32.4641851202007
1.10038752996683,2.745,-32.425793086193
1.10038752996683,2.75,-32.3874651040828
1.10038752996683,2.755,-32.349201279588
1.10038752996683,2.76,-32.3110017183163
1.10038752996683,2.765,-32.2728665257674
1.10038752996683,2.77,-32.2347958073329
1.10038752996683,2.775,-32.1967896682982
1.10038752996683,2.78,-32.1588482138435
1.10038752996683,2.785,-32.1209715490451
1.10038752996683,2.79,-32.0831597788763
1.10038752996683,2.795,-32.0454130082092
1.10038752996683,2.8,-32.007731341816
1.10038752996683,2.805,-31.9701148843701
1.10038752996683,2.81,-31.9325637404479
1.10038752996683,2.815,-31.89507801453
1.10038752996683,2.82,-31.857657811003
1.10038752996683,2.825,-31.8203032341609
1.10038752996683,2.83,-31.7830143882067
1.10038752996683,2.835,-31.7457913772541
1.10038752996683,2.84,-31.7086343053292
1.10038752996683,2.845,-31.6715432763719
1.10038752996683,2.85,-31.6345183942383
1.10038752996683,2.855,-31.5975597627016
1.10038752996683,2.86,-31.5606674854547
1.10038752996683,2.865,-31.5238416661114
1.10038752996683,2.87,-31.4870824082086
1.10038752996683,2.875,-31.4503898152079
1.10038752996683,2.88,-31.4137639904978
1.10038752996683,2.885,-31.3772050373955
1.10038752996683,2.89,-31.3407130591485
1.10038752996683,2.895,-31.304288158937
1.10038752996683,2.9,-31.2679304398757
1.10038752996683,2.905,-31.2316400050159
1.10038752996683,2.91,-31.195416957347
1.10038752996683,2.915,-31.1592613997992
1.10038752996683,2.92,-31.1231734352449
1.10038752996683,2.925,-31.0871531665015
1.10038752996683,2.93,-31.0512006963324
1.10038752996683,2.935,-31.0153161274499
1.10038752996683,2.94,-30.979499562517
1.10038752996683,2.945,-30.9437511041492
1.10038752996683,2.95,-30.908070854917
1.10038752996683,2.955,-30.8724589173475
1.10038752996683,2.96,-30.8369153939269
1.10038752996683,2.965,-30.8014403871021
1.10038752996683,2.97,-30.7660339992832
1.10038752996683,2.975,-30.7306963328451
1.10038752996683,2.98,-30.69542749013
1.10038752996683,2.985,-30.6602275734491
1.10038752996683,2.99,-30.6250966850847
1.10038752996683,2.995,-30.5900349272923
1.10038752996683,3,-30.5550424023023
1.10038752996683,3.005,-30.5201192123226
1.10038752996683,3.01,-30.4852654595398
1.10038752996683,3.015,-30.4504812461216
1.10038752996683,3.02,-30.4157666742187
1.10038752996683,3.025,-30.3811218459666
1.10038752996683,3.03,-30.3465468634875
1.10038752996683,3.035,-30.3120418288921
1.10038752996683,3.04,-30.2776068442816
1.10038752996683,3.045,-30.2432420117492
1.10038752996683,3.05,-30.2089474333824
1.10038752996683,3.055,-30.1747232112639
1.10038752996683,3.06,-30.1405694474741
1.10038752996683,3.065,-30.1064862440924
1.10038752996683,3.07,-30.0724737031987
1.10038752996683,3.075,-30.0385319268752
1.10038752996683,3.08,-30.0046610172082
1.10038752996683,3.085,-29.9708610762887
1.10038752996683,3.09,-29.937132206215
1.10038752996683,3.095,-29.9034745090932
1.10038752996683,3.1,-29.869888087039
1.10038752996683,3.105,-29.836373042179
1.10038752996683,3.11,-29.8029294766517
1.10038752996683,3.115,-29.7695574926091
1.10038752996683,3.12,-29.7362571922174
1.10038752996683,3.125,-29.7030286776584
1.10038752996683,3.13,-29.6698720511304
1.10038752996683,3.135,-29.6367874148491
1.10038752996683,3.14,-29.6037748710487
1.10038752996683,3.145,-29.5708345219828
1.10038752996683,3.15,-29.5379664699245
1.10038752996683,3.155,-29.505170817168
1.10038752996683,3.16,-29.4724476660286
1.10038752996683,3.165,-29.4397971188436
1.10038752996683,3.17,-29.4072192779725
1.10038752996683,3.175,-29.3747142457976
1.10038752996683,3.18,-29.3422821247242
1.10038752996683,3.185,-29.309923017181
1.10038752996683,3.19,-29.2776370256201
1.10038752996683,3.195,-29.2454242525171
1.10038752996683,3.2,-29.213284800371
1.10038752996683,3.205,-29.1812187717044
1.10038752996683,3.21,-29.1492262690629
1.10038752996683,3.215,-29.1173073950151
1.10038752996683,3.22,-29.0854622521523
1.10038752996683,3.225,-29.0536909430875
1.10038752996683,3.23,-29.0219935704555
1.10038752996683,3.235,-28.9903702369116
1.10038752996683,3.24,-28.9588210451315
1.10038752996683,3.245,-28.9273460978097
1.10038752996683,3.25,-28.895945497659
1.10038752996683,3.255,-28.8646193474093
1.10038752996683,3.26,-28.8333677498062
1.10038752996683,3.265,-28.80219080761
1.10038752996683,3.27,-28.7710886235941
1.10038752996683,3.275,-28.7400613005434
1.10038752996683,3.28,-28.7091089412527
1.10038752996683,3.285,-28.678231648525
1.10038752996683,3.29,-28.6474295251696
1.10038752996683,3.295,-28.616702674
1.10038752996683,3.3,-28.5860511978316
1.10038752996683,3.305,-28.5554751994799
1.10038752996683,3.31,-28.5249747817577
1.10038752996683,3.315,-28.4945500474726
1.10038752996683,3.32,-28.4642010994248
1.10038752996683,3.325,-28.4339280404037
1.10038752996683,3.33,-28.4037309731854
1.10038752996683,3.335,-28.3736100005293
1.10038752996683,3.34,-28.3435652251756
1.10038752996683,3.345,-28.313596749841
1.10038752996683,3.35,-28.2837046772162
1.10038752996683,3.355,-28.2538891099616
1.10038752996683,3.36,-28.2241501507038
1.10038752996683,3.365,-28.1944879020319
1.10038752996683,3.37,-28.1649024664933
1.10038752996683,3.375,-28.1353939465893
1.10038752996683,3.38,-28.1059624447713
1.10038752996683,3.385,-28.0766080634357
1.10038752996683,3.39,-28.0473309049199
1.10038752996683,3.395,-28.0181310714971
1.10038752996683,3.4,-27.9890086653716
1.10038752996683,3.405,-27.9599637886733
1.10038752996683,3.41,-27.9309965434533
1.10038752996683,3.415,-27.9021070316775
1.10038752996683,3.42,-27.873295355222
1.10038752996683,3.425,-27.8445616158666
1.10038752996683,3.43,-27.8159059152895
1.10038752996683,3.435,-27.7873283550609
1.10038752996683,3.44,-27.7588290366371
1.10038752996683,3.445,-27.730408061354
1.10038752996683,3.45,-27.7020655304206
1.10038752996683,3.455,-27.6738015449123
1.10038752996683,3.46,-27.6456162057643
1.10038752996683,3.465,-27.6175096137642
1.10038752996683,3.47,-27.5894818695452
1.10038752996683,3.475,-27.5615330735785
1.10038752996683,3.48,-27.5336633261661
1.10038752996683,3.485,-27.5058727274328
1.10038752996683,3.49,-27.4781613773186
1.10038752996683,3.495,-27.4505293755707
1.10038752996683,3.5,-27.422976821735
1.10038752996683,3.505,-27.3955038151484
1.10038752996683,3.51,-27.3681104549297
1.10038752996683,3.515,-27.3407968399712
1.10038752996683,3.52,-27.3135630689299
1.10038752996683,3.525,-27.2864092402183
1.10038752996683,3.53,-27.2593354519953
1.10038752996683,3.535,-27.232341802157
1.10038752996683,3.54,-27.205428388327
1.10038752996683,3.545,-27.1785953078469
1.10038752996683,3.55,-27.1518426577661
1.10038752996683,3.555,-27.1251705348321
1.10038752996683,3.56,-27.0985790354804
1.10038752996683,3.565,-27.0720682558238
1.10038752996683,3.57,-27.0456382916418
1.10038752996683,3.575,-27.0192892383706
1.10038752996683,3.58,-26.9930211910915
1.10038752996683,3.585,-26.9668342445202
1.10038752996683,3.59,-26.9407284929955
1.10038752996683,3.595,-26.9147040304683
1.10038752996683,3.6,-26.8887609504895
1.10038752996683,3.605,-26.8628993461987
1.10038752996683,3.61,-26.8371193103125
1.10038752996683,3.615,-26.8114209351119
1.10038752996683,3.62,-26.7858043124309
1.10038752996683,3.625,-26.7602695336435
1.10038752996683,3.63,-26.7348166896519
1.10038752996683,3.635,-26.7094458708731
1.10038752996683,3.64,-26.6841571672267
1.10038752996683,3.645,-26.6589506681219
1.10038752996683,3.65,-26.6338264624441
1.10038752996683,3.655,-26.6087846385419
1.10038752996683,3.66,-26.5838252842138
1.10038752996683,3.665,-26.5589484866942
1.10038752996683,3.67,-26.5341543326403
1.10038752996683,3.675,-26.509442908118
1.10038752996683,3.68,-26.4848142985879
1.10038752996683,3.685,-26.4602685888912
1.10038752996683,3.69,-26.4358058632354
1.10038752996683,3.695,-26.4114262051804
1.10038752996683,3.7,-26.3871296976231
1.10038752996683,3.705,-26.3629164227837
1.10038752996683,3.71,-26.3387864621901
1.10038752996683,3.715,-26.3147398966638
1.10038752996683,3.72,-26.2907768063041
1.10038752996683,3.725,-26.2668972704734
1.10038752996683,3.73,-26.243101367782
1.10038752996683,3.735,-26.2193891760724
1.10038752996683,3.74,-26.1957607724041
1.10038752996683,3.745,-26.1722162330378
1.10038752996683,3.75,-26.1487556334197
1.10038752996683,3.755,-26.1253790481657
1.10038752996683,3.76,-26.1020865510458
1.10038752996683,3.765,-26.0788782149673
1.10038752996683,3.77,-26.0557541119596
1.10038752996683,3.775,-26.0327143131574
1.10038752996683,3.78,-26.0097588887843
1.10038752996683,3.785,-25.986887908137
1.10038752996683,3.79,-25.9641014395683
1.10038752996683,3.795,-25.9413995504708
1.10038752996683,3.8,-25.9187823072602
1.10038752996683,3.805,-25.8962497753584
1.10038752996683,3.81,-25.8738020191773
1.10038752996683,3.815,-25.8514391021012
1.10038752996683,3.82,-25.8291610864705
1.10038752996683,3.825,-25.8069680335643
1.10038752996683,3.83,-25.784860003584
1.10038752996683,3.835,-25.7628370556353
1.10038752996683,3.84,-25.7408992477121
1.10038752996683,3.845,-25.7190466366786
1.10038752996683,3.85,-25.6972792782525
1.10038752996683,3.855,-25.6755972269874
1.10038752996683,3.86,-25.6540005362561
1.10038752996683,3.865,-25.6324892582328
1.10038752996683,3.87,-25.611063443876
1.10038752996683,3.875,-25.5897231429111
1.10038752996683,3.88,-25.5684684038132
1.10038752996683,3.885,-25.5472992737897
1.10038752996683,3.89,-25.5262157987627
1.10038752996683,3.895,-25.5052180233519
1.10038752996683,3.9,-25.4843059908574
1.10038752996683,3.905,-25.4634797432417
1.10038752996683,3.91,-25.4427393211133
1.10038752996683,3.915,-25.4220847637083
1.10038752996683,3.92,-25.4015161088743
1.10038752996683,3.925,-25.381033393052
1.10038752996683,3.93,-25.3606366512588
1.10038752996683,3.935,-25.3403259170711
1.10038752996683,3.94,-25.3201012226074
1.10038752996683,3.945,-25.299962598511
1.10038752996683,3.95,-25.279910073933
1.10038752996683,3.955,-25.2599436765155
1.10038752996683,3.96,-25.2400634323743
1.10038752996683,3.965,-25.2202693660822
1.10038752996683,3.97,-25.2005615006521
1.10038752996683,3.975,-25.1809398575205
1.10038752996683,3.98,-25.1614044565304
1.10038752996683,3.985,-25.1419553159151
1.10038752996683,3.99,-25.1225924522815
1.10038752996683,3.995,-25.1033158805939
1.10038752996683,4,-25.0841256141574
1.10038752996683,4.005,-25.0650216646019
1.10038752996683,4.01,-25.046004041866
1.10038752996683,4.015,-25.0270727541811
1.10038752996683,4.02,-25.0082278080553
1.10038752996683,4.025,-24.9894692082578
1.10038752996683,4.03,-24.9707969578036
1.10038752996683,4.035,-24.9522110579373
1.10038752996683,4.04,-24.9337115081184
1.10038752996683,4.045,-24.9152983060061
1.10038752996683,4.05,-24.8969714474436
1.10038752996683,4.055,-24.8787309264442
1.10038752996683,4.06,-24.8605767351755
1.10038752996683,4.065,-24.8425088639458
1.10038752996683,4.07,-24.8245273011889
1.10038752996683,4.075,-24.8066320334505
1.10038752996683,4.08,-24.7888230453735
1.10038752996683,4.085,-24.7711003196849
1.10038752996683,4.09,-24.7534638371813
1.10038752996683,4.095,-24.7359135767158
1.10038752996683,4.1,-24.718449515185
1.10038752996683,4.105,-24.7010716275151
1.10038752996683,4.11,-24.6837798866497
1.10038752996683,4.115,-24.6665742635367
1.10038752996683,4.12,-24.6494547271162
1.10038752996683,4.125,-24.6324212443076
1.10038752996683,4.13,-24.6154737799981
1.10038752996683,4.135,-24.5986122970309
1.10038752996683,4.14,-24.581836756193
1.10038752996683,4.145,-24.5651471162047
1.10038752996683,4.15,-24.5485433337076
1.10038752996683,4.155,-24.5320253632543
1.10038752996683,4.16,-24.5155931572978
1.10038752996683,4.165,-24.4992466661805
1.10038752996683,4.17,-24.482985838125
1.10038752996683,4.175,-24.4668106192231
1.10038752996683,4.18,-24.4507209534273
1.10038752996683,4.185,-24.4347167825407
1.10038752996683,4.19,-24.4187980462082
1.10038752996683,4.195,-24.4029646819076
1.10038752996683,4.2,-24.3872166249411
1.10038752996683,4.205,-24.3715538084271
1.10038752996683,4.21,-24.3559761632922
1.10038752996683,4.215,-24.3404836182633
1.10038752996683,4.22,-24.3250760998607
1.10038752996683,4.225,-24.3097535323904
1.10038752996683,4.23,-24.2945158379375
1.10038752996683,4.235,-24.27936293636
1.10038752996683,4.24,-24.264294745282
1.10038752996683,4.245,-24.2493111800882
1.10038752996683,4.25,-24.2344121539183
1.10038752996683,4.255,-24.2195975776614
1.10038752996683,4.26,-24.2048673599511
1.10038752996683,4.265,-24.1902214071609
1.10038752996683,4.27,-24.1756596234
1.10038752996683,4.275,-24.1611819105088
1.10038752996683,4.28,-24.1467881680555
1.10038752996683,4.285,-24.1324782933326
1.10038752996683,4.29,-24.1182521813536
1.10038752996683,4.295,-24.1041097248507
1.10038752996683,4.3,-24.0900508142718
1.10038752996683,4.305,-24.0760753377789
1.10038752996683,4.31,-24.0621831812458
1.10038752996683,4.315,-24.0483742282571
1.10038752996683,4.32,-24.0346483601066
1.10038752996683,4.325,-24.0210054557971
1.10038752996683,4.33,-24.0074453920392
1.10038752996683,4.335,-23.993968043252
1.10038752996683,4.34,-23.9805732815623
1.10038752996683,4.345,-23.9672609768063
1.10038752996683,4.35,-23.9540309965293
1.10038752996683,4.355,-23.9408832059879
1.10038752996683,4.36,-23.9278174681508
1.10038752996683,4.365,-23.9148336437013
1.10038752996683,4.37,-23.9019315910389
1.10038752996683,4.375,-23.8891111662823
1.10038752996683,4.38,-23.8763722232723
1.10038752996683,4.385,-23.8637146135747
1.10038752996683,4.39,-23.851138186484
1.10038752996683,4.395,-23.8386427890276
1.10038752996683,4.4,-23.8262282659695
1.10038752996683,4.405,-23.8138944598155
1.10038752996683,4.41,-23.8016412108175
1.10038752996683,4.415,-23.789468356979
1.10038752996683,4.42,-23.7773757340608
1.10038752996683,4.425,-23.7653631755869
1.10038752996683,4.43,-23.7534305128502
1.10038752996683,4.435,-23.74157757492
1.10038752996683,4.44,-23.7298041886479
1.10038752996683,4.445,-23.7181101786757
1.10038752996683,4.45,-23.7064953674428
1.10038752996683,4.455,-23.6949595751938
1.10038752996683,4.46,-23.683502619987
1.10038752996683,4.465,-23.6721243177029
1.10038752996683,4.47,-23.6608244820525
1.10038752996683,4.475,-23.6496029245872
1.10038752996683,4.48,-23.6384594547078
1.10038752996683,4.485,-23.6273938796744
1.10038752996683,4.49,-23.6164060046162
1.10038752996683,4.495,-23.6054956325424
1.10038752996683,4.5,-23.5946625643524
1.10038752996683,4.505,-23.5839065988471
1.10038752996683,4.51,-23.5732275327399
1.10038752996683,4.515,-23.5626251606685
1.10038752996683,4.52,-23.5520992752068
1.10038752996683,4.525,-23.5416496668768
1.10038752996683,4.53,-23.5312761241613
1.10038752996683,4.535,-23.5209784335165
1.10038752996683,4.54,-23.5107563793852
1.10038752996683,4.545,-23.5006097442097
1.10038752996683,4.55,-23.4905383084459
1.10038752996683,4.555,-23.4805418505765
1.10038752996683,4.56,-23.4706201471259
1.10038752996683,4.565,-23.4607729726736
1.10038752996683,4.57,-23.4510000998699
1.10038752996683,4.575,-23.4413012994497
1.10038752996683,4.58,-23.4316763402485
1.10038752996683,4.585,-23.4221249892174
1.10038752996683,4.59,-23.4126470114388
1.10038752996683,4.595,-23.403242170142
1.10038752996683,4.6,-23.3939102267199
1.10038752996683,4.605,-23.3846509407448
1.10038752996683,4.61,-23.3754640699852
1.10038752996683,4.615,-23.3663493704227
1.10038752996683,4.62,-23.3573065962688
1.10038752996683,4.625,-23.348335499982
1.10038752996683,4.63,-23.3394358322858
1.10038752996683,4.635,-23.3306073421858
1.10038752996683,4.64,-23.3218497769878
1.10038752996683,4.645,-23.3131628823159
1.10038752996683,4.65,-23.3045464021306
1.10038752996683,4.655,-23.2960000787472
1.10038752996683,4.66,-23.2875236528548
1.10038752996683,4.665,-23.2791168635344
1.10038752996683,4.67,-23.2707794482788
1.10038752996683,4.675,-23.2625111430108
1.10038752996683,4.68,-23.2543116821033
1.10038752996683,4.685,-23.2461807983983
1.10038752996683,4.69,-23.2381182232266
1.10038752996683,4.695,-23.2301236864279
1.10038752996683,4.7,-23.2221969163704
1.10038752996683,4.705,-23.214337639971
1.10038752996683,4.71,-23.2065455827153
1.10038752996683,4.715,-23.1988204686786
1.10038752996683,4.72,-23.1911620205455
1.10038752996683,4.725,-23.1835699596313
1.10038752996683,4.73,-23.176044005902
1.10038752996683,4.735,-23.1685838779958
1.10038752996683,4.74,-23.1611892932436
1.10038752996683,4.745,-23.1538599676902
1.10038752996683,4.75,-23.1465956161155
1.10038752996683,4.755,-23.1393959520558
1.10038752996683,4.76,-23.1322606878247
1.10038752996683,4.765,-23.125189534535
1.10038752996683,4.77,-23.1181822021203
1.10038752996683,4.775,-23.1112383993558
1.10038752996683,4.78,-23.104357833881
1.10038752996683,4.785,-23.0975402122206
1.10038752996683,4.79,-23.0907852398064
1.10038752996683,4.795,-23.0840926209996
1.10038752996683,4.8,-23.0774620591122
1.10038752996683,4.805,-23.0708932564291
1.10038752996683,4.81,-23.06438591423
1.10038752996683,4.815,-23.0579397328117
1.10038752996683,4.82,-23.0515544115095
1.10038752996683,4.825,-23.0452296487201
1.10038752996683,4.83,-23.038965141923
1.10038752996683,4.835,-23.032760587703
1.10038752996683,4.84,-23.0266156817721
1.10038752996683,4.845,-23.020530118992
1.10038752996683,4.85,-23.0145035933957
1.10038752996683,4.855,-23.00853579821
1.10038752996683,4.86,-23.0026264258778
1.10038752996683,4.865,-22.9967751680798
1.10038752996683,4.87,-22.9909817157568
1.10038752996683,4.875,-22.985245759132
1.10038752996683,4.88,-22.9795669877329
1.10038752996683,4.885,-22.9739450904132
1.10038752996683,4.89,-22.9683797553753
1.10038752996683,4.895,-22.962870670192
1.10038752996683,4.9,-22.9574175218282
1.10038752996683,4.905,-22.9520199966634
1.10038752996683,4.91,-22.9466777805132
1.10038752996683,4.915,-22.9413905586513
1.10038752996683,4.92,-22.9361580158311
1.10038752996683,4.925,-22.9309798363076
1.10038752996683,4.93,-22.925855703859
1.10038752996683,4.935,-22.9207853018081
1.10038752996683,4.94,-22.9157683130443
1.10038752996683,4.945,-22.9108044200447
1.10038752996683,4.95,-22.9058933048955
1.10038752996683,4.955,-22.9010346493134
1.10038752996683,4.96,-22.8962281346669
1.10038752996683,4.965,-22.8914734419971
1.10038752996683,4.97,-22.8867702520393
1.10038752996683,4.975,-22.8821182452435
1.10038752996683,4.98,-22.8775171017956
1.10038752996683,4.985,-22.8729665016377
1.10038752996683,4.99,-22.8684661244893
1.10038752996683,4.995,-22.8640156498678
1.10038752996683,5,-22.8596147571084
1.10038752996683,5.005,-22.8552631253851
1.10038752996683,5.01,-22.8509604337308
1.10038752996683,5.015,-22.8467063610571
1.10038752996683,5.02,-22.8425005861746
1.10038752996683,5.025,-22.8383427878128
1.10038752996683,5.03,-22.8342326446396
1.10038752996683,5.035,-22.8301698352811
1.10038752996683,5.04,-22.8261540383414
1.10038752996683,5.045,-22.8221849324213
1.10038752996683,5.05,-22.8182621961382
1.10038752996683,5.055,-22.8143855081448
1.10038752996683,5.06,-22.8105545471483
1.10038752996683,5.065,-22.8067689919291
1.10038752996683,5.07,-22.8030285213595
1.10038752996683,5.075,-22.7993328144222
1.10038752996683,5.08,-22.7956815502289
1.10038752996683,5.085,-22.7920744080384
1.10038752996683,5.09,-22.7885110672747
1.10038752996683,5.095,-22.7849912075449
1.10038752996683,5.1,-22.7815145086571
1.10038752996683,5.105,-22.7780806506381
1.10038752996683,5.11,-22.7746893137506
1.10038752996683,5.115,-22.7713401785109
1.10038752996683,5.12,-22.7680329257058
1.10038752996683,5.125,-22.7647672364097
1.10038752996683,5.13,-22.7615427920014
1.10038752996683,5.135,-22.7583592741807
1.10038752996683,5.14,-22.7552163649853
1.10038752996683,5.145,-22.7521137468065
1.10038752996683,5.15,-22.7490511024061
1.10038752996683,5.155,-22.7460281149319
1.10038752996683,5.16,-22.7430444679335
1.10038752996683,5.165,-22.7400998453784
1.10038752996683,5.17,-22.7371939316672
1.10038752996683,5.175,-22.734326411649
1.10038752996683,5.18,-22.7314969706365
1.10038752996683,5.185,-22.728705294421
1.10038752996683,5.19,-22.7259510692871
1.10038752996683,5.195,-22.7232339820277
1.10038752996683,5.2,-22.720553719958
1.10038752996683,5.205,-22.7179099709299
1.10038752996683,5.21,-22.7153024233464
1.10038752996683,5.215,-22.712730766175
1.10038752996683,5.22,-22.710194688962
1.10038752996683,5.225,-22.7076938818454
1.10038752996683,5.23,-22.7052280355689
1.10038752996683,5.235,-22.7027968414949
1.10038752996683,5.24,-22.7003999916173
1.10038752996683,5.245,-22.6980371785746
1.10038752996683,5.25,-22.6957080956625
1.10038752996683,5.255,-22.6934124368464
1.10038752996683,5.26,-22.6911498967735
1.10038752996683,5.265,-22.6889201707853
1.10038752996683,5.27,-22.6867229549292
1.10038752996683,5.275,-22.6845579459703
1.10038752996683,5.28,-22.6824248414034
1.10038752996683,5.285,-22.6803233394638
1.10038752996683,5.29,-22.6782531391388
1.10038752996683,5.295,-22.676213940179
1.10038752996683,5.3,-22.6742054431086
1.10038752996683,5.305,-22.6722273492366
1.10038752996683,5.31,-22.670279360667
1.10038752996683,5.315,-22.6683611803094
1.10038752996683,5.32,-22.6664725118888
1.10038752996683,5.325,-22.6646130599559
1.10038752996683,5.33,-22.6627825298966
1.10038752996683,5.335,-22.6609806279421
1.10038752996683,5.34,-22.6592070611778
1.10038752996683,5.345,-22.6574615375527
1.10038752996683,5.35,-22.6557437658889
1.10038752996683,5.355,-22.6540534558902
1.10038752996683,5.36,-22.6523903181506
1.10038752996683,5.365,-22.6507540641635
1.10038752996683,5.37,-22.6491444063296
1.10038752996683,5.375,-22.6475610579653
1.10038752996683,5.38,-22.6460037333109
1.10038752996683,5.385,-22.6444721475383
1.10038752996683,5.39,-22.6429660167589
1.10038752996683,5.395,-22.6414850580309
1.10038752996683,5.4,-22.640028989367
1.10038752996683,5.405,-22.6385975297416
1.10038752996683,5.41,-22.6371903990975
1.10038752996683,5.415,-22.6358073183533
1.10038752996683,5.42,-22.6344480094097
1.10038752996683,5.425,-22.6331121951567
1.10038752996683,5.43,-22.6317995994791
1.10038752996683,5.435,-22.6305099472636
1.10038752996683,5.44,-22.6292429644044
1.10038752996683,5.445,-22.6279983778095
1.10038752996683,5.45,-22.6267759154061
1.10038752996683,5.455,-22.6255753061465
1.10038752996683,5.46,-22.6243962800135
1.10038752996683,5.465,-22.6232385680258
1.10038752996683,5.47,-22.6221019022429
1.10038752996683,5.475,-22.6209860157706
1.10038752996683,5.48,-22.6198906427653
1.10038752996683,5.485,-22.6188155184392
1.10038752996683,5.49,-22.6177603790646
1.10038752996683,5.495,-22.6167249619786
1.10038752996683,5.5,-22.6157090055869
1.10038752996683,5.505,-22.6147122493685
1.10038752996683,5.51,-22.6137344338794
1.10038752996683,5.515,-22.6127753007564
1.10038752996683,5.52,-22.6118345927211
1.10038752996683,5.525,-22.6109120535831
1.10038752996683,5.53,-22.610007428244
1.10038752996683,5.535,-22.6091204627
1.10038752996683,5.54,-22.6082509040456
1.10038752996683,5.545,-22.6073985004765
1.10038752996683,5.55,-22.6065630012926
1.10038752996683,5.555,-22.6057441569005
1.10038752996683,5.56,-22.6049417188164
1.10038752996683,5.565,-22.6041554396686
1.10038752996683,5.57,-22.6033850731998
1.10038752996683,5.575,-22.6026303742694
1.10038752996683,5.58,-22.6018910988558
1.10038752996683,5.585,-22.6011670040583
1.10038752996683,5.59,-22.6004578480988
1.10038752996683,5.595,-22.599763390324
1.10038752996683,5.6,-22.5990833912068
1.10038752996683,5.605,-22.5984176123481
1.10038752996683,5.61,-22.5977658164777
1.10038752996683,5.615,-22.5971277674562
1.10038752996683,5.62,-22.5965032302761
1.10038752996683,5.625,-22.5958919710626
1.10038752996683,5.63,-22.5952937570748
1.10038752996683,5.635,-22.5947083567067
1.10038752996683,5.64,-22.5941355394877
1.10038752996683,5.645,-22.5935750760834
1.10038752996683,5.65,-22.5930267382963
1.10038752996683,5.655,-22.592490299066
1.10038752996683,5.66,-22.5919655324697
1.10038752996683,5.665,-22.5914522137225
1.10038752996683,5.67,-22.5909501191775
1.10038752996683,5.675,-22.5904590263258
1.10038752996683,5.68,-22.5899787137964
1.10038752996683,5.685,-22.5895089613566
1.10038752996683,5.69,-22.589049549911
1.10038752996683,5.695,-22.5886002615018
1.10038752996683,5.7,-22.5881608793078
1.10038752996683,5.705,-22.5877311876447
1.10038752996683,5.71,-22.5873109719638
1.10038752996683,5.715,-22.5869000188517
1.10038752996683,5.72,-22.5864981160293
1.10038752996683,5.725,-22.5861050523512
1.10038752996683,5.73,-22.5857206178046
1.10038752996683,5.735,-22.5853446035086
1.10038752996683,5.74,-22.5849768017125
1.10038752996683,5.745,-22.5846170057953
1.10038752996683,5.75,-22.584265010264
1.10038752996683,5.755,-22.5839206107525
1.10038752996683,5.76,-22.5835836040201
1.10038752996683,5.765,-22.5832537879501
1.10038752996683,5.77,-22.5829309615482
1.10038752996683,5.775,-22.5826149249409
1.10038752996683,5.78,-22.5823054793738
1.10038752996683,5.785,-22.5820024272098
1.10038752996683,5.79,-22.5817055719276
1.10038752996683,5.795,-22.5814147181192
1.10038752996683,5.8,-22.5811296714884
1.10038752996683,5.805,-22.5808502388487
1.10038752996683,5.81,-22.580576228121
1.10038752996683,5.815,-22.5803074483319
1.10038752996683,5.82,-22.5800437096109
1.10038752996683,5.825,-22.5797848231887
1.10038752996683,5.83,-22.5795306013943
1.10038752996683,5.835,-22.5792808576532
1.10038752996683,5.84,-22.5790354064846
1.10038752996683,5.845,-22.5787940634987
1.10038752996683,5.85,-22.5785566453948
1.10038752996683,5.855,-22.5783229699581
1.10038752996683,5.86,-22.5780928560572
1.10038752996683,5.865,-22.5778661236415
1.10038752996683,5.87,-22.5776425937385
1.10038752996683,5.875,-22.5774220884506
1.10038752996683,5.88,-22.5772044309526
1.10038752996683,5.885,-22.5769894454888
1.10038752996683,5.89,-22.5767769573698
1.10038752996683,5.895,-22.5765667929696
1.10038752996683,5.9,-22.5763587797228
1.10038752996683,5.905,-22.5761527461211
1.10038752996683,5.91,-22.5759485217106
1.10038752996683,5.915,-22.575745937088
1.10038752996683,5.92,-22.5755448238984
1.10038752996683,5.925,-22.5753450148309
1.10038752996683,5.93,-22.5751463436161
1.10038752996683,5.935,-22.5749486450227
1.10038752996683,5.94,-22.5747517548538
1.10038752996683,5.945,-22.5745555099435
1.10038752996683,5.95,-22.5743597481541
1.10038752996683,5.955,-22.5741643083718
1.10038752996683,5.96,-22.5739690305039
1.10038752996683,5.965,-22.5737737554745
1.10038752996683,5.97,-22.573578325222
1.10038752996683,5.975,-22.5733825826945
1.10038752996683,5.98,-22.5731863718466
1.10038752996683,5.985,-22.572989537636
1.10038752996683,5.99,-22.5727919260191
1.10038752996683,5.995,-22.5725933839483
1.10038752996683,6,-22.5723937593673
1.1075946168199,0.5,-45.0340451729565
1.1075946168199,0.505,-44.945981040147
1.1075946168199,0.51,-44.8587515183786
1.1075946168199,0.515,-44.7723400268838
1.1075946168199,0.52,-44.6867304653999
1.1075946168199,0.525,-44.6019071958048
1.1075946168199,0.53,-44.5178550246211
1.1075946168199,0.535,-44.4345591863408
1.1075946168199,0.54,-44.3520053275245
1.1075946168199,0.545,-44.2701794916327
1.1075946168199,0.55,-44.1890681045484
1.1075946168199,0.555,-44.1086579607543
1.1075946168199,0.56,-44.0289362101294
1.1075946168199,0.565,-43.9498903453308
1.1075946168199,0.57,-43.8715081897319
1.1075946168199,0.575,-43.7937778858858
1.1075946168199,0.58,-43.7166878844886
1.1075946168199,0.585,-43.6402269338142
1.1075946168199,0.59,-43.5643840696004
1.1075946168199,0.595,-43.4891486053596
1.1075946168199,0.6,-43.414510123095
1.1075946168199,0.605,-43.3404584644025
1.1075946168199,0.61,-43.2669837219368
1.1075946168199,0.615,-43.1940762312272
1.1075946168199,0.62,-43.1217265628233
1.1075946168199,0.625,-43.0499255147566
1.1075946168199,0.63,-42.9786641053015
1.1075946168199,0.635,-42.9079335660228
1.1075946168199,0.64,-42.8377253350952
1.1075946168199,0.645,-42.7680310508833
1.1075946168199,0.65,-42.6988425457682
1.1075946168199,0.655,-42.6301518402112
1.1075946168199,0.66,-42.5619511370431
1.1075946168199,0.665,-42.4942328159685
1.1075946168199,0.67,-42.426989428276
1.1075946168199,0.675,-42.3602136917452
1.1075946168199,0.68,-42.2938984857407
1.1075946168199,0.685,-42.2280368464868
1.1075946168199,0.69,-42.1626219625132
1.1075946168199,0.695,-42.0976471702653
1.1075946168199,0.7,-42.0331059498716
1.1075946168199,0.705,-41.9689919210622
1.1075946168199,0.71,-41.9052988392305
1.1075946168199,0.715,-41.8420205916342
1.1075946168199,0.72,-41.7791511937275
1.1075946168199,0.725,-41.7166847856213
1.1075946168199,0.73,-41.6546156286639
1.1075946168199,0.735,-41.5929381021392
1.1075946168199,0.74,-41.5316467000767
1.1075946168199,0.745,-41.4707360281682
1.1075946168199,0.75,-41.4102008007887
1.1075946168199,0.755,-41.3500358381153
1.1075946168199,0.76,-41.2902360633418
1.1075946168199,0.765,-41.2307964999842
1.1075946168199,0.77,-41.1717122692746
1.1075946168199,0.775,-41.1129785876386
1.1075946168199,0.78,-41.0545907642543
1.1075946168199,0.785,-40.9965441986897
1.1075946168199,0.79,-40.938834378614
1.1075946168199,0.795,-40.8814568775824
1.1075946168199,0.8,-40.8244073528895
1.1075946168199,0.805,-40.7676815434898
1.1075946168199,0.81,-40.7112752679829
1.1075946168199,0.815,-40.6551844226601
1.1075946168199,0.82,-40.5994049796116
1.1075946168199,0.825,-40.5439329848905
1.1075946168199,0.83,-40.4887645567328
1.1075946168199,0.835,-40.4338958838308
1.1075946168199,0.84,-40.3793232236575
1.1075946168199,0.845,-40.3250429008418
1.1075946168199,0.85,-40.2710513055909
1.1075946168199,0.855,-40.2173448921593
1.1075946168199,0.86,-40.1639201773621
1.1075946168199,0.865,-40.1107737391323
1.1075946168199,0.87,-40.0579022151185
1.1075946168199,0.875,-40.0053023013241
1.1075946168199,0.88,-39.9529707507843
1.1075946168199,0.885,-39.9009043722812
1.1075946168199,0.89,-39.8491000290948
1.1075946168199,0.895,-39.7975546377896
1.1075946168199,0.9,-39.7462651670342
1.1075946168199,0.905,-39.6952286364544
1.1075946168199,0.91,-39.6444421155176
1.1075946168199,0.915,-39.5939027224479
1.1075946168199,0.92,-39.5436076231706
1.1075946168199,0.925,-39.4935540302859
1.1075946168199,0.93,-39.4437392020697
1.1075946168199,0.935,-39.3941604415016
1.1075946168199,0.94,-39.3448150953189
1.1075946168199,0.945,-39.2957005530953
1.1075946168199,0.95,-39.2468142463448
1.1075946168199,0.955,-39.1981536476485
1.1075946168199,0.96,-39.1497162698041
1.1075946168199,0.965,-39.1014996649985
1.1075946168199,0.97,-39.0535014240009
1.1075946168199,0.975,-39.0057191753769
1.1075946168199,0.98,-38.9581505847233
1.1075946168199,0.985,-38.9107933539218
1.1075946168199,0.99,-38.8636452204119
1.1075946168199,0.995,-38.8167039564822
1.1075946168199,1,-38.7699673685797
1.1075946168199,1.005,-38.7234332966357
1.1075946168199,1.01,-38.6770996134094
1.1075946168199,1.015,-38.6309642238475
1.1075946168199,1.02,-38.5850250644586
1.1075946168199,1.025,-38.539280102705
1.1075946168199,1.03,-38.4937273364071
1.1075946168199,1.035,-38.4483647931642
1.1075946168199,1.04,-38.4031905297877
1.1075946168199,1.045,-38.3582026317495
1.1075946168199,1.05,-38.3133992126423
1.1075946168199,1.055,-38.2687784136538
1.1075946168199,1.06,-38.2243384030524
1.1075946168199,1.065,-38.1800773756864
1.1075946168199,1.07,-38.1359935524934
1.1075946168199,1.075,-38.0920851800225
1.1075946168199,1.08,-38.0483505299673
1.1075946168199,1.085,-38.0047878987093
1.1075946168199,1.09,-37.9613956068721
1.1075946168199,1.095,-37.9181719988865
1.1075946168199,1.1,-37.8751154425645
1.1075946168199,1.105,-37.832224328684
1.1075946168199,1.11,-37.7894970705821
1.1075946168199,1.115,-37.7469321037585
1.1075946168199,1.12,-37.7045278854868
1.1075946168199,1.125,-37.6622828944355
1.1075946168199,1.13,-37.6201956302972
1.1075946168199,1.135,-37.5782646134253
1.1075946168199,1.14,-37.53648838448
1.1075946168199,1.145,-37.4948655040812
1.1075946168199,1.15,-37.4533945524693
1.1075946168199,1.155,-37.4120741291737
1.1075946168199,1.16,-37.3709028526879
1.1075946168199,1.165,-37.3298793601524
1.1075946168199,1.17,-37.2890023070438
1.1075946168199,1.175,-37.2482703668713
1.1075946168199,1.18,-37.2076822308788
1.1075946168199,1.185,-37.1672366077543
1.1075946168199,1.19,-37.1269322233449
1.1075946168199,1.195,-37.086767820378
1.1075946168199,1.2,-37.0467421581885
1.1075946168199,1.205,-37.0068540124517
1.1075946168199,1.21,-36.9671021749214
1.1075946168199,1.215,-36.9274854531744
1.1075946168199,1.22,-36.8880026703592
1.1075946168199,1.225,-36.8486526649507
1.1075946168199,1.23,-36.80943429051
1.1075946168199,1.235,-36.7703464154481
1.1075946168199,1.24,-36.7313879227961
1.1075946168199,1.245,-36.6925577099785
1.1075946168199,1.25,-36.6538546885922
1.1075946168199,1.255,-36.6152777841896
1.1075946168199,1.26,-36.5768259360658
1.1075946168199,1.265,-36.5384980970507
1.1075946168199,1.27,-36.5002932333046
1.1075946168199,1.275,-36.4622103241187
1.1075946168199,1.28,-36.4242483617187
1.1075946168199,1.285,-36.3864063510727
1.1075946168199,1.29,-36.3486833097031
1.1075946168199,1.295,-36.311078267502
1.1075946168199,1.3,-36.2735902665501
1.1075946168199,1.305,-36.2362183609394
1.1075946168199,1.31,-36.1989616165992
1.1075946168199,1.315,-36.1618191111255
1.1075946168199,1.32,-36.1247899336138
1.1075946168199,1.325,-36.0878731844951
1.1075946168199,1.33,-36.0510679753747
1.1075946168199,1.335,-36.014373428875
1.1075946168199,1.34,-35.9777886784803
1.1075946168199,1.345,-35.941312868385
1.1075946168199,1.35,-35.904945153345
1.1075946168199,1.355,-35.8686846985311
1.1075946168199,1.36,-35.8325306793861
1.1075946168199,1.365,-35.7964822814839
1.1075946168199,1.37,-35.7605387003916
1.1075946168199,1.375,-35.7246991415341
1.1075946168199,1.38,-35.6889628200608
1.1075946168199,1.385,-35.6533289607161
1.1075946168199,1.39,-35.6177967977102
1.1075946168199,1.395,-35.5823655745944
1.1075946168199,1.4,-35.5470345441374
1.1075946168199,1.405,-35.5118029682042
1.1075946168199,1.41,-35.4766701176372
1.1075946168199,1.415,-35.4416352721397
1.1075946168199,1.42,-35.4066977201615
1.1075946168199,1.425,-35.3718567587859
1.1075946168199,1.43,-35.3371116936197
1.1075946168199,1.435,-35.3024618386845
1.1075946168199,1.44,-35.2679065163104
1.1075946168199,1.445,-35.2334450570314
1.1075946168199,1.45,-35.1990767994824
1.1075946168199,1.455,-35.1648010902988
1.1075946168199,1.46,-35.1306172840169
1.1075946168199,1.465,-35.0965247429768
1.1075946168199,1.47,-35.062522837227
1.1075946168199,1.475,-35.0286109444301
1.1075946168199,1.48,-34.9947884497706
1.1075946168199,1.485,-34.9610547458645
1.1075946168199,1.49,-34.92740923267
1.1075946168199,1.495,-34.8938513173999
1.1075946168199,1.5,-34.8603804144357
1.1075946168199,1.505,-34.8269959452435
1.1075946168199,1.51,-34.79369733829
1.1075946168199,1.515,-34.7604840289617
1.1075946168199,1.52,-34.7273554594846
1.1075946168199,1.525,-34.6943110788448
1.1075946168199,1.53,-34.6613503427116
1.1075946168199,1.535,-34.6284727133612
1.1075946168199,1.54,-34.5956776596014
1.1075946168199,1.545,-34.5629646566986
1.1075946168199,1.55,-34.530333186305
1.1075946168199,1.555,-34.4977827363876
1.1075946168199,1.56,-34.4653128011584
1.1075946168199,1.565,-34.4329228810052
1.1075946168199,1.57,-34.4006124824243
1.1075946168199,1.575,-34.3683811179541
1.1075946168199,1.58,-34.3362283061093
1.1075946168199,1.585,-34.3041535713169
1.1075946168199,1.59,-34.2721564438527
1.1075946168199,1.595,-34.2402364597795
1.1075946168199,1.6,-34.2083931608853
1.1075946168199,1.605,-34.1766260946237
1.1075946168199,1.61,-34.1449348140543
1.1075946168199,1.615,-34.1133188777845
1.1075946168199,1.62,-34.0817778499126
1.1075946168199,1.625,-34.0503112999707
1.1075946168199,1.63,-34.0189188028699
1.1075946168199,1.635,-33.9875999388454
1.1075946168199,1.64,-33.9563542934028
1.1075946168199,1.645,-33.9251814572655
1.1075946168199,1.65,-33.8940810263222
1.1075946168199,1.655,-33.8630526015765
1.1075946168199,1.66,-33.8320957890957
1.1075946168199,1.665,-33.8012101999617
1.1075946168199,1.67,-33.7703954502222
1.1075946168199,1.675,-33.7396511608426
1.1075946168199,1.68,-33.7089769576586
1.1075946168199,1.685,-33.6783724713297
1.1075946168199,1.69,-33.6478373372938
1.1075946168199,1.695,-33.6173711957212
1.1075946168199,1.7,-33.5869736914712
1.1075946168199,1.705,-33.5566444740476
1.1075946168199,1.71,-33.5263831975558
1.1075946168199,1.715,-33.4961895206607
1.1075946168199,1.72,-33.4660631065446
1.1075946168199,1.725,-33.4360036228661
1.1075946168199,1.73,-33.4060107417197
1.1075946168199,1.735,-33.3760841395957
1.1075946168199,1.74,-33.3462234973411
1.1075946168199,1.745,-33.3164285001207
1.1075946168199,1.75,-33.2866988373788
1.1075946168199,1.755,-33.2570342028019
1.1075946168199,1.76,-33.2274342942814
1.1075946168199,1.765,-33.1978988138774
1.1075946168199,1.77,-33.1684274677821
1.1075946168199,1.775,-33.139019966285
1.1075946168199,1.78,-33.1096760237374
1.1075946168199,1.785,-33.0803953585184
1.1075946168199,1.79,-33.0511776930006
1.1075946168199,1.795,-33.0220227535166
1.1075946168199,1.8,-32.9929302703261
1.1075946168199,1.805,-32.9638999775834
1.1075946168199,1.81,-32.9349316133051
1.1075946168199,1.815,-32.9060249193384
1.1075946168199,1.82,-32.8771796413302
1.1075946168199,1.825,-32.8483955286959
1.1075946168199,1.83,-32.8196723345891
1.1075946168199,1.835,-32.7910098158718
1.1075946168199,1.84,-32.7624077330845
1.1075946168199,1.845,-32.7338658504173
1.1075946168199,1.85,-32.7053839356809
1.1075946168199,1.855,-32.6769617602782
1.1075946168199,1.86,-32.648599099176
1.1075946168199,1.865,-32.6202957308779
1.1075946168199,1.87,-32.5920514373963
1.1075946168199,1.875,-32.5638660042257
1.1075946168199,1.88,-32.5357392203158
1.1075946168199,1.885,-32.5076708780454
1.1075946168199,1.89,-32.4796607731962
1.1075946168199,1.895,-32.4517087049273
1.1075946168199,1.9,-32.4238144757494
1.1075946168199,1.905,-32.3959778915001
1.1075946168199,1.91,-32.3681987613187
1.1075946168199,1.915,-32.3404768976222
1.1075946168199,1.92,-32.3128121160805
1.1075946168199,1.925,-32.2852042355928
1.1075946168199,1.93,-32.2576530782637
1.1075946168199,1.935,-32.2301584693801
1.1075946168199,1.94,-32.2027202373875
1.1075946168199,1.945,-32.1753382138676
1.1075946168199,1.95,-32.1480122335151
1.1075946168199,1.955,-32.1207421341158
1.1075946168199,1.96,-32.0935277565239
1.1075946168199,1.965,-32.0663689446404
1.1075946168199,1.97,-32.0392655453909
1.1075946168199,1.975,-32.0122174087047
1.1075946168199,1.98,-31.9852243874927
1.1075946168199,1.985,-31.9582863376266
1.1075946168199,1.99,-31.9314031179184
1.1075946168199,1.995,-31.9045745900986
1.1075946168199,2,-31.8778006187968
1.1075946168199,2.005,-31.8510810715204
1.1075946168199,2.01,-31.8244158186349
1.1075946168199,2.015,-31.7978047333437
1.1075946168199,2.02,-31.7712476916682
1.1075946168199,2.025,-31.7447445724282
1.1075946168199,2.03,-31.7182952572222
1.1075946168199,2.035,-31.6918996304081
1.1075946168199,2.04,-31.6655575790839
1.1075946168199,2.045,-31.6392689930685
1.1075946168199,2.05,-31.6130337648829
1.1075946168199,2.055,-31.5868517897313
1.1075946168199,2.06,-31.5607229654821
1.1075946168199,2.065,-31.5346471926497
1.1075946168199,2.07,-31.5086243743756
1.1075946168199,2.075,-31.4826544164104
1.1075946168199,2.08,-31.4567372270954
1.1075946168199,2.085,-31.4308727173442
1.1075946168199,2.09,-31.405060800625
1.1075946168199,2.095,-31.3793013929422
1.1075946168199,2.1,-31.3535944128191
1.1075946168199,2.105,-31.3279397812796
1.1075946168199,2.11,-31.3023374218304
1.1075946168199,2.115,-31.276787260444
1.1075946168199,2.12,-31.2512892255404
1.1075946168199,2.125,-31.2258432479701
1.1075946168199,2.13,-31.2004492609965
1.1075946168199,2.135,-31.1751072002782
1.1075946168199,2.14,-31.1498170038524
1.1075946168199,2.145,-31.1245786121168
1.1075946168199,2.15,-31.0993919678133
1.1075946168199,2.155,-31.0742570160097
1.1075946168199,2.16,-31.0491737040836
1.1075946168199,2.165,-31.0241419817048
1.1075946168199,2.17,-30.9991618008181
1.1075946168199,2.175,-30.9742331156268
1.1075946168199,2.18,-30.949355882575
1.1075946168199,2.185,-30.9245300603312
1.1075946168199,2.19,-30.8997556097709
1.1075946168199,2.195,-30.8750324939599
1.1075946168199,2.2,-30.8503606781374
1.1075946168199,2.205,-30.8257401296988
1.1075946168199,2.21,-30.8011708181787
1.1075946168199,2.215,-30.7766527152345
1.1075946168199,2.22,-30.7521857946289
1.1075946168199,2.225,-30.7277700322131
1.1075946168199,2.23,-30.7034054059101
1.1075946168199,2.235,-30.6790918956972
1.1075946168199,2.24,-30.6548294835895
1.1075946168199,2.245,-30.6306181536228
1.1075946168199,2.25,-30.6064578918364
1.1075946168199,2.255,-30.582348686256
1.1075946168199,2.26,-30.5582905268768
1.1075946168199,2.265,-30.5342834056464
1.1075946168199,2.27,-30.5103273164473
1.1075946168199,2.275,-30.4864222550802
1.1075946168199,2.28,-30.4625682192463
1.1075946168199,2.285,-30.4387652085303
1.1075946168199,2.29,-30.4150132243829
1.1075946168199,2.295,-30.3913122701037
1.1075946168199,2.3,-30.3676623508232
1.1075946168199,2.305,-30.344063473486
1.1075946168199,2.31,-30.3205156468327
1.1075946168199,2.315,-30.2970188813826
1.1075946168199,2.32,-30.2735731894159
1.1075946168199,2.325,-30.2501785849558
1.1075946168199,2.33,-30.2268350837512
1.1075946168199,2.335,-30.203542703258
1.1075946168199,2.34,-30.1803014626221
1.1075946168199,2.345,-30.1571113826604
1.1075946168199,2.35,-30.1339724858435
1.1075946168199,2.355,-30.1108847962769
1.1075946168199,2.36,-30.087848339683
1.1075946168199,2.365,-30.0648631433829
1.1075946168199,2.37,-30.0419292362773
1.1075946168199,2.375,-30.0190466488287
1.1075946168199,2.38,-29.9962154130424
1.1075946168199,2.385,-29.9734355624477
1.1075946168199,2.39,-29.950707132079
1.1075946168199,2.395,-29.9280301584573
1.1075946168199,2.4,-29.9054046795707
1.1075946168199,2.405,-29.8828307348554
1.1075946168199,2.41,-29.8603083651767
1.1075946168199,2.415,-29.837837612809
1.1075946168199,2.42,-29.8154185214173
1.1075946168199,2.425,-29.7930511360367
1.1075946168199,2.43,-29.7707355030533
1.1075946168199,2.435,-29.7484716701842
1.1075946168199,2.44,-29.7262596864575
1.1075946168199,2.445,-29.7040996021926
1.1075946168199,2.45,-29.6819914689795
1.1075946168199,2.455,-29.6599353396593
1.1075946168199,2.46,-29.637931268303
1.1075946168199,2.465,-29.6159793101915
1.1075946168199,2.47,-29.5940795217951
1.1075946168199,2.475,-29.5722319607521
1.1075946168199,2.48,-29.5504366858486
1.1075946168199,2.485,-29.5286937569971
1.1075946168199,2.49,-29.5070032352155
1.1075946168199,2.495,-29.485365182606
1.1075946168199,2.5,-29.4637796623332
1.1075946168199,2.505,-29.4422467386031
1.1075946168199,2.51,-29.4207664766415
1.1075946168199,2.515,-29.3993389426716
1.1075946168199,2.52,-29.3779642038927
1.1075946168199,2.525,-29.356642328458
1.1075946168199,2.53,-29.3353733854523
1.1075946168199,2.535,-29.3141574448697
1.1075946168199,2.54,-29.2929945775915
1.1075946168199,2.545,-29.2718848553631
1.1075946168199,2.55,-29.2508283507716
1.1075946168199,2.555,-29.2298251372231
1.1075946168199,2.56,-29.2088752889193
1.1075946168199,2.565,-29.187978880835
1.1075946168199,2.57,-29.1671359886941
1.1075946168199,2.575,-29.1463466889471
1.1075946168199,2.58,-29.1256110587467
1.1075946168199,2.585,-29.1049291759251
1.1075946168199,2.59,-29.0843011189693
1.1075946168199,2.595,-29.0637269669979
1.1075946168199,2.6,-29.0432067997369
1.1075946168199,2.605,-29.0227406974952
1.1075946168199,2.61,-29.002328741141
1.1075946168199,2.615,-28.9819710120767
1.1075946168199,2.62,-28.9616675922146
1.1075946168199,2.625,-28.9414185639525
1.1075946168199,2.63,-28.9212240101486
1.1075946168199,2.635,-28.9010840140966
1.1075946168199,2.64,-28.8809986595008
1.1075946168199,2.645,-28.860968030451
1.1075946168199,2.65,-28.840992211397
1.1075946168199,2.655,-28.8210712871232
1.1075946168199,2.66,-28.8012053427234
1.1075946168199,2.665,-28.7813944635748
1.1075946168199,2.67,-28.7616387353126
1.1075946168199,2.675,-28.7419382438038
1.1075946168199,2.68,-28.7222930751215
1.1075946168199,2.685,-28.7027033155189
1.1075946168199,2.69,-28.6831690514025
1.1075946168199,2.695,-28.6636903693069
1.1075946168199,2.7,-28.6442673558673
1.1075946168199,2.705,-28.6249000977937
1.1075946168199,2.71,-28.6055886818443
1.1075946168199,2.715,-28.5863331947985
1.1075946168199,2.72,-28.5671337234304
1.1075946168199,2.725,-28.5479903544818
1.1075946168199,2.73,-28.5289031746353
1.1075946168199,2.735,-28.5098722704875
1.1075946168199,2.74,-28.4908977285216
1.1075946168199,2.745,-28.4719796350803
1.1075946168199,2.75,-28.4531180763386
1.1075946168199,2.755,-28.4343131382766
1.1075946168199,2.76,-28.4155649066518
1.1075946168199,2.765,-28.396873466972
1.1075946168199,2.77,-28.3782389044674
1.1075946168199,2.775,-28.3596613040635
1.1075946168199,2.78,-28.3411407503529
1.1075946168199,2.785,-28.3226773275684
1.1075946168199,2.79,-28.3042711195543
1.1075946168199,2.795,-28.2859222097396
1.1075946168199,2.8,-28.2676306811095
1.1075946168199,2.805,-28.2493966161779
1.1075946168199,2.81,-28.2312200969596
1.1075946168199,2.815,-28.2131012049419
1.1075946168199,2.82,-28.1950400210575
1.1075946168199,2.825,-28.1770366256558
1.1075946168199,2.83,-28.1590910984755
1.1075946168199,2.835,-28.1412035186161
1.1075946168199,2.84,-28.1233739645107
1.1075946168199,2.845,-28.1056025138972
1.1075946168199,2.85,-28.0878892437911
1.1075946168199,2.855,-28.0702342304569
1.1075946168199,2.86,-28.0526375493808
1.1075946168199,2.865,-28.0350992752422
1.1075946168199,2.87,-28.0176194818862
1.1075946168199,2.875,-28.0001982422957
1.1075946168199,2.88,-27.9828356285635
1.1075946168199,2.885,-27.9655317118644
1.1075946168199,2.89,-27.9482865624277
1.1075946168199,2.895,-27.9311002495096
1.1075946168199,2.9,-27.913972841365
1.1075946168199,2.905,-27.8969044052208
1.1075946168199,2.91,-27.8798950072474
1.1075946168199,2.915,-27.8629447125323
1.1075946168199,2.92,-27.8460535850519
1.1075946168199,2.925,-27.8292216876448
1.1075946168199,2.93,-27.812449081984
1.1075946168199,2.935,-27.7957358285508
1.1075946168199,2.94,-27.7790819866068
1.1075946168199,2.945,-27.7624876141676
1.1075946168199,2.95,-27.7459527679757
1.1075946168199,2.955,-27.7294775034743
1.1075946168199,2.96,-27.7130618747805
1.1075946168199,2.965,-27.6967059346586
1.1075946168199,2.97,-27.6804097344944
1.1075946168199,2.975,-27.6641733242688
1.1075946168199,2.98,-27.6479967525319
1.1075946168199,2.985,-27.631880066377
1.1075946168199,2.99,-27.6158233114153
1.1075946168199,2.995,-27.5998265317499
1.1075946168199,3,-27.5838897699512
1.1075946168199,3.005,-27.5680130670309
1.1075946168199,3.01,-27.5521964624177
1.1075946168199,3.015,-27.5364399939325
1.1075946168199,3.02,-27.5207436977632
1.1075946168199,3.025,-27.5051076084412
1.1075946168199,3.03,-27.4895317588166
1.1075946168199,3.035,-27.4740161800346
1.1075946168199,3.04,-27.4585609015116
1.1075946168199,3.045,-27.4431659509118
1.1075946168199,3.05,-27.4278313541238
1.1075946168199,3.055,-27.4125571352379
1.1075946168199,3.06,-27.3973433165231
1.1075946168199,3.065,-27.3821899184045
1.1075946168199,3.07,-27.3670969594411
1.1075946168199,3.075,-27.3520644563041
1.1075946168199,3.08,-27.3370924237546
1.1075946168199,3.085,-27.3221808746228
1.1075946168199,3.09,-27.3073298197864
1.1075946168199,3.095,-27.2925392681497
1.1075946168199,3.1,-27.2778092266234
1.1075946168199,3.105,-27.2631397001039
1.1075946168199,3.11,-27.2485306914536
1.1075946168199,3.115,-27.2339822014811
1.1075946168199,3.12,-27.2194942289219
1.1075946168199,3.125,-27.2050667704195
1.1075946168199,3.13,-27.1906998205066
1.1075946168199,3.135,-27.1763933715865
1.1075946168199,3.14,-27.1621474139157
1.1075946168199,3.145,-27.1479619355858
1.1075946168199,3.15,-27.133836922506
1.1075946168199,3.155,-27.1197723583867
1.1075946168199,3.16,-27.1057682247227
1.1075946168199,3.165,-27.0918245007767
1.1075946168199,3.17,-27.0779411635637
1.1075946168199,3.175,-27.0641181878358
1.1075946168199,3.18,-27.0503555460663
1.1075946168199,3.185,-27.0366532084361
1.1075946168199,3.19,-27.0230111428186
1.1075946168199,3.195,-27.0094293147658
1.1075946168199,3.2,-26.9959076874955
1.1075946168199,3.205,-26.9824462218774
1.1075946168199,3.21,-26.969044876421
1.1075946168199,3.215,-26.9557036072631
1.1075946168199,3.22,-26.9424223681558
1.1075946168199,3.225,-26.9292011104556
1.1075946168199,3.23,-26.9160397831119
1.1075946168199,3.235,-26.9029383326568
1.1075946168199,3.24,-26.8898967031948
1.1075946168199,3.245,-26.8769148363932
1.1075946168199,3.25,-26.8639926714729
1.1075946168199,3.255,-26.8511301451998
1.1075946168199,3.26,-26.8383271918761
1.1075946168199,3.265,-26.8255837433327
1.1075946168199,3.27,-26.812899728922
1.1075946168199,3.275,-26.8002750755104
1.1075946168199,3.28,-26.7877097074725
1.1075946168199,3.285,-26.7752035466846
1.1075946168199,3.29,-26.7627565125195
1.1075946168199,3.295,-26.7503685218411
1.1075946168199,3.3,-26.7380394890003
1.1075946168199,3.305,-26.7257693258304
1.1075946168199,3.31,-26.713557941644
1.1075946168199,3.315,-26.7014052432296
1.1075946168199,3.32,-26.6893111348487
1.1075946168199,3.325,-26.6772755182343
1.1075946168199,3.33,-26.6652982925886
1.1075946168199,3.335,-26.6533793545824
1.1075946168199,3.34,-26.6415185983537
1.1075946168199,3.345,-26.6297159155084
1.1075946168199,3.35,-26.6179711951199
1.1075946168199,3.355,-26.6062843237303
1.1075946168199,3.36,-26.5946551853515
1.1075946168199,3.365,-26.583083661467
1.1075946168199,3.37,-26.5715696310346
1.1075946168199,3.375,-26.5601129704885
1.1075946168199,3.38,-26.5487135537432
1.1075946168199,3.385,-26.5373712521972
1.1075946168199,3.39,-26.526085934737
1.1075946168199,3.395,-26.5148574677421
1.1075946168199,3.4,-26.5036857150904
1.1075946168199,3.405,-26.4925705381637
1.1075946168199,3.41,-26.4815117958545
1.1075946168199,3.415,-26.470509344572
1.1075946168199,3.42,-26.4595630382504
1.1075946168199,3.425,-26.4486727283556
1.1075946168199,3.43,-26.4378382638943
1.1075946168199,3.435,-26.4270594914224
1.1075946168199,3.44,-26.4163362550544
1.1075946168199,3.445,-26.405668396473
1.1075946168199,3.45,-26.3950557549393
1.1075946168199,3.455,-26.3844981673038
1.1075946168199,3.46,-26.3739954680172
1.1075946168199,3.465,-26.3635474891426
1.1075946168199,3.47,-26.3531540603671
1.1075946168199,3.475,-26.3428150090147
1.1075946168199,3.48,-26.3325301600595
1.1075946168199,3.485,-26.3222993361391
1.1075946168199,3.49,-26.3121223575686
1.1075946168199,3.495,-26.3019990423555
1.1075946168199,3.5,-26.291929206214
1.1075946168199,3.505,-26.2819126625811
1.1075946168199,3.51,-26.2719492226319
1.1075946168199,3.515,-26.2620386952963
1.1075946168199,3.52,-26.2521808872758
1.1075946168199,3.525,-26.2423756030602
1.1075946168199,3.53,-26.232622644946
1.1075946168199,3.535,-26.2229218130538
1.1075946168199,3.54,-26.213272905347
1.1075946168199,3.545,-26.2036757176512
1.1075946168199,3.55,-26.1941300436727
1.1075946168199,3.555,-26.1846356750191
1.1075946168199,3.56,-26.1751924012187
1.1075946168199,3.565,-26.1658000097416
1.1075946168199,3.57,-26.1564582860207
1.1075946168199,3.575,-26.1471670134726
1.1075946168199,3.58,-26.1379259735198
1.1075946168199,3.585,-26.1287349456124
1.1075946168199,3.59,-26.1195937072511
1.1075946168199,3.595,-26.1105020340097
1.1075946168199,3.6,-26.1014596995586
1.1075946168199,3.605,-26.092466475688
1.1075946168199,3.61,-26.0835221323323
1.1075946168199,3.615,-26.0746264375943
1.1075946168199,3.62,-26.0657791577693
1.1075946168199,3.625,-26.0569800573709
1.1075946168199,3.63,-26.0482288991557
1.1075946168199,3.635,-26.0395254441492
1.1075946168199,3.64,-26.0308694516713
1.1075946168199,3.645,-26.0222606793631
1.1075946168199,3.65,-26.0136988832131
1.1075946168199,3.655,-26.0051838175839
1.1075946168199,3.66,-25.9967152352395
1.1075946168199,3.665,-25.9882928873727
1.1075946168199,3.67,-25.9799165236327
1.1075946168199,3.675,-25.9715858921526
1.1075946168199,3.68,-25.9633007395782
1.1075946168199,3.685,-25.9550608110961
1.1075946168199,3.69,-25.9468658504621
1.1075946168199,3.695,-25.9387156000307
1.1075946168199,3.7,-25.9306098007834
1.1075946168199,3.705,-25.9225481923586
1.1075946168199,3.71,-25.9145305130808
1.1075946168199,3.715,-25.9065564999906
1.1075946168199,3.72,-25.8986258888743
1.1075946168199,3.725,-25.890738414294
1.1075946168199,3.73,-25.8828938096183
1.1075946168199,3.735,-25.8750918070522
1.1075946168199,3.74,-25.8673321376677
1.1075946168199,3.745,-25.859614531435
1.1075946168199,3.75,-25.8519387172529
1.1075946168199,3.755,-25.8443044229803
1.1075946168199,3.76,-25.8367113754666
1.1075946168199,3.765,-25.8291593005837
1.1075946168199,3.77,-25.8216479232568
1.1075946168199,3.775,-25.8141769674964
1.1075946168199,3.78,-25.8067461564292
1.1075946168199,3.785,-25.7993552123303
1.1075946168199,3.79,-25.7920038566546
1.1075946168199,3.795,-25.7846918100685
1.1075946168199,3.8,-25.7774187924822
1.1075946168199,3.805,-25.7701845230807
1.1075946168199,3.81,-25.7629887203568
1.1075946168199,3.815,-25.7558311021422
1.1075946168199,3.82,-25.7487113856396
1.1075946168199,3.825,-25.7416292874552
1.1075946168199,3.83,-25.7345845236299
1.1075946168199,3.835,-25.7275768096719
1.1075946168199,3.84,-25.7206058605885
1.1075946168199,3.845,-25.7136713909179
1.1075946168199,3.85,-25.706773114761
1.1075946168199,3.855,-25.6999107458139
1.1075946168199,3.86,-25.6930839973989
1.1075946168199,3.865,-25.6862925824969
1.1075946168199,3.87,-25.6795362137789
1.1075946168199,3.875,-25.6728146036375
1.1075946168199,3.88,-25.6661274642188
1.1075946168199,3.885,-25.6594745074535
1.1075946168199,3.89,-25.6528554450884
1.1075946168199,3.895,-25.6462699887179
1.1075946168199,3.9,-25.6397178498147
1.1075946168199,3.905,-25.6331987397615
1.1075946168199,3.91,-25.626712369881
1.1075946168199,3.915,-25.6202584514676
1.1075946168199,3.92,-25.6138366958174
1.1075946168199,3.925,-25.6074468142589
1.1075946168199,3.93,-25.6010885181832
1.1075946168199,3.935,-25.5947615190742
1.1075946168199,3.94,-25.5884655285388
1.1075946168199,3.945,-25.5822002583362
1.1075946168199,3.95,-25.5759654204078
1.1075946168199,3.955,-25.5697607269065
1.1075946168199,3.96,-25.5635858902258
1.1075946168199,3.965,-25.557440623029
1.1075946168199,3.97,-25.5513246382778
1.1075946168199,3.975,-25.5452376492605
1.1075946168199,3.98,-25.5391793696208
1.1075946168199,3.985,-25.5331495133857
1.1075946168199,3.99,-25.5271477949928
1.1075946168199,3.995,-25.5211739293186
1.1075946168199,4,-25.515227631705
1.1075946168199,4.005,-25.5093086179868
1.1075946168199,4.01,-25.5034166045183
1.1075946168199,4.015,-25.4975513081995
1.1075946168199,4.02,-25.4917124465024
1.1075946168199,4.025,-25.4858997374969
1.1075946168199,4.03,-25.4801128998763
1.1075946168199,4.035,-25.4743516529824
1.1075946168199,4.04,-25.4686157168304
1.1075946168199,4.045,-25.4629048121339
1.1075946168199,4.05,-25.4572186603285
1.1075946168199,4.055,-25.4515569835962
1.1075946168199,4.06,-25.4459195048889
1.1075946168199,4.065,-25.4403059479515
1.1075946168199,4.07,-25.434716037345
1.1075946168199,4.075,-25.4291494984689
1.1075946168199,4.08,-25.4236060575835
1.1075946168199,4.085,-25.4180854418315
1.1075946168199,4.09,-25.4125873792599
1.1075946168199,4.095,-25.4071115988405
1.1075946168199,4.1,-25.4016578304911
1.1075946168199,4.105,-25.3962258050955
1.1075946168199,4.11,-25.3908152545238
1.1075946168199,4.115,-25.3854259116514
1.1075946168199,4.12,-25.3800575103788
1.1075946168199,4.125,-25.3747097856497
1.1075946168199,4.13,-25.36938247347
1.1075946168199,4.135,-25.3640753109251
1.1075946168199,4.14,-25.3587880361982
1.1075946168199,4.145,-25.3535203885867
1.1075946168199,4.15,-25.3482721085194
1.1075946168199,4.155,-25.3430429375724
1.1075946168199,4.16,-25.3378326184856
1.1075946168199,4.165,-25.3326408951774
1.1075946168199,4.17,-25.3274675127603
1.1075946168199,4.175,-25.3223122175554
1.1075946168199,4.18,-25.3171747571063
1.1075946168199,4.185,-25.3120548801931
1.1075946168199,4.19,-25.3069523368457
1.1075946168199,4.195,-25.3018668783567
1.1075946168199,4.2,-25.2967982572935
1.1075946168199,4.205,-25.2917462275109
1.1075946168199,4.21,-25.2867105441621
1.1075946168199,4.215,-25.2816909637103
1.1075946168199,4.22,-25.2766872439389
1.1075946168199,4.225,-25.2716991439621
1.1075946168199,4.23,-25.2667264242346
1.1075946168199,4.235,-25.261768846561
1.1075946168199,4.24,-25.2568261741045
1.1075946168199,4.245,-25.2518981713958
1.1075946168199,4.25,-25.2469846043406
1.1075946168199,4.255,-25.2420852402275
1.1075946168199,4.26,-25.2371998477352
1.1075946168199,4.265,-25.2323281969391
1.1075946168199,4.27,-25.2274700593175
1.1075946168199,4.275,-25.2226252077575
1.1075946168199,4.28,-25.2177934165603
1.1075946168199,4.285,-25.2129744614464
1.1075946168199,4.29,-25.2081681195596
1.1075946168199,4.295,-25.2033741694718
1.1075946168199,4.3,-25.198592391186
1.1075946168199,4.305,-25.1938225661397
1.1075946168199,4.31,-25.1890644772078
1.1075946168199,4.315,-25.1843179087051
1.1075946168199,4.32,-25.1795826463876
1.1075946168199,4.325,-25.1748584774548
1.1075946168199,4.33,-25.1701451905503
1.1075946168199,4.335,-25.1654425757623
1.1075946168199,4.34,-25.1607504246247
1.1075946168199,4.345,-25.1560685301159
1.1075946168199,4.35,-25.1513966866589
1.1075946168199,4.355,-25.1467346901202
1.1075946168199,4.36,-25.1420823378085
1.1075946168199,4.365,-25.1374394284725
1.1075946168199,4.37,-25.1328057622994
1.1075946168199,4.375,-25.1281811409118
1.1075946168199,4.38,-25.1235653673654
1.1075946168199,4.385,-25.1189582461447
1.1075946168199,4.39,-25.1143595831604
1.1075946168199,4.395,-25.1097691857447
1.1075946168199,4.4,-25.1051868626469
1.1075946168199,4.405,-25.100612424029
1.1075946168199,4.41,-25.0960456814599
1.1075946168199,4.415,-25.0914864479106
1.1075946168199,4.42,-25.0869345377479
1.1075946168199,4.425,-25.0823897667284
1.1075946168199,4.43,-25.077851951992
1.1075946168199,4.435,-25.0733209120548
1.1075946168199,4.44,-25.0687964668021
1.1075946168199,4.445,-25.064278437481
1.1075946168199,4.45,-25.0597666466924
1.1075946168199,4.455,-25.0552609183827
1.1075946168199,4.46,-25.0507610778361
1.1075946168199,4.465,-25.0462669516648
1.1075946168199,4.47,-25.0417783678009
1.1075946168199,4.475,-25.0372951554867
1.1075946168199,4.48,-25.0328171452652
1.1075946168199,4.485,-25.0283441689701
1.1075946168199,4.49,-25.0238760597158
1.1075946168199,4.495,-25.0194126518872
1.1075946168199,4.5,-25.0149537811288
1.1075946168199,4.505,-25.010499284334
1.1075946168199,4.51,-25.0060489996339
1.1075946168199,4.515,-25.001602766386
1.1075946168199,4.52,-24.9971604251626
1.1075946168199,4.525,-24.9927218177392
1.1075946168199,4.53,-24.9882867870823
1.1075946168199,4.535,-24.9838551773372
1.1075946168199,4.54,-24.9794268338159
1.1075946168199,4.545,-24.9750016029842
1.1075946168199,4.55,-24.970579332449
1.1075946168199,4.555,-24.9661598709457
1.1075946168199,4.56,-24.9617430683247
1.1075946168199,4.565,-24.9573287755382
1.1075946168199,4.57,-24.9529168446271
1.1075946168199,4.575,-24.9485071287072
1.1075946168199,4.58,-24.9440994819556
1.1075946168199,4.585,-24.9396937595966
1.1075946168199,4.59,-24.9352898178883
1.1075946168199,4.595,-24.9308875141082
1.1075946168199,4.6,-24.9264867065391
1.1075946168199,4.605,-24.9220872544548
1.1075946168199,4.61,-24.9176890181058
1.1075946168199,4.615,-24.9132918587048
1.1075946168199,4.62,-24.9088956384125
1.1075946168199,4.625,-24.9045002203226
1.1075946168199,4.63,-24.9001054684472
1.1075946168199,4.635,-24.8957112477024
1.1075946168199,4.64,-24.8913174238934
1.1075946168199,4.645,-24.8869238636996
1.1075946168199,4.65,-24.88253043466
1.1075946168199,4.655,-24.8781370051579
1.1075946168199,4.66,-24.8737434444067
1.1075946168199,4.665,-24.8693496224345
1.1075946168199,4.67,-24.8649554100696
1.1075946168199,4.675,-24.860560678925
1.1075946168199,4.68,-24.8561653013844
1.1075946168199,4.685,-24.8517691505865
1.1075946168199,4.69,-24.8473721004109
1.1075946168199,4.695,-24.8429740254628
1.1075946168199,4.7,-24.8385748010582
1.1075946168199,4.705,-24.8341743032096
1.1075946168199,4.71,-24.8297724086111
1.1075946168199,4.715,-24.8253689946235
1.1075946168199,4.72,-24.8209639392605
1.1075946168199,4.725,-24.8165571211732
1.1075946168199,4.73,-24.8121484196366
1.1075946168199,4.735,-24.8077377145347
1.1075946168199,4.74,-24.8033248863466
1.1075946168199,4.745,-24.798909816132
1.1075946168199,4.75,-24.7944923855176
1.1075946168199,4.755,-24.7900724766826
1.1075946168199,4.76,-24.7856499723456
1.1075946168199,4.765,-24.7812247557502
1.1075946168199,4.77,-24.7767967106516
1.1075946168199,4.775,-24.7723657213033
1.1075946168199,4.78,-24.7679316724437
1.1075946168199,4.785,-24.7634944492829
1.1075946168199,4.79,-24.7590539374894
1.1075946168199,4.795,-24.7546100231776
1.1075946168199,4.8,-24.7501625928948
1.1075946168199,4.805,-24.7457115336086
1.1075946168199,4.81,-24.7412567326945
1.1075946168199,4.815,-24.7367980779236
1.1075946168199,4.82,-24.7323354574505
1.1075946168199,4.825,-24.7278687598015
1.1075946168199,4.83,-24.7233978738627
1.1075946168199,4.835,-24.7189226888685
1.1075946168199,4.84,-24.7144430943899
1.1075946168199,4.845,-24.7099589803239
1.1075946168199,4.85,-24.705470236882
1.1075946168199,4.855,-24.7009767545797
1.1075946168199,4.86,-24.6964784242257
1.1075946168199,4.865,-24.6919751369115
1.1075946168199,4.87,-24.6874667840013
1.1075946168199,4.875,-24.682953257122
1.1075946168199,4.88,-24.6784344481532
1.1075946168199,4.885,-24.673910249218
1.1075946168199,4.89,-24.6693805526733
1.1075946168199,4.895,-24.664845251101
1.1075946168199,4.9,-24.6603042372988
1.1075946168199,4.905,-24.6557574042716
1.1075946168199,4.91,-24.6512046452229
1.1075946168199,4.915,-24.646645853547
1.1075946168199,4.92,-24.6420809228206
1.1075946168199,4.925,-24.6375097467949
1.1075946168199,4.93,-24.6329322193884
1.1075946168199,4.935,-24.6283482346795
1.1075946168199,4.94,-24.6237576868992
1.1075946168199,4.945,-24.6191604704243
1.1075946168199,4.95,-24.6145564797712
1.1075946168199,4.955,-24.6099456095887
1.1075946168199,4.96,-24.6053277546528
1.1075946168199,4.965,-24.6007028098598
1.1075946168199,4.97,-24.5960706702216
1.1075946168199,4.975,-24.5914312308594
1.1075946168199,4.98,-24.5867843869993
1.1075946168199,4.985,-24.5821300339664
1.1075946168199,4.99,-24.5774680671811
1.1075946168199,4.995,-24.5727983821537
1.1075946168199,5,-24.5681208744807
1.1075946168199,5.005,-24.5634354398407
1.1075946168199,5.01,-24.5587419739905
1.1075946168199,5.015,-24.5540403727615
1.1075946168199,5.02,-24.5493305320565
1.1075946168199,5.025,-24.5446123478467
1.1075946168199,5.03,-24.5398857161685
1.1075946168199,5.035,-24.5351505331214
1.1075946168199,5.04,-24.5304066948651
1.1075946168199,5.045,-24.5256540976177
1.1075946168199,5.05,-24.5208926376535
1.1075946168199,5.055,-24.5161222113017
1.1075946168199,5.06,-24.5113427149442
1.1075946168199,5.065,-24.5065540450152
1.1075946168199,5.07,-24.5017560979993
1.1075946168199,5.075,-24.4969487704315
1.1075946168199,5.08,-24.4921319588959
1.1075946168199,5.085,-24.4873055600257
1.1075946168199,5.09,-24.4824694705029
1.1075946168199,5.095,-24.4776235870583
1.1075946168199,5.1,-24.4727678064718
1.1075946168199,5.105,-24.4679020255729
1.1075946168199,5.11,-24.463026141241
1.1075946168199,5.115,-24.4581400504067
1.1075946168199,5.12,-24.4532436500527
1.1075946168199,5.125,-24.4483368372147
1.1075946168199,5.13,-24.4434195089834
1.1075946168199,5.135,-24.4384915625057
1.1075946168199,5.14,-24.4335528949865
1.1075946168199,5.145,-24.4286034036912
1.1075946168199,5.15,-24.4236429859472
1.1075946168199,5.155,-24.4186715391466
1.1075946168199,5.16,-24.4136889607488
1.1075946168199,5.165,-24.408695148283
1.1075946168199,5.17,-24.4036899993513
1.1075946168199,5.175,-24.3986734116314
1.1075946168199,5.18,-24.3936452828801
1.1075946168199,5.185,-24.3886055109368
1.1075946168199,5.19,-24.3835539937264
1.1075946168199,5.195,-24.3784906292637
1.1075946168199,5.2,-24.3734153156568
1.1075946168199,5.205,-24.3683279511111
1.1075946168199,5.21,-24.3632284339336
1.1075946168199,5.215,-24.358116662537
1.1075946168199,5.22,-24.3529925354441
1.1075946168199,5.225,-24.3478559512926
1.1075946168199,5.23,-24.3427068088394
1.1075946168199,5.235,-24.3375450069656
1.1075946168199,5.24,-24.3323704446813
1.1075946168199,5.245,-24.3271830211307
1.1075946168199,5.25,-24.3219826355975
1.1075946168199,5.255,-24.3167691875095
1.1075946168199,5.26,-24.3115425764449
1.1075946168199,5.265,-24.3063027021369
1.1075946168199,5.27,-24.3010494644801
1.1075946168199,5.275,-24.2957827635354
1.1075946168199,5.28,-24.2905024995364
1.1075946168199,5.285,-24.2852085728951
1.1075946168199,5.29,-24.2799008842079
1.1075946168199,5.295,-24.2745793342614
1.1075946168199,5.3,-24.2692438240391
1.1075946168199,5.305,-24.2638942547271
1.1075946168199,5.31,-24.2585305277206
1.1075946168199,5.315,-24.2531525446304
1.1075946168199,5.32,-24.2477602072894
1.1075946168199,5.325,-24.2423534177588
1.1075946168199,5.33,-24.236932078335
1.1075946168199,5.335,-24.231496091556
1.1075946168199,5.34,-24.2260453602084
1.1075946168199,5.345,-24.2205797873341
1.1075946168199,5.35,-24.2150992762367
1.1075946168199,5.355,-24.2096037304892
1.1075946168199,5.36,-24.2040930539399
1.1075946168199,5.365,-24.1985671507204
1.1075946168199,5.37,-24.1930259252518
1.1075946168199,5.375,-24.187469282252
1.1075946168199,5.38,-24.1818971267429
1.1075946168199,5.385,-24.1763093640576
1.1075946168199,5.39,-24.170705899847
1.1075946168199,5.395,-24.1650866400875
1.1075946168199,5.4,-24.1594514910881
1.1075946168199,5.405,-24.1538003594973
1.1075946168199,5.41,-24.1481331523106
1.1075946168199,5.415,-24.1424497768778
1.1075946168199,5.42,-24.13675014091
1.1075946168199,5.425,-24.1310341524869
1.1075946168199,5.43,-24.1253017200645
1.1075946168199,5.435,-24.1195527524817
1.1075946168199,5.44,-24.1137871589681
1.1075946168199,5.445,-24.1080048491512
1.1075946168199,5.45,-24.1022057330634
1.1075946168199,5.455,-24.0963897211496
1.1075946168199,5.46,-24.0905567242744
1.1075946168199,5.465,-24.0847066537292
1.1075946168199,5.47,-24.0788394212397
1.1075946168199,5.475,-24.072954938973
1.1075946168199,5.48,-24.0670531195448
1.1075946168199,5.485,-24.0611338760268
1.1075946168199,5.49,-24.0551971219535
1.1075946168199,5.495,-24.04924277133
1.1075946168199,5.5,-24.0432707386385
1.1075946168199,5.505,-24.0372809388461
1.1075946168199,5.51,-24.031273287411
1.1075946168199,5.515,-24.0252477002907
1.1075946168199,5.52,-24.0192040939481
1.1075946168199,5.525,-24.0131423853591
1.1075946168199,5.53,-24.0070624920192
1.1075946168199,5.535,-24.0009643319509
1.1075946168199,5.54,-23.9948478237101
1.1075946168199,5.545,-23.9887128863935
1.1075946168199,5.55,-23.982559439645
1.1075946168199,5.555,-23.9763874036629
1.1075946168199,5.56,-23.9701966992064
1.1075946168199,5.565,-23.9639872476023
1.1075946168199,5.57,-23.9577589707521
1.1075946168199,5.575,-23.9515117911382
1.1075946168199,5.58,-23.9452456318305
1.1075946168199,5.585,-23.9389604164933
1.1075946168199,5.59,-23.9326560693916
1.1075946168199,5.595,-23.9263325153975
1.1075946168199,5.6,-23.9199896799968
1.1075946168199,5.605,-23.9136274892952
1.1075946168199,5.61,-23.9072458700246
1.1075946168199,5.615,-23.9008447495494
1.1075946168199,5.62,-23.894424055873
1.1075946168199,5.625,-23.8879837176433
1.1075946168199,5.63,-23.8815236641596
1.1075946168199,5.635,-23.8750438253781
1.1075946168199,5.64,-23.8685441319178
1.1075946168199,5.645,-23.8620245150671
1.1075946168199,5.65,-23.8554849067891
1.1075946168199,5.655,-23.8489252397275
1.1075946168199,5.66,-23.8423454472128
1.1075946168199,5.665,-23.8357454632675
1.1075946168199,5.67,-23.8291252226119
1.1075946168199,5.675,-23.8224846606701
1.1075946168199,5.68,-23.8158237135749
1.1075946168199,5.685,-23.8091423181739
1.1075946168199,5.69,-23.8024404120345
1.1075946168199,5.695,-23.7957179334496
1.1075946168199,5.7,-23.7889748214427
1.1075946168199,5.705,-23.7822110157731
1.1075946168199,5.71,-23.7754264569414
1.1075946168199,5.715,-23.7686210861945
1.1075946168199,5.72,-23.7617948455306
1.1075946168199,5.725,-23.7549476777043
1.1075946168199,5.73,-23.7480795262315
1.1075946168199,5.735,-23.7411903353947
1.1075946168199,5.74,-23.7342800502472
1.1075946168199,5.745,-23.7273486166184
1.1075946168199,5.75,-23.7203959811185
1.1075946168199,5.755,-23.7134220911428
1.1075946168199,5.76,-23.7064268948769
1.1075946168199,5.765,-23.6994103413009
1.1075946168199,5.77,-23.692372380194
1.1075946168199,5.775,-23.6853129621388
1.1075946168199,5.78,-23.6782320385261
1.1075946168199,5.785,-23.6711295615589
1.1075946168199,5.79,-23.6640054842569
1.1075946168199,5.795,-23.6568597604606
1.1075946168199,5.8,-23.6496923448356
1.1075946168199,5.805,-23.6425031928765
1.1075946168199,5.81,-23.6352922609115
1.1075946168199,5.815,-23.6280595061058
1.1075946168199,5.82,-23.620804886466
1.1075946168199,5.825,-23.6135283608438
1.1075946168199,5.83,-23.6062298889401
1.1075946168199,5.835,-23.5989094313087
1.1075946168199,5.84,-23.5915669493599
1.1075946168199,5.845,-23.5842024053646
1.1075946168199,5.85,-23.5768157624577
1.1075946168199,5.855,-23.5694069846418
1.1075946168199,5.86,-23.5619760367907
1.1075946168199,5.865,-23.5545228846533
1.1075946168199,5.87,-23.5470474948565
1.1075946168199,5.875,-23.5395498349091
1.1075946168199,5.88,-23.5320298732052
1.1075946168199,5.885,-23.5244875790273
1.1075946168199,5.89,-23.5169229225496
1.1075946168199,5.895,-23.5093358748418
1.1075946168199,5.9,-23.5017264078715
1.1075946168199,5.905,-23.4940944945081
1.1075946168199,5.91,-23.4864401085258
1.1075946168199,5.915,-23.4787632246062
1.1075946168199,5.92,-23.4710638183423
1.1075946168199,5.925,-23.4633418662405
1.1075946168199,5.93,-23.4555973457245
1.1075946168199,5.935,-23.4478302351376
1.1075946168199,5.94,-23.4400405137462
1.1075946168199,5.945,-23.4322281617421
1.1075946168199,5.95,-23.424393160246
1.1075946168199,5.955,-23.4165354913097
1.1075946168199,5.96,-23.4086551379192
1.1075946168199,5.965,-23.4007520839978
1.1075946168199,5.97,-23.3928263144081
1.1075946168199,5.975,-23.3848778149553
1.1075946168199,5.98,-23.3769065723897
1.1075946168199,5.985,-23.3689125744093
1.1075946168199,5.99,-23.3608958096625
1.1075946168199,5.995,-23.3528562677507
1.1075946168199,6,-23.3447939392307
1.11389964386976,0.5,-41.1193485692639
1.11389964386976,0.505,-41.0348123248721
1.11389964386976,0.51,-40.9511468315645
1.11389964386976,0.515,-40.8683354999449
1.11389964386976,0.52,-40.7863622222093
1.11389964386976,0.525,-40.7052113537279
1.11389964386976,0.53,-40.6248676955008
1.11389964386976,0.535,-40.5453164774366
1.11389964386976,0.54,-40.4665433424082
1.11389964386976,0.545,-40.3885343310446
1.11389964386976,0.55,-40.3112758672158
1.11389964386976,0.555,-40.2347547441746
1.11389964386976,0.56,-40.1589581113207
1.11389964386976,0.565,-40.083873461552
1.11389964386976,0.57,-40.0094886191733
1.11389964386976,0.575,-39.9357917283337
1.11389964386976,0.58,-39.8627712419632
1.11389964386976,0.585,-39.7904159111855
1.11389964386976,0.59,-39.7187147751806
1.11389964386976,0.595,-39.6476571514749
1.11389964386976,0.6,-39.5772326266384
1.11389964386976,0.605,-39.5074310473671
1.11389964386976,0.61,-39.4382425119331
1.11389964386976,0.615,-39.369657361983
1.11389964386976,0.62,-39.3016661746695
1.11389964386976,0.625,-39.2342597550972
1.11389964386976,0.63,-39.1674291290716
1.11389964386976,0.635,-39.1011655361331
1.11389964386976,0.64,-39.035460422865
1.11389964386976,0.645,-38.9703054364618
1.11389964386976,0.65,-38.9056924185456
1.11389964386976,0.655,-38.8416133992202
1.11389964386976,0.66,-38.7780605913503
1.11389964386976,0.665,-38.7150263850577
1.11389964386976,0.67,-38.6525033424233
1.11389964386976,0.675,-38.5904841923855
1.11389964386976,0.68,-38.528961825828
1.11389964386976,0.685,-38.4679292908471
1.11389964386976,0.69,-38.4073797881911
1.11389964386976,0.695,-38.3473066668641
1.11389964386976,0.7,-38.2877034198888
1.11389964386976,0.705,-38.2285636802183
1.11389964386976,0.71,-38.169881216794
1.11389964386976,0.715,-38.1116499307411
1.11389964386976,0.72,-38.0538638516969
1.11389964386976,0.725,-37.9965171342665
1.11389964386976,0.73,-37.9396040545999
1.11389964386976,0.735,-37.8831190070865
1.11389964386976,0.74,-37.8270565011616
1.11389964386976,0.745,-37.7714111582203
1.11389964386976,0.75,-37.7161777086348
1.11389964386976,0.755,-37.6613509888715
1.11389964386976,0.76,-37.606925938702
1.11389964386976,0.765,-37.5528975985072
1.11389964386976,0.77,-37.4992611066682
1.11389964386976,0.775,-37.4460116970422
1.11389964386976,0.78,-37.3931446965192
1.11389964386976,0.785,-37.3406555226582
1.11389964386976,0.79,-37.2885396813963
1.11389964386976,0.795,-37.2367927648326
1.11389964386976,0.8,-37.1854104490796
1.11389964386976,0.805,-37.1343884921834
1.11389964386976,0.81,-37.0837227321067
1.11389964386976,0.815,-37.0334090847755
1.11389964386976,0.82,-36.9834435421847
1.11389964386976,0.825,-36.9338221705614
1.11389964386976,0.83,-36.8845411085847
1.11389964386976,0.835,-36.8355965656575
1.11389964386976,0.84,-36.7869848202318
1.11389964386976,0.845,-36.7387022181823
1.11389964386976,0.85,-36.6907451712289
1.11389964386976,0.855,-36.6431101554052
1.11389964386976,0.86,-36.5957937095724
1.11389964386976,0.865,-36.5487924339751
1.11389964386976,0.87,-36.5021029888403
1.11389964386976,0.875,-36.4557220930158
1.11389964386976,0.88,-36.4096465226474
1.11389964386976,0.885,-36.3638731098943
1.11389964386976,0.89,-36.3183987416802
1.11389964386976,0.895,-36.2732203584801
1.11389964386976,0.9,-36.2283349531402
1.11389964386976,0.905,-36.1837395697313
1.11389964386976,0.91,-36.1394313024337
1.11389964386976,0.915,-36.0954072944526
1.11389964386976,0.92,-36.0516647369631
1.11389964386976,0.925,-36.0082008680845
1.11389964386976,0.93,-35.9650129718816
1.11389964386976,0.935,-35.9220983773934
1.11389964386976,0.94,-35.8794544576873
1.11389964386976,0.945,-35.8370786289393
1.11389964386976,0.95,-35.7949683495377
1.11389964386976,0.955,-35.7531211192112
1.11389964386976,0.96,-35.7115344781791
1.11389964386976,0.965,-35.6702060063245
1.11389964386976,0.97,-35.6291333223883
1.11389964386976,0.975,-35.5883140831846
1.11389964386976,0.98,-35.5477459828357
1.11389964386976,0.985,-35.5074267520269
1.11389964386976,0.99,-35.467354157281
1.11389964386976,0.995,-35.4275260002496
1.11389964386976,1,-35.3879401170239
1.11389964386976,1.005,-35.3485943774619
1.11389964386976,1.01,-35.3094866845324
1.11389964386976,1.015,-35.2706149736759
1.11389964386976,1.02,-35.2319772121807
1.11389964386976,1.025,-35.1935713985746
1.11389964386976,1.03,-35.1553955620317
1.11389964386976,1.035,-35.1174477617932
1.11389964386976,1.04,-35.0797260866028
1.11389964386976,1.045,-35.0422286541556
1.11389964386976,1.05,-35.0049536105598
1.11389964386976,1.055,-34.967899129812
1.11389964386976,1.06,-34.9310634132847
1.11389964386976,1.065,-34.8944446892258
1.11389964386976,1.07,-34.8580412122702
1.11389964386976,1.075,-34.8218512629627
1.11389964386976,1.08,-34.7858731472924
1.11389964386976,1.085,-34.7501051962375
1.11389964386976,1.09,-34.7145457653213
1.11389964386976,1.095,-34.6791932341774
1.11389964386976,1.1,-34.6440460061265
1.11389964386976,1.105,-34.6091025077614
1.11389964386976,1.11,-34.5743611885423
1.11389964386976,1.115,-34.5398205204012
1.11389964386976,1.12,-34.5054789973549
1.11389964386976,1.125,-34.4713351351274
1.11389964386976,1.13,-34.4373874707802
1.11389964386976,1.135,-34.403634562351
1.11389964386976,1.14,-34.3700749885006
1.11389964386976,1.145,-34.3367073481675
1.11389964386976,1.15,-34.3035302602304
1.11389964386976,1.155,-34.2705423631778
1.11389964386976,1.16,-34.2377423147848
1.11389964386976,1.165,-34.2051287917975
1.11389964386976,1.17,-34.1727004896237
1.11389964386976,1.175,-34.1404561220305
1.11389964386976,1.18,-34.1083944208486
1.11389964386976,1.185,-34.0765141356827
1.11389964386976,1.19,-34.0448140336284
1.11389964386976,1.195,-34.0132928989946
1.11389964386976,1.2,-33.9819495330328
1.11389964386976,1.205,-33.9507827536708
1.11389964386976,1.21,-33.9197913952535
1.11389964386976,1.215,-33.8889743082876
1.11389964386976,1.22,-33.8583303591933
1.11389964386976,1.225,-33.8278584300596
1.11389964386976,1.23,-33.7975574184062
1.11389964386976,1.235,-33.7674262369486
1.11389964386976,1.24,-33.7374638133702
1.11389964386976,1.245,-33.707669090097
1.11389964386976,1.25,-33.6780410240784
1.11389964386976,1.255,-33.6485785865716
1.11389964386976,1.26,-33.6192807629311
1.11389964386976,1.265,-33.5901465524019
1.11389964386976,1.27,-33.5611749679172
1.11389964386976,1.275,-33.5323650359001
1.11389964386976,1.28,-33.5037157960691
1.11389964386976,1.285,-33.4752263012481
1.11389964386976,1.29,-33.4468956171795
1.11389964386976,1.295,-33.4187228223413
1.11389964386976,1.3,-33.390707007768
1.11389964386976,1.305,-33.3628472768748
1.11389964386976,1.31,-33.3351427452855
1.11389964386976,1.315,-33.3075925406634
1.11389964386976,1.32,-33.2801958025462
1.11389964386976,1.325,-33.252951682183
1.11389964386976,1.33,-33.2258593423761
1.11389964386976,1.335,-33.1989179573241
1.11389964386976,1.34,-33.1721267124694
1.11389964386976,1.345,-33.1454848043481
1.11389964386976,1.35,-33.1189914404427
1.11389964386976,1.355,-33.0926458390376
1.11389964386976,1.36,-33.066447229078
1.11389964386976,1.365,-33.0403948500307
1.11389964386976,1.37,-33.0144879517478
1.11389964386976,1.375,-32.9887257943334
1.11389964386976,1.38,-32.9631076480121
1.11389964386976,1.385,-32.9376327930008
1.11389964386976,1.39,-32.9123005193819
1.11389964386976,1.395,-32.8871101269801
1.11389964386976,1.4,-32.8620609252405
1.11389964386976,1.405,-32.8371522331094
1.11389964386976,1.41,-32.8123833789174
1.11389964386976,1.415,-32.7877537002642
1.11389964386976,1.42,-32.7632625439063
1.11389964386976,1.425,-32.7389092656461
1.11389964386976,1.43,-32.7146932302235
1.11389964386976,1.435,-32.6906138112088
1.11389964386976,1.44,-32.6666703908987
1.11389964386976,1.445,-32.642862360213
1.11389964386976,1.45,-32.619189118594
1.11389964386976,1.455,-32.5956500739075
1.11389964386976,1.46,-32.5722446423454
1.11389964386976,1.465,-32.5489722483302
1.11389964386976,1.47,-32.5258323244215
1.11389964386976,1.475,-32.5028243112237
1.11389964386976,1.48,-32.4799476572954
1.11389964386976,1.485,-32.4572018190611
1.11389964386976,1.49,-32.4345862607236
1.11389964386976,1.495,-32.4121004541785
1.11389964386976,1.5,-32.38974387893
1.11389964386976,1.505,-32.3675160220084
1.11389964386976,1.51,-32.3454163778886
1.11389964386976,1.515,-32.3234444484105
1.11389964386976,1.52,-32.3015997427011
1.11389964386976,1.525,-32.2798817770968
1.11389964386976,1.53,-32.2582900750681
1.11389964386976,1.535,-32.2368241671456
1.11389964386976,1.54,-32.2154835908464
1.11389964386976,1.545,-32.194267890603
1.11389964386976,1.55,-32.1731766176921
1.11389964386976,1.555,-32.1522093301662
1.11389964386976,1.56,-32.1313655927845
1.11389964386976,1.565,-32.1106449769472
1.11389964386976,1.57,-32.0900470606285
1.11389964386976,1.575,-32.0695714283128
1.11389964386976,1.58,-32.0492176709311
1.11389964386976,1.585,-32.0289853857983
1.11389964386976,1.59,-32.0088741765517
1.11389964386976,1.595,-31.9888836530912
1.11389964386976,1.6,-31.9690134315196
1.11389964386976,1.605,-31.9492631340842
1.11389964386976,1.61,-31.9296323891198
1.11389964386976,1.615,-31.9101208309921
1.11389964386976,1.62,-31.8907281000423
1.11389964386976,1.625,-31.8714538425325
1.11389964386976,1.63,-31.8522977105923
1.11389964386976,1.635,-31.8332593621661
1.11389964386976,1.64,-31.8143384609611
1.11389964386976,1.645,-31.7955346763961
1.11389964386976,1.65,-31.776847683552
1.11389964386976,1.655,-31.7582771631219
1.11389964386976,1.66,-31.7398228013628
1.11389964386976,1.665,-31.7214842900478
1.11389964386976,1.67,-31.7032613264194
1.11389964386976,1.675,-31.6851536131429
1.11389964386976,1.68,-31.6671608582611
1.11389964386976,1.685,-31.6492827751497
1.11389964386976,1.69,-31.6315190824734
1.11389964386976,1.695,-31.6138695041421
1.11389964386976,1.7,-31.5963337692689
1.11389964386976,1.705,-31.5789116121274
1.11389964386976,1.71,-31.5616027721115
1.11389964386976,1.715,-31.5444069936936
1.11389964386976,1.72,-31.5273240263854
1.11389964386976,1.725,-31.5103536246982
1.11389964386976,1.73,-31.4934955481043
1.11389964386976,1.735,-31.4767495609985
1.11389964386976,1.74,-31.460115432661
1.11389964386976,1.745,-31.4435929372199
1.11389964386976,1.75,-31.4271818536152
1.11389964386976,1.755,-31.4108819655625
1.11389964386976,1.76,-31.394693061518
1.11389964386976,1.765,-31.3786149346434
1.11389964386976,1.77,-31.3626473827716
1.11389964386976,1.775,-31.3467902083732
1.11389964386976,1.78,-31.3310432185228
1.11389964386976,1.785,-31.3154062248664
1.11389964386976,1.79,-31.2998790435889
1.11389964386976,1.795,-31.2844614953824
1.11389964386976,1.8,-31.2691534054147
1.11389964386976,1.805,-31.2539546032983
1.11389964386976,1.81,-31.2388649230597
1.11389964386976,1.815,-31.2238842031094
1.11389964386976,1.82,-31.2090122862125
1.11389964386976,1.825,-31.1942490194587
1.11389964386976,1.83,-31.1795942542341
1.11389964386976,1.835,-31.1650478461923
1.11389964386976,1.84,-31.1506096552262
1.11389964386976,1.845,-31.1362795454406
1.11389964386976,1.85,-31.1220573851245
1.11389964386976,1.855,-31.107943046724
1.11389964386976,1.86,-31.0939364068158
1.11389964386976,1.865,-31.0800373460808
1.11389964386976,1.87,-31.066245749278
1.11389964386976,1.875,-31.0525615052188
1.11389964386976,1.88,-31.0389845067413
1.11389964386976,1.885,-31.0255146506859
1.11389964386976,1.89,-31.0121518378697
1.11389964386976,1.895,-30.9988959730626
1.11389964386976,1.9,-30.9857469649624
1.11389964386976,1.905,-30.9727047261716
1.11389964386976,1.91,-30.959769173173
1.11389964386976,1.915,-30.9469402263067
1.11389964386976,1.92,-30.9342178097467
1.11389964386976,1.925,-30.9216018514778
1.11389964386976,1.93,-30.9090922832731
1.11389964386976,1.935,-30.8966890406716
1.11389964386976,1.94,-30.8843920629554
1.11389964386976,1.945,-30.8722012931282
1.11389964386976,1.95,-30.860116677893
1.11389964386976,1.955,-30.8481381676307
1.11389964386976,1.96,-30.8362657163785
1.11389964386976,1.965,-30.8244992818085
1.11389964386976,1.97,-30.8128388252067
1.11389964386976,1.975,-30.8012843114521
1.11389964386976,1.98,-30.7898357089957
1.11389964386976,1.985,-30.77849298984
1.11389964386976,1.99,-30.7672561295184
1.11389964386976,1.995,-30.756125107075
1.11389964386976,2,-30.7450999050441
1.11389964386976,2.005,-30.7341805094305
1.11389964386976,2.01,-30.7233669096891
1.11389964386976,2.015,-30.7126590987053
1.11389964386976,2.02,-30.7020570727753
1.11389964386976,2.025,-30.6915608315861
1.11389964386976,2.03,-30.6811703781962
1.11389964386976,2.035,-30.6708857190162
1.11389964386976,2.04,-30.6607068637891
1.11389964386976,2.045,-30.6506338255712
1.11389964386976,2.05,-30.6406666207128
1.11389964386976,2.055,-30.6308052688389
1.11389964386976,2.06,-30.6210497928302
1.11389964386976,2.065,-30.611400218804
1.11389964386976,2.07,-30.6018565760948
1.11389964386976,2.075,-30.5924188972357
1.11389964386976,2.08,-30.5830872179393
1.11389964386976,2.085,-30.5738615770784
1.11389964386976,2.09,-30.5647420166675
1.11389964386976,2.095,-30.5557285818434
1.11389964386976,2.1,-30.5468213208466
1.11389964386976,2.105,-30.5380202850022
1.11389964386976,2.11,-30.5293255287006
1.11389964386976,2.115,-30.520737109379
1.11389964386976,2.12,-30.5122550875021
1.11389964386976,2.125,-30.5038795265432
1.11389964386976,2.13,-30.4956104929646
1.11389964386976,2.135,-30.4874480561993
1.11389964386976,2.14,-30.4793922886308
1.11389964386976,2.145,-30.4714432655749
1.11389964386976,2.15,-30.4636010652593
1.11389964386976,2.155,-30.4558657688051
1.11389964386976,2.16,-30.4482374602067
1.11389964386976,2.165,-30.4407162263125
1.11389964386976,2.17,-30.4333021568051
1.11389964386976,2.175,-30.4259953441819
1.11389964386976,2.18,-30.4187958837345
1.11389964386976,2.185,-30.4117038735296
1.11389964386976,2.19,-30.4047194143882
1.11389964386976,2.195,-30.3978426098654
1.11389964386976,2.2,-30.3910735662307
1.11389964386976,2.205,-30.3844123924465
1.11389964386976,2.21,-30.3778592001484
1.11389964386976,2.215,-30.3714141036236
1.11389964386976,2.22,-30.3650772197904
1.11389964386976,2.225,-30.3588486681766
1.11389964386976,2.23,-30.3527285708989
1.11389964386976,2.235,-30.3467170526405
1.11389964386976,2.24,-30.3408142406301
1.11389964386976,2.245,-30.3350202646196
1.11389964386976,2.25,-30.329335256862
1.11389964386976,2.255,-30.3237593520893
1.11389964386976,2.26,-30.3182926874898
1.11389964386976,2.265,-30.3129354026854
1.11389964386976,2.27,-30.3076876397084
1.11389964386976,2.275,-30.3025495429785
1.11389964386976,2.28,-30.297521259279
1.11389964386976,2.285,-30.2926029377334
1.11389964386976,2.29,-30.2877947297811
1.11389964386976,2.295,-30.2830967891532
1.11389964386976,2.3,-30.2785092718478
1.11389964386976,2.305,-30.2740323361054
1.11389964386976,2.31,-30.2696661423835
1.11389964386976,2.315,-30.265410853331
1.11389964386976,2.32,-30.2612666337629
1.11389964386976,2.325,-30.2572336506337
1.11389964386976,2.33,-30.2533120730114
1.11389964386976,2.335,-30.2495020720501
1.11389964386976,2.34,-30.2458038209637
1.11389964386976,2.345,-30.2422174949979
1.11389964386976,2.35,-30.2387432714025
1.11389964386976,2.355,-30.2353813294032
1.11389964386976,2.36,-30.2321318501732
1.11389964386976,2.365,-30.228995016804
1.11389964386976,2.37,-30.2259710142763
1.11389964386976,2.375,-30.2230600294299
1.11389964386976,2.38,-30.2202622509342
1.11389964386976,2.385,-30.2175778692568
1.11389964386976,2.39,-30.2150070766331
1.11389964386976,2.395,-30.2125500670349
1.11389964386976,2.4,-30.210207036138
1.11389964386976,2.405,-30.2079781812905
1.11389964386976,2.41,-30.2058637014795
1.11389964386976,2.415,-30.2038637972981
1.11389964386976,2.42,-30.2019786709118
1.11389964386976,2.425,-30.2002085260239
1.11389964386976,2.43,-30.1985535678413
1.11389964386976,2.435,-30.1970140030387
1.11389964386976,2.44,-30.1955900397233
1.11389964386976,2.445,-30.1942818873984
1.11389964386976,2.45,-30.1930897569266
1.11389964386976,2.455,-30.1920138604925
1.11389964386976,2.46,-30.1910544115647
1.11389964386976,2.465,-30.1902116248577
1.11389964386976,2.47,-30.1894857162924
1.11389964386976,2.475,-30.1888769029571
1.11389964386976,2.48,-30.1883854030667
1.11389964386976,2.485,-30.1880114359225
1.11389964386976,2.49,-30.1877552218705
1.11389964386976,2.495,-30.1876169822593
1.11389964386976,2.5,-30.187596939398
1.11389964386976,2.505,-30.1876953165124
1.11389964386976,2.51,-30.1879123377014
1.11389964386976,2.515,-30.1882482278924
1.11389964386976,2.52,-30.1887032127961
1.11389964386976,2.525,-30.1892775188604
1.11389964386976,2.53,-30.1899713732244
1.11389964386976,2.535,-30.1907850036704
1.11389964386976,2.54,-30.1917186385764
1.11389964386976,2.545,-30.1927725068675
1.11389964386976,2.55,-30.1939468379662
1.11389964386976,2.555,-30.1952418617423
1.11389964386976,2.56,-30.1966578084623
1.11389964386976,2.565,-30.1981949087375
1.11389964386976,2.57,-30.1998533934717
1.11389964386976,2.575,-30.2016334938081
1.11389964386976,2.58,-30.2035354410752
1.11389964386976,2.585,-30.2055594667324
1.11389964386976,2.59,-30.2077058023138
1.11389964386976,2.595,-30.2099746793726
1.11389964386976,2.6,-30.2123663294236
1.11389964386976,2.605,-30.2148809838849
1.11389964386976,2.61,-30.2175188740195
1.11389964386976,2.615,-30.2202802308754
1.11389964386976,2.62,-30.2231652852251
1.11389964386976,2.625,-30.2261742675038
1.11389964386976,2.63,-30.2293074077476
1.11389964386976,2.635,-30.2325649355299
1.11389964386976,2.64,-30.2359470798973
1.11389964386976,2.645,-30.239454069305
1.11389964386976,2.65,-30.2430861315499
1.11389964386976,2.655,-30.2468434937046
1.11389964386976,2.66,-30.250726382049
1.11389964386976,2.665,-30.2547350220018
1.11389964386976,2.67,-30.2588696380504
1.11389964386976,2.675,-30.2631304536805
1.11389964386976,2.68,-30.2675176913038
1.11389964386976,2.685,-30.2720315721861
1.11389964386976,2.69,-30.2766723163727
1.11389964386976,2.695,-30.2814401426141
1.11389964386976,2.7,-30.2863352682901
1.11389964386976,2.705,-30.291357909333
1.11389964386976,2.71,-30.2965082801495
1.11389964386976,2.715,-30.3017865935422
1.11389964386976,2.72,-30.3071930606292
1.11389964386976,2.725,-30.312727890763
1.11389964386976,2.73,-30.3183912914488
1.11389964386976,2.735,-30.3241834682607
1.11389964386976,2.74,-30.3301046247575
1.11389964386976,2.745,-30.3361549623976
1.11389964386976,2.75,-30.3423346804517
1.11389964386976,2.755,-30.3486439759157
1.11389964386976,2.76,-30.3550830434213
1.11389964386976,2.765,-30.3616520751464
1.11389964386976,2.77,-30.3683512607238
1.11389964386976,2.775,-30.3751807871485
1.11389964386976,2.78,-30.3821408386847
1.11389964386976,2.785,-30.3892315967707
1.11389964386976,2.79,-30.3964532399231
1.11389964386976,2.795,-30.4038059436398
1.11389964386976,2.8,-30.4112898803013
1.11389964386976,2.805,-30.4189052190718
1.11389964386976,2.81,-30.4266521257977
1.11389964386976,2.815,-30.4345307629062
1.11389964386976,2.82,-30.4425412893018
1.11389964386976,2.825,-30.4506838602616
1.11389964386976,2.83,-30.4589586273301
1.11389964386976,2.835,-30.4673657382117
1.11389964386976,2.84,-30.4759053366628
1.11389964386976,2.845,-30.4845775623819
1.11389964386976,2.85,-30.4933825508991
1.11389964386976,2.855,-30.502320433464
1.11389964386976,2.86,-30.511391336932
1.11389964386976,2.865,-30.52059538365
1.11389964386976,2.87,-30.5299326913401
1.11389964386976,2.875,-30.5394033729825
1.11389964386976,2.88,-30.5490075366971
1.11389964386976,2.885,-30.5587452856231
1.11389964386976,2.89,-30.5686167177983
1.11389964386976,2.895,-30.5786219260362
1.11389964386976,2.9,-30.5887609978025
1.11389964386976,2.905,-30.5990340150896
1.11389964386976,2.91,-30.6094410542904
1.11389964386976,2.915,-30.6199821860703
1.11389964386976,2.92,-30.6306574752381
1.11389964386976,2.925,-30.6414669806158
1.11389964386976,2.93,-30.6524107549063
1.11389964386976,2.935,-30.6634888445607
1.11389964386976,2.94,-30.674701289644
1.11389964386976,2.945,-30.6860481236989
1.11389964386976,2.95,-30.6975293736091
1.11389964386976,2.955,-30.7091450594606
1.11389964386976,2.96,-30.7208951944025
1.11389964386976,2.965,-30.7327797845055
1.11389964386976,2.97,-30.7447988286199
1.11389964386976,2.975,-30.7569523182319
1.11389964386976,2.98,-30.7692402373188
1.11389964386976,2.985,-30.7816625622028
1.11389964386976,2.99,-30.7942192614033
1.11389964386976,2.995,-30.8069102954887
1.11389964386976,3,-30.8197356169261
1.11389964386976,3.005,-30.8326951699299
1.11389964386976,3.01,-30.8457888903099
1.11389964386976,3.015,-30.859016705317
1.11389964386976,3.02,-30.8723785334887
1.11389964386976,3.025,-30.8858742844931
1.11389964386976,3.03,-30.8995038589711
1.11389964386976,3.035,-30.9132671483784
1.11389964386976,3.04,-30.9271640348257
1.11389964386976,3.045,-30.9411943909181
1.11389964386976,3.05,-30.955358079593
1.11389964386976,3.055,-30.9696549539575
1.11389964386976,3.06,-30.9840848571237
1.11389964386976,3.065,-30.9986476220446
1.11389964386976,3.07,-31.013343071347
1.11389964386976,3.075,-31.0281710171648
1.11389964386976,3.08,-31.0431312609708
1.11389964386976,3.085,-31.0582235934079
1.11389964386976,3.09,-31.0734477941185
1.11389964386976,3.095,-31.088803631574
1.11389964386976,3.1,-31.1042908629028
1.11389964386976,3.105,-31.119909233718
1.11389964386976,3.11,-31.1356584779435
1.11389964386976,3.115,-31.1515383176401
1.11389964386976,3.12,-31.1675484628304
1.11389964386976,3.125,-31.1836886113234
1.11389964386976,3.13,-31.199958448538
1.11389964386976,3.135,-31.2163576473258
1.11389964386976,3.14,-31.2328858677944
1.11389964386976,3.145,-31.2495427571285
1.11389964386976,3.15,-31.2663279494122
1.11389964386976,3.155,-31.2832410654494
1.11389964386976,3.16,-31.3002817125847
1.11389964386976,3.165,-31.3174494845241
1.11389964386976,3.17,-31.3347439611544
1.11389964386976,3.175,-31.3521647083637
1.11389964386976,3.18,-31.3697112778606
1.11389964386976,3.185,-31.387383206994
1.11389964386976,3.19,-31.4051800185723
1.11389964386976,3.195,-31.4231012206835
1.11389964386976,3.2,-31.4411463065141
1.11389964386976,3.205,-31.4593147541696
1.11389964386976,3.21,-31.4776060264937
1.11389964386976,3.215,-31.4960195708892
1.11389964386976,3.22,-31.5145548191382
1.11389964386976,3.225,-31.5332111872233
1.11389964386976,3.23,-31.5519880751494
1.11389964386976,3.235,-31.5708848667654
1.11389964386976,3.24,-31.5899009295875
1.11389964386976,3.245,-31.6090356146225
1.11389964386976,3.25,-31.6282882561926
1.11389964386976,3.255,-31.6476581717605
1.11389964386976,3.26,-31.6671446617559
1.11389964386976,3.265,-31.6867470094036
1.11389964386976,3.27,-31.7064644805514
1.11389964386976,3.275,-31.7262963235012
1.11389964386976,3.28,-31.7462417688398
1.11389964386976,3.285,-31.7663000292725
1.11389964386976,3.29,-31.786470299458
1.11389964386976,3.295,-31.8067517558442
1.11389964386976,3.3,-31.8271435565074
1.11389964386976,3.305,-31.8476448409922
1.11389964386976,3.31,-31.8682547301543
1.11389964386976,3.315,-31.8889723260048
1.11389964386976,3.32,-31.9097967115575
1.11389964386976,3.325,-31.9307269506785
1.11389964386976,3.33,-31.9517620879382
1.11389964386976,3.335,-31.9729011484661
1.11389964386976,3.34,-31.9941431378087
1.11389964386976,3.345,-32.0154870417898
1.11389964386976,3.35,-32.0369318263749
1.11389964386976,3.355,-32.0584764375379
1.11389964386976,3.36,-32.0801198011319
1.11389964386976,3.365,-32.101860822763
1.11389964386976,3.37,-32.1236983876686
1.11389964386976,3.375,-32.1456313605983
1.11389964386976,3.38,-32.1676585857005
1.11389964386976,3.385,-32.1897788864116
1.11389964386976,3.39,-32.2119910653504
1.11389964386976,3.395,-32.2342939042167
1.11389964386976,3.4,-32.2566861636946
1.11389964386976,3.405,-32.2791665833606
1.11389964386976,3.41,-32.3017338815967
1.11389964386976,3.415,-32.3243867555082
1.11389964386976,3.42,-32.3471238808478
1.11389964386976,3.425,-32.3699439119439
1.11389964386976,3.43,-32.3928454816356
1.11389964386976,3.435,-32.4158272012126
1.11389964386976,3.44,-32.4388876603618
1.11389964386976,3.445,-32.4620254271198
1.11389964386976,3.45,-32.4852390478312
1.11389964386976,3.455,-32.5085270471142
1.11389964386976,3.46,-32.5318879278325
1.11389964386976,3.465,-32.5553201710736
1.11389964386976,3.47,-32.5788222361348
1.11389964386976,3.475,-32.6023925605159
1.11389964386976,3.48,-32.6260295599195
1.11389964386976,3.485,-32.6497316282583
1.11389964386976,3.49,-32.673497137671
1.11389964386976,3.495,-32.697324438545
1.11389964386976,3.5,-32.721211859548
1.11389964386976,3.505,-32.7451577076669
1.11389964386976,3.51,-32.769160268256
1.11389964386976,3.515,-32.7932178050927
1.11389964386976,3.52,-32.8173285604428
1.11389964386976,3.525,-32.8414907551337
1.11389964386976,3.53,-32.8657025886375
1.11389964386976,3.535,-32.8899622391621
1.11389964386976,3.54,-32.9142678637529
1.11389964386976,3.545,-32.9386175984023
1.11389964386976,3.55,-32.9630095581704
1.11389964386976,3.555,-32.987441837314
1.11389964386976,3.56,-33.0119125094259
1.11389964386976,3.565,-33.0364196275845
1.11389964386976,3.57,-33.0609612245125
1.11389964386976,3.575,-33.0855353127468
1.11389964386976,3.58,-33.1101398848177
1.11389964386976,3.585,-33.1347729134388
1.11389964386976,3.59,-33.1594323517077
1.11389964386976,3.595,-33.1841161333161
1.11389964386976,3.6,-33.2088221727718
1.11389964386976,3.605,-33.2335483656305
1.11389964386976,3.61,-33.2582925887382
1.11389964386976,3.615,-33.2830527004848
1.11389964386976,3.62,-33.3078265410682
1.11389964386976,3.625,-33.3326119327692
1.11389964386976,3.63,-33.3574066802373
1.11389964386976,3.635,-33.3822085707872
1.11389964386976,3.64,-33.4070153747058
1.11389964386976,3.645,-33.4318248455709
1.11389964386976,3.65,-33.4566347205795
1.11389964386976,3.655,-33.4814427208879
1.11389964386976,3.66,-33.5062465519614
1.11389964386976,3.665,-33.5310439039353
1.11389964386976,3.67,-33.5558324519864
1.11389964386976,3.675,-33.5806098567146
1.11389964386976,3.68,-33.6053737645349
1.11389964386976,3.685,-33.6301218080798
1.11389964386976,3.69,-33.6548516066111
1.11389964386976,3.695,-33.6795607664429
1.11389964386976,3.7,-33.7042468813728
1.11389964386976,3.705,-33.7289075331237
1.11389964386976,3.71,-33.7535402917946
1.11389964386976,3.715,-33.7781427163206
1.11389964386976,3.72,-33.8027123549419
1.11389964386976,3.725,-33.8272467456812
1.11389964386976,3.73,-33.8517434168298
1.11389964386976,3.735,-33.8761998874419
1.11389964386976,3.74,-33.9006136678369
1.11389964386976,3.745,-33.9249822601082
1.11389964386976,3.75,-33.9493031586411
1.11389964386976,3.755,-33.9735738506357
1.11389964386976,3.76,-33.997791816638
1.11389964386976,3.765,-34.0219545310759
1.11389964386976,3.77,-34.0460594628015
1.11389964386976,3.775,-34.0701040756395
1.11389964386976,3.78,-34.0940858289393
1.11389964386976,3.785,-34.1180021781325
1.11389964386976,3.79,-34.1418505752947
1.11389964386976,3.795,-34.1656284697102
1.11389964386976,3.8,-34.1893333084409
1.11389964386976,3.805,-34.2129625368969
1.11389964386976,3.81,-34.2365135994103
1.11389964386976,3.815,-34.2599839398102
1.11389964386976,3.82,-34.2833710019988
1.11389964386976,3.825,-34.3066722305288
1.11389964386976,3.83,-34.3298850711804
1.11389964386976,3.835,-34.3530069715383
1.11389964386976,3.84,-34.3760353815673
1.11389964386976,3.845,-34.3989677541872
1.11389964386976,3.85,-34.4218015458446
1.11389964386976,3.855,-34.4445342170829
1.11389964386976,3.86,-34.4671632331087
1.11389964386976,3.865,-34.4896860643546
1.11389964386976,3.87,-34.5121001870372
1.11389964386976,3.875,-34.5344030837107
1.11389964386976,3.88,-34.5565922438144
1.11389964386976,3.885,-34.5786651642144
1.11389964386976,3.89,-34.6006193497382
1.11389964386976,3.895,-34.6224523137023
1.11389964386976,3.9,-34.6441615784318
1.11389964386976,3.905,-34.665744675771
1.11389964386976,3.91,-34.6871991475858
1.11389964386976,3.915,-34.7085225462554
1.11389964386976,3.92,-34.7297124351548
1.11389964386976,3.925,-34.7507663891257
1.11389964386976,3.93,-34.7716819949365
1.11389964386976,3.935,-34.7924568517304
1.11389964386976,3.94,-34.8130885714611
1.11389964386976,3.945,-34.8335747793155
1.11389964386976,3.95,-34.8539131141232
1.11389964386976,3.955,-34.8741012287522
1.11389964386976,3.96,-34.8941367904902
1.11389964386976,3.965,-34.9140174814112
1.11389964386976,3.97,-34.9337409987269
1.11389964386976,3.975,-34.9533050551228
1.11389964386976,3.98,-34.9727073790782
1.11389964386976,3.985,-34.9919457151701
1.11389964386976,3.99,-35.0110178243604
1.11389964386976,3.995,-35.0299214842661
1.11389964386976,4,-35.048654489413
1.11389964386976,4.005,-35.0672146514715
1.11389964386976,4.01,-35.0855997994745
1.11389964386976,4.015,-35.1038077800188
1.11389964386976,4.02,-35.1218364574471
1.11389964386976,4.025,-35.1396837140129
1.11389964386976,4.03,-35.1573474500275
1.11389964386976,4.035,-35.1748255839876
1.11389964386976,4.04,-35.1921160526865
1.11389964386976,4.045,-35.2092168113053
1.11389964386976,4.05,-35.2261258334877
1.11389964386976,4.055,-35.2428411113955
1.11389964386976,4.06,-35.2593606557469
1.11389964386976,4.065,-35.2756824958367
1.11389964386976,4.07,-35.2918046795395
1.11389964386976,4.075,-35.3077252732949
1.11389964386976,4.08,-35.3234423620761
1.11389964386976,4.085,-35.3389540493417
1.11389964386976,4.09,-35.3542584569713
1.11389964386976,4.095,-35.3693537251844
1.11389964386976,4.1,-35.3842380124448
1.11389964386976,4.105,-35.3989094953488
1.11389964386976,4.11,-35.4133663684993
1.11389964386976,4.115,-35.4276068443658
1.11389964386976,4.12,-35.4416291531307
1.11389964386976,4.125,-35.4554315425221
1.11389964386976,4.13,-35.4690122776355
1.11389964386976,4.135,-35.4823696407424
1.11389964386976,4.14,-35.4955019310885
1.11389964386976,4.145,-35.5084074646818
1.11389964386976,4.15,-35.5210845740705
1.11389964386976,4.155,-35.5335316081128
1.11389964386976,4.16,-35.5457469317379
1.11389964386976,4.165,-35.5577289257006
1.11389964386976,4.17,-35.5694759863288
1.11389964386976,4.175,-35.5809865252664
1.11389964386976,4.18,-35.5922589692105
1.11389964386976,4.185,-35.603291759646
1.11389964386976,4.19,-35.6140833525768
1.11389964386976,4.195,-35.6246322182553
1.11389964386976,4.2,-35.6349368409115
1.11389964386976,4.205,-35.6449957184812
1.11389964386976,4.21,-35.6548073623366
1.11389964386976,4.215,-35.6643702970181
1.11389964386976,4.22,-35.6736830599692
1.11389964386976,4.225,-35.6827442012761
1.11389964386976,4.23,-35.6915522834118
1.11389964386976,4.235,-35.7001058809868
1.11389964386976,4.24,-35.7084035805062
1.11389964386976,4.245,-35.7164439801359
1.11389964386976,4.25,-35.7242256894768
1.11389964386976,4.255,-35.7317473293502
1.11389964386976,4.26,-35.7390075315934
1.11389964386976,4.265,-35.7460049388678
1.11389964386976,4.27,-35.7527382044798
1.11389964386976,4.275,-35.759205992216
1.11389964386976,4.28,-35.7654069761925
1.11389964386976,4.285,-35.7713398407209
1.11389964386976,4.29,-35.7770032801902
1.11389964386976,4.295,-35.7823959989666
1.11389964386976,4.3,-35.7875167113115
1.11389964386976,4.305,-35.792364141318
1.11389964386976,4.31,-35.796937022869
1.11389964386976,4.315,-35.8012340996133
1.11389964386976,4.32,-35.8052541249659
1.11389964386976,4.325,-35.8089958621275
1.11389964386976,4.33,-35.8124580841289
1.11389964386976,4.335,-35.8156395738969
1.11389964386976,4.34,-35.818539124345
1.11389964386976,4.345,-35.8211555384875
1.11389964386976,4.35,-35.8234876295791
1.11389964386976,4.355,-35.8255342212785
1.11389964386976,4.36,-35.8272941478385
1.11389964386976,4.365,-35.8287662543209
1.11389964386976,4.37,-35.8299493968381
1.11389964386976,4.375,-35.8308424428203
1.11389964386976,4.38,-35.8314442713094
1.11389964386976,4.385,-35.8317537732791
1.11389964386976,4.39,-35.8317698519813
1.11389964386976,4.395,-35.8314914233195
1.11389964386976,4.4,-35.8309174162478
1.11389964386976,4.405,-35.8300467731964
1.11389964386976,4.41,-35.8288784505235
1.11389964386976,4.415,-35.8274114189921
1.11389964386976,4.42,-35.8256446642732
1.11389964386976,4.425,-35.8235771874732
1.11389964386976,4.43,-35.8212080056864
1.11389964386976,4.435,-35.8185361525714
1.11389964386976,4.44,-35.8155606789515
1.11389964386976,4.445,-35.8122806534375
1.11389964386976,4.45,-35.8086951630729
1.11389964386976,4.455,-35.8048033140012
1.11389964386976,4.46,-35.8006042321532
1.11389964386976,4.465,-35.7960970639547
1.11389964386976,4.47,-35.7912809770534
1.11389964386976,4.475,-35.786155161063
1.11389964386976,4.48,-35.7807188283258
1.11389964386976,4.485,-35.7749712146898
1.11389964386976,4.49,-35.7689115803019
1.11389964386976,4.495,-35.7625392104143
1.11389964386976,4.5,-35.7558534162034
1.11389964386976,4.505,-35.7488535356004
1.11389964386976,4.51,-35.7415389341318
1.11389964386976,4.515,-35.7339090057684
1.11389964386976,4.52,-35.7259631737818
1.11389964386976,4.525,-35.7177008916073
1.11389964386976,4.53,-35.7091216437103
1.11389964386976,4.535,-35.700224946457
1.11389964386976,4.54,-35.6910103489858
1.11389964386976,4.545,-35.6814774340795
1.11389964386976,4.55,-35.6716258190352
1.11389964386976,4.555,-35.661455156532
1.11389964386976,4.56,-35.6509651354942
1.11389964386976,4.565,-35.6401554819477
1.11389964386976,4.57,-35.6290259598694
1.11389964386976,4.575,-35.6175763720272
1.11389964386976,4.58,-35.6058065608092
1.11389964386976,4.585,-35.5937164090401
1.11389964386976,4.59,-35.5813058407846
1.11389964386976,4.595,-35.5685748221342
1.11389964386976,4.6,-35.5555233619779
1.11389964386976,4.605,-35.5421515127538
1.11389964386976,4.61,-35.5284593711804
1.11389964386976,4.615,-35.5144470789674
1.11389964386976,4.62,-35.500114823502
1.11389964386976,4.625,-35.4854628385125
1.11389964386976,4.63,-35.4704914047043
1.11389964386976,4.635,-35.4552008503704
1.11389964386976,4.64,-35.4395915519722
1.11389964386976,4.645,-35.4236639346914
1.11389964386976,4.65,-35.4074184729504
1.11389964386976,4.655,-35.3908556909012
1.11389964386976,4.66,-35.3739761628806
1.11389964386976,4.665,-35.3567805138312
1.11389964386976,4.67,-35.3392694196876
1.11389964386976,4.675,-35.3214436077259
1.11389964386976,4.68,-35.3033038568763
1.11389964386976,4.685,-35.284850997998
1.11389964386976,4.69,-35.2660859141152
1.11389964386976,4.695,-35.2470095406142
1.11389964386976,4.7,-35.2276228654002
1.11389964386976,4.705,-35.2079269290137
1.11389964386976,4.71,-35.1879228247066
1.11389964386976,4.715,-35.1676116984763
1.11389964386976,4.72,-35.1469947490584
1.11389964386976,4.725,-35.1260732278779
1.11389964386976,4.73,-35.1048484389583
1.11389964386976,4.735,-35.0833217387878
1.11389964386976,4.74,-35.061494536145
1.11389964386976,4.745,-35.0393682918809
1.11389964386976,4.75,-35.01694451866
1.11389964386976,4.755,-34.9942247806597
1.11389964386976,4.76,-34.9712106932272
1.11389964386976,4.765,-34.9479039224968
1.11389964386976,4.77,-34.9243061849657
1.11389964386976,4.775,-34.9004192470292
1.11389964386976,4.78,-34.8762449244777
1.11389964386976,4.785,-34.8517850819529
1.11389964386976,4.79,-34.8270416323673
1.11389964386976,4.795,-34.8020165362851
1.11389964386976,4.8,-34.7767118012667
1.11389964386976,4.805,-34.7511294811773
1.11389964386976,4.81,-34.7252716754603
1.11389964386976,4.815,-34.6991405283771
1.11389964386976,4.82,-34.6727382282134
1.11389964386976,4.825,-34.6460670064539
1.11389964386976,4.83,-34.6191291369262
1.11389964386976,4.835,-34.5919269349144
1.11389964386976,4.84,-34.5644627562451
1.11389964386976,4.845,-34.5367389963458
1.11389964386976,4.85,-34.5087580892767
1.11389964386976,4.855,-34.4805225067385
1.11389964386976,4.86,-34.4520347570568
1.11389964386976,4.865,-34.4232973841435
1.11389964386976,4.87,-34.3943129664383
1.11389964386976,4.875,-34.365084115831
1.11389964386976,4.88,-34.3356134765645
1.11389964386976,4.885,-34.3059037241226
1.11389964386976,4.89,-34.2759575641019
1.11389964386976,4.895,-34.2457777310697
1.11389964386976,4.9,-34.2153669874101
1.11389964386976,4.905,-34.1847281221582
1.11389964386976,4.91,-34.1538639498256
1.11389964386976,4.915,-34.122777309217
1.11389964386976,4.92,-34.0914710622401
1.11389964386976,4.925,-34.0599480927097
1.11389964386976,4.93,-34.0282113051486
1.11389964386976,4.935,-33.9962636235843
1.11389964386976,4.94,-33.9641079903452
1.11389964386976,4.945,-33.9317473648561
1.11389964386976,4.95,-33.8991847224346
1.11389964386976,4.955,-33.8664230530907
1.11389964386976,4.96,-33.8334653603281
1.11389964386976,4.965,-33.8003146599522
1.11389964386976,4.97,-33.7669739788823
1.11389964386976,4.975,-33.7334463539714
1.11389964386976,4.98,-33.6997348308344
1.11389964386976,4.985,-33.6658424626844
1.11389964386976,4.99,-33.6317723091796
1.11389964386976,4.995,-33.5975274352817
1.11389964386976,5,-33.5631109101253
1.11389964386976,5.005,-33.528525805901
1.11389964386976,5.01,-33.4937751967518
1.11389964386976,5.015,-33.4588621576843
1.11389964386976,5.02,-33.4237897634953
1.11389964386976,5.025,-33.3885610877143
1.11389964386976,5.03,-33.3531792015626
1.11389964386976,5.035,-33.3176471729309
1.11389964386976,5.04,-33.2819680653733
1.11389964386976,5.045,-33.2461449371216
1.11389964386976,5.05,-33.2101808401179
1.11389964386976,5.055,-33.1740788190668
1.11389964386976,5.06,-33.1378419105086
1.11389964386976,5.065,-33.101473141912
1.11389964386976,5.07,-33.0649755307888
1.11389964386976,5.075,-33.028352083829
1.11389964386976,5.08,-32.9916057960582
1.11389964386976,5.085,-32.9547396500165
1.11389964386976,5.09,-32.9177566149599
1.11389964386976,5.095,-32.8806596460834
1.11389964386976,5.1,-32.8434516837672
1.11389964386976,5.105,-32.8061356528454
1.11389964386976,5.11,-32.7687144618969
1.11389964386976,5.115,-32.7311910025601
1.11389964386976,5.12,-32.6935681488691
1.11389964386976,5.125,-32.6558487566144
1.11389964386976,5.13,-32.6180356627245
1.11389964386976,5.135,-32.5801316846719
1.11389964386976,5.14,-32.542139619901
1.11389964386976,5.145,-32.5040622452788
1.11389964386976,5.15,-32.4659023165677
1.11389964386976,5.155,-32.4276625679213
1.11389964386976,5.16,-32.3893457114021
1.11389964386976,5.165,-32.3509544365206
1.11389964386976,5.17,-32.3124914097972
1.11389964386976,5.175,-32.2739592743445
1.11389964386976,5.18,-32.2353606494722
1.11389964386976,5.185,-32.1966981303116
1.11389964386976,5.19,-32.157974287462
1.11389964386976,5.195,-32.1191916666571
1.11389964386976,5.2,-32.0803527884513
1.11389964386976,5.205,-32.0414601479264
1.11389964386976,5.21,-32.0025162144175
1.11389964386976,5.215,-31.9635234312579
1.11389964386976,5.22,-31.9244842155434
1.11389964386976,5.225,-31.8854009579143
1.11389964386976,5.23,-31.8462760223564
1.11389964386976,5.235,-31.8071117460187
1.11389964386976,5.24,-31.7679104390493
1.11389964386976,5.245,-31.7286743844479
1.11389964386976,5.25,-31.6894058379351
1.11389964386976,5.255,-31.6501070278374
1.11389964386976,5.26,-31.6107801549886
1.11389964386976,5.265,-31.571427392646
1.11389964386976,5.27,-31.5320508864224
1.11389964386976,5.275,-31.4926527542318
1.11389964386976,5.28,-31.4532350862498
1.11389964386976,5.285,-31.4137999448877
1.11389964386976,5.29,-31.37434936478
1.11389964386976,5.295,-31.3348853527851
1.11389964386976,5.3,-31.2954098879979
1.11389964386976,5.305,-31.2559249217754
1.11389964386976,5.31,-31.2164323777738
1.11389964386976,5.315,-31.1769341519968
1.11389964386976,5.32,-31.1374321128554
1.11389964386976,5.325,-31.0979281012377
1.11389964386976,5.33,-31.0584239305897
1.11389964386976,5.335,-31.0189213870055
1.11389964386976,5.34,-30.979422229327
1.11389964386976,5.345,-30.9399281892532
1.11389964386976,5.35,-30.9004409714579
1.11389964386976,5.355,-30.8609622537158
1.11389964386976,5.36,-30.8214936870369
1.11389964386976,5.365,-30.7820368958089
1.11389964386976,5.37,-30.7425934779462
1.11389964386976,5.375,-30.7031650050469
1.11389964386976,5.38,-30.6637530225559
1.11389964386976,5.385,-30.6243590499348
1.11389964386976,5.39,-30.5849845808377
1.11389964386976,5.395,-30.545631083293
1.11389964386976,5.4,-30.5062999998907
1.11389964386976,5.405,-30.4669927479747
1.11389964386976,5.41,-30.4277107198403
1.11389964386976,5.415,-30.3884552829362
1.11389964386976,5.42,-30.3492277800712
1.11389964386976,5.425,-30.3100295296245
1.11389964386976,5.43,-30.2708618257601
1.11389964386976,5.435,-30.2317259386454
1.11389964386976,5.44,-30.1926231146719
1.11389964386976,5.445,-30.1535545766803
1.11389964386976,5.45,-30.1145215241878
1.11389964386976,5.455,-30.0755251336183
1.11389964386976,5.46,-30.0365665585347
1.11389964386976,5.465,-29.9976469298743
1.11389964386976,5.47,-29.9587673561851
1.11389964386976,5.475,-29.919928923865
1.11389964386976,5.48,-29.8811326974018
1.11389964386976,5.485,-29.8423797196154
1.11389964386976,5.49,-29.8036710119006
1.11389964386976,5.495,-29.7650075744713
1.11389964386976,5.5,-29.7263903866061
1.11389964386976,5.505,-29.6878204068937
1.11389964386976,5.51,-29.6492985734799
1.11389964386976,5.515,-29.6108258043142
1.11389964386976,5.52,-29.5724029973977
1.11389964386976,5.525,-29.5340310310299
1.11389964386976,5.53,-29.4957107640573
1.11389964386976,5.535,-29.4574430361197
1.11389964386976,5.54,-29.4192286678986
1.11389964386976,5.545,-29.3810684613636
1.11389964386976,5.55,-29.3429632000189
1.11389964386976,5.555,-29.3049136491498
1.11389964386976,5.56,-29.2669205560676
1.11389964386976,5.565,-29.2289846503542
1.11389964386976,5.57,-29.1911066441062
1.11389964386976,5.575,-29.1532872321776
1.11389964386976,5.58,-29.1155270924213
1.11389964386976,5.585,-29.0778268859303
1.11389964386976,5.59,-29.0401872572769
1.11389964386976,5.595,-29.0026088347508
1.11389964386976,5.6,-28.9650922305966
1.11389964386976,5.605,-28.9276380412487
1.11389964386976,5.61,-28.8902468475658
1.11389964386976,5.615,-28.8529192150631
1.11389964386976,5.62,-28.8156556941435
1.11389964386976,5.625,-28.7784568203271
1.11389964386976,5.63,-28.7413231144783
1.11389964386976,5.635,-28.7042550830323
1.11389964386976,5.64,-28.6672532182187
1.11389964386976,5.645,-28.6303179982845
1.11389964386976,5.65,-28.5934498877138
1.11389964386976,5.655,-28.556649337447
1.11389964386976,5.66,-28.5199167850973
1.11389964386976,5.665,-28.483252655165
1.11389964386976,5.67,-28.4466573592508
1.11389964386976,5.675,-28.4101312962663
1.11389964386976,5.68,-28.3736748526425
1.11389964386976,5.685,-28.3372884025365
1.11389964386976,5.69,-28.3009723080361
1.11389964386976,5.695,-28.2647269193624
1.11389964386976,5.7,-28.2285525750698
1.11389964386976,5.705,-28.1924496022445
1.11389964386976,5.71,-28.1564183167001
1.11389964386976,5.715,-28.1204590231725
1.11389964386976,5.72,-28.0845720155105
1.11389964386976,5.725,-28.0487575768663
1.11389964386976,5.73,-28.0130159798826
1.11389964386976,5.735,-27.9773474868778
1.11389964386976,5.74,-27.9417523500293
1.11389964386976,5.745,-27.9062308115543
1.11389964386976,5.75,-27.8707831038888
1.11389964386976,5.755,-27.8354094498636
1.11389964386976,5.76,-27.8001100628795
1.11389964386976,5.765,-27.7648851470788
1.11389964386976,5.77,-27.7297348975159
1.11389964386976,5.775,-27.6946595003248
1.11389964386976,5.78,-27.6596591328853
1.11389964386976,5.785,-27.6247339639863
1.11389964386976,5.79,-27.5898841539871
1.11389964386976,5.795,-27.5551098549775
1.11389964386976,5.8,-27.520411210934
1.11389964386976,5.805,-27.4857883578758
1.11389964386976,5.81,-27.4512414240174
1.11389964386976,5.815,-27.4167705299196
1.11389964386976,5.82,-27.3823757886381
1.11389964386976,5.825,-27.348057305871
1.11389964386976,5.83,-27.3138151801029
1.11389964386976,5.835,-27.2796495027478
1.11389964386976,5.84,-27.24556035829
1.11389964386976,5.845,-27.2115478244224
1.11389964386976,5.85,-27.1776119721839
1.11389964386976,5.855,-27.1437528660933
1.11389964386976,5.86,-27.1099705642827
1.11389964386976,5.865,-27.076265118628
1.11389964386976,5.87,-27.0426365748782
1.11389964386976,5.875,-27.009084972782
1.11389964386976,5.88,-26.9756103462132
1.11389964386976,5.885,-26.942212723294
1.11389964386976,5.89,-26.908892126516
1.11389964386976,5.895,-26.8756485728605
1.11389964386976,5.9,-26.8424820739154
1.11389964386976,5.905,-26.8093926359921
1.11389964386976,5.91,-26.7763802602389
1.11389964386976,5.915,-26.7434449427536
1.11389964386976,5.92,-26.7105866746947
1.11389964386976,5.925,-26.6778054423898
1.11389964386976,5.93,-26.6451012274429
1.11389964386976,5.935,-26.6124740068404
1.11389964386976,5.94,-26.5799237530546
1.11389964386976,5.945,-26.5474504341461
1.11389964386976,5.95,-26.5150540138645
1.11389964386976,5.955,-26.4827344517473
1.11389964386976,5.96,-26.4504917032176
1.11389964386976,5.965,-26.4183257196796
1.11389964386976,5.97,-26.3862364486133
1.11389964386976,5.975,-26.3542238336671
1.11389964386976,5.98,-26.322287814749
1.11389964386976,5.985,-26.2904283281168
1.11389964386976,5.99,-26.2586453064658
1.11389964386976,5.995,-26.2269386790162
1.11389964386976,6,-26.1953083715982
1.11442623749322,0.5,-45.1816971674099
1.11442623749322,0.505,-45.1002500677239
1.11442623749322,0.51,-45.0197128209087
1.11442623749322,0.515,-44.9400690880199
1.11442623749322,0.52,-44.8613030138
1.11442623749322,0.525,-44.7833992082769
1.11442623749322,0.53,-44.7063427292339
1.11442623749322,0.535,-44.6301190655031
1.11442623749322,0.54,-44.5547141210367
1.11442623749322,0.545,-44.4801141997125
1.11442623749322,0.55,-44.4063059908334
1.11442623749322,0.555,-44.3332765552842
1.11442623749322,0.56,-44.2610133123092
1.11442623749322,0.565,-44.1895040268786
1.11442623749322,0.57,-44.1187367976115
1.11442623749322,0.575,-44.0487000452274
1.11442623749322,0.58,-43.9793825014983
1.11442623749322,0.585,-43.9107731986758
1.11442623749322,0.59,-43.8428614593686
1.11442623749322,0.595,-43.7756368868485
1.11442623749322,0.6,-43.7090893557622
1.11442623749322,0.605,-43.6432090032301
1.11442623749322,0.61,-43.577986220312
1.11442623749322,0.615,-43.513411643822
1.11442623749322,0.62,-43.4494761484761
1.11442623749322,0.625,-43.3861708393559
1.11442623749322,0.63,-43.3234870446741
1.11442623749322,0.635,-43.261416308826
1.11442623749322,0.64,-43.1999503857162
1.11442623749322,0.645,-43.1390812323443
1.11442623749322,0.65,-43.0788010026412
1.11442623749322,0.655,-43.0191020415413
1.11442623749322,0.66,-42.9599768792821
1.11442623749322,0.665,-42.9014182259203
1.11442623749322,0.67,-42.8434189660538
1.11442623749322,0.675,-42.7859721537418
1.11442623749322,0.68,-42.7290710076139
1.11442623749322,0.685,-42.6727089061588
1.11442623749322,0.69,-42.6168793831869
1.11442623749322,0.695,-42.5615761234568
1.11442623749322,0.7,-42.5067929584613
1.11442623749322,0.705,-42.4525238623637
1.11442623749322,0.71,-42.39876294808
1.11442623749322,0.715,-42.3455044634995
1.11442623749322,0.72,-42.2927427878388
1.11442623749322,0.725,-42.240472428124
1.11442623749322,0.73,-42.188688015794
1.11442623749322,0.735,-42.1373843034234
1.11442623749322,0.74,-42.0865561615558
1.11442623749322,0.745,-42.0361985756473
1.11442623749322,0.75,-41.9863066431129
1.11442623749322,0.755,-41.9368755704727
1.11442623749322,0.76,-41.8879006705945
1.11442623749322,0.765,-41.839377360028
1.11442623749322,0.77,-41.7913011564284
1.11442623749322,0.775,-41.7436676760639
1.11442623749322,0.78,-41.6964726314065
1.11442623749322,0.785,-41.6497118288008
1.11442623749322,0.79,-41.6033811662088
1.11442623749322,0.795,-41.5574766310282
1.11442623749322,0.8,-41.51199429798
1.11442623749322,0.805,-41.4669303270651
1.11442623749322,0.81,-41.422280961585
1.11442623749322,0.815,-41.3780425262264
1.11442623749322,0.82,-41.3342114252053
1.11442623749322,0.825,-41.2907841404708
1.11442623749322,0.83,-41.2477572299641
1.11442623749322,0.835,-41.2051273259323
1.11442623749322,0.84,-41.1628911332953
1.11442623749322,0.845,-41.1210454280621
1.11442623749322,0.85,-41.0795870557968
1.11442623749322,0.855,-41.038512930132
1.11442623749322,0.86,-40.9978200313268
1.11442623749322,0.865,-40.9575054048698
1.11442623749322,0.87,-40.9175661601244
1.11442623749322,0.875,-40.8779994690149
1.11442623749322,0.88,-40.8388025647525
1.11442623749322,0.885,-40.7999727406006
1.11442623749322,0.89,-40.7615073486757
1.11442623749322,0.895,-40.723403798786
1.11442623749322,0.9,-40.6856595573034
1.11442623749322,0.905,-40.6482721460704
1.11442623749322,0.91,-40.6112391413392
1.11442623749322,0.915,-40.5745581727419
1.11442623749322,0.92,-40.5382269222923
1.11442623749322,0.925,-40.502243123417
1.11442623749322,0.93,-40.4666045600149
1.11442623749322,0.935,-40.4313090655454
1.11442623749322,0.94,-40.396354522143
1.11442623749322,0.945,-40.3617388597586
1.11442623749322,0.95,-40.3274600553258
1.11442623749322,0.955,-40.2935161319526
1.11442623749322,0.96,-40.2599051581365
1.11442623749322,0.965,-40.2266252470035
1.11442623749322,0.97,-40.1936745555687
1.11442623749322,0.975,-40.1610512840207
1.11442623749322,0.98,-40.1287536750253
1.11442623749322,0.985,-40.0967800130517
1.11442623749322,0.99,-40.0651286237178
1.11442623749322,0.995,-40.0337978731559
1.11442623749322,1,-40.0027861673972
1.11442623749322,1.005,-39.9720919517748
1.11442623749322,1.01,-39.9417137103451
1.11442623749322,1.015,-39.911649965327
1.11442623749322,1.02,-39.8818992765575
1.11442623749322,1.025,-39.8524602409655
1.11442623749322,1.03,-39.8233314920602
1.11442623749322,1.035,-39.7945116994371
1.11442623749322,1.04,-39.7659995682981
1.11442623749322,1.045,-39.7377938389881
1.11442623749322,1.05,-39.7098932865455
1.11442623749322,1.055,-39.6822967202671
1.11442623749322,1.06,-39.6550029832881
1.11442623749322,1.065,-39.6280109521747
1.11442623749322,1.07,-39.6013195365312
1.11442623749322,1.075,-39.5749276786195
1.11442623749322,1.08,-39.5488343529922
1.11442623749322,1.085,-39.5230385661377
1.11442623749322,1.09,-39.497539356138
1.11442623749322,1.095,-39.4723357923389
1.11442623749322,1.1,-39.4474269750315
1.11442623749322,1.105,-39.4228120351456
1.11442623749322,1.11,-39.3984901339546
1.11442623749322,1.115,-39.3744604627915
1.11442623749322,1.12,-39.3507222427758
1.11442623749322,1.125,-39.3272747245516
1.11442623749322,1.13,-39.3041171880357
1.11442623749322,1.135,-39.2812489421765
1.11442623749322,1.14,-39.2586693247232
1.11442623749322,1.145,-39.236377702005
1.11442623749322,1.15,-39.21437346872
1.11442623749322,1.155,-39.1926560477345
1.11442623749322,1.16,-39.1712248898911
1.11442623749322,1.165,-39.150079473827
1.11442623749322,1.17,-39.1292193058013
1.11442623749322,1.175,-39.1086439195321
1.11442623749322,1.18,-39.0883528760415
1.11442623749322,1.185,-39.0683457635114
1.11442623749322,1.19,-39.0486221971467
1.11442623749322,1.195,-39.029181819048
1.11442623749322,1.2,-39.0100242980934
1.11442623749322,1.205,-38.9911493298278
1.11442623749322,1.21,-38.9725566363625
1.11442623749322,1.215,-38.9542459662815
1.11442623749322,1.22,-38.9362170945576
1.11442623749322,1.225,-38.9184698224764
1.11442623749322,1.23,-38.9010039775685
1.11442623749322,1.235,-38.8838194135501
1.11442623749322,1.24,-38.8669160102721
1.11442623749322,1.245,-38.850293673677
1.11442623749322,1.25,-38.8339523357646
1.11442623749322,1.255,-38.8178919545647
1.11442623749322,1.26,-38.8021125141196
1.11442623749322,1.265,-38.786614024473
1.11442623749322,1.27,-38.7713965216682
1.11442623749322,1.275,-38.7564600677542
1.11442623749322,1.28,-38.7418047507992
1.11442623749322,1.285,-38.7274306849132
1.11442623749322,1.29,-38.7133380102781
1.11442623749322,1.295,-38.699526893186
1.11442623749322,1.3,-38.6859975260859
1.11442623749322,1.305,-38.6727501276384
1.11442623749322,1.31,-38.6597849427788
1.11442623749322,1.315,-38.6471022427881
1.11442623749322,1.32,-38.6347023253727
1.11442623749322,1.325,-38.6225855147526
1.11442623749322,1.33,-38.610752161757
1.11442623749322,1.335,-38.5992026439299
1.11442623749322,1.34,-38.5879373656428
1.11442623749322,1.345,-38.576956758217
1.11442623749322,1.35,-38.5662612800544
1.11442623749322,1.355,-38.5558514167763
1.11442623749322,1.36,-38.5457276813726
1.11442623749322,1.365,-38.5358906143581
1.11442623749322,1.37,-38.5263407839395
1.11442623749322,1.375,-38.5170787861908
1.11442623749322,1.38,-38.508105245238
1.11442623749322,1.385,-38.4994208134533
1.11442623749322,1.39,-38.4910261716589
1.11442623749322,1.395,-38.4829220293407
1.11442623749322,1.4,-38.4751091248713
1.11442623749322,1.405,-38.4675882257436
1.11442623749322,1.41,-38.4603601288139
1.11442623749322,1.415,-38.453425660556
1.11442623749322,1.42,-38.4467856773251
1.11442623749322,1.425,-38.4404410656331
1.11442623749322,1.43,-38.4343927424339
1.11442623749322,1.435,-38.4286416554207
1.11442623749322,1.44,-38.423188783334
1.11442623749322,1.445,-38.4180351362809
1.11442623749322,1.45,-38.4131817560669
1.11442623749322,1.455,-38.4086297165386
1.11442623749322,1.46,-38.40438012394
1.11442623749322,1.465,-38.4004341172796
1.11442623749322,1.47,-38.3967928687116
1.11442623749322,1.475,-38.3934575839296
1.11442623749322,1.48,-38.3904295025732
1.11442623749322,1.485,-38.3877098986492
1.11442623749322,1.49,-38.3853000809655
1.11442623749322,1.495,-38.3832013935803
1.11442623749322,1.5,-38.3814152162655
1.11442623749322,1.505,-38.3799429649845
1.11442623749322,1.51,-38.3787860923866
1.11442623749322,1.515,-38.3779460883154
1.11442623749322,1.52,-38.3774244803351
1.11442623749322,1.525,-38.3772228342717
1.11442623749322,1.53,-38.3773427547721
1.11442623749322,1.535,-38.3777858858805
1.11442623749322,1.54,-38.3785539116321
1.11442623749322,1.545,-38.3796485566657
1.11442623749322,1.55,-38.3810715868549
1.11442623749322,1.555,-38.3828248099585
1.11442623749322,1.56,-38.384910076291
1.11442623749322,1.565,-38.3873292794134
1.11442623749322,1.57,-38.3900843568451
1.11442623749322,1.575,-38.3931772907977
1.11442623749322,1.58,-38.3966101089301
1.11442623749322,1.585,-38.400384885128
1.11442623749322,1.59,-38.4045037403053
1.11442623749322,1.595,-38.4089688432314
1.11442623749322,1.6,-38.4137824113825
1.11442623749322,1.605,-38.4189467118187
1.11442623749322,1.61,-38.4244640620885
1.11442623749322,1.615,-38.4303368311598
1.11442623749322,1.62,-38.4365674403797
1.11442623749322,1.625,-38.4431583644631
1.11442623749322,1.63,-38.450112132512
1.11442623749322,1.635,-38.4574313290649
1.11442623749322,1.64,-38.4651185951792
1.11442623749322,1.645,-38.4731766295461
1.11442623749322,1.65,-38.48160818964
1.11442623749322,1.655,-38.490416092903
1.11442623749322,1.66,-38.499603217966
1.11442623749322,1.665,-38.5091725059075
1.11442623749322,1.67,-38.5191269615518
1.11442623749322,1.675,-38.5294696548064
1.11442623749322,1.68,-38.5402037220428
1.11442623749322,1.685,-38.5513323675188
1.11442623749322,1.69,-38.5628588648468
1.11442623749322,1.695,-38.5747865585077
1.11442623749322,1.7,-38.5871188654124
1.11442623749322,1.705,-38.5998592765138
1.11442623749322,1.71,-38.6130113584695
1.11442623749322,1.715,-38.6265787553579
1.11442623749322,1.72,-38.6405651904498
1.11442623749322,1.725,-38.6549744680364
1.11442623749322,1.73,-38.6698104753179
1.11442623749322,1.735,-38.6850771843524
1.11442623749322,1.74,-38.7007786540696
1.11442623749322,1.745,-38.7169190323501
1.11442623749322,1.75,-38.733502558174
1.11442623749322,1.755,-38.7505335638408
1.11442623749322,1.76,-38.7680164772633
1.11442623749322,1.765,-38.7859558243391
1.11442623749322,1.77,-38.8043562314013
1.11442623749322,1.775,-38.8232224277537
1.11442623749322,1.78,-38.8425592482917
1.11442623749322,1.785,-38.8623716362135
1.11442623749322,1.79,-38.8826646458251
1.11442623749322,1.795,-38.9034434454431
1.11442623749322,1.8,-38.9247133203979
1.11442623749322,1.805,-38.9464796761442
1.11442623749322,1.81,-38.9687480414802
1.11442623749322,1.815,-38.9915240718824
1.11442623749322,1.82,-39.0148135529592
1.11442623749322,1.825,-39.0386224040297
1.11442623749322,1.83,-39.0629566818324
1.11442623749322,1.835,-39.0878225843686
1.11442623749322,1.84,-39.1132264548887
1.11442623749322,1.845,-39.1391747860245
1.11442623749322,1.85,-39.1656742240771
1.11442623749322,1.855,-39.1927315734644
1.11442623749322,1.86,-39.2203538013378
1.11442623749322,1.865,-39.2485480423746
1.11442623749322,1.87,-39.2773216037532
1.11442623749322,1.875,-39.3066819703214
1.11442623749322,1.88,-39.3366368099658
1.11442623749322,1.885,-39.3671939791909
1.11442623749322,1.89,-39.3983615289189
1.11442623749322,1.895,-39.4301477105202
1.11442623749322,1.9,-39.4625609820856
1.11442623749322,1.905,-39.4956100149516
1.11442623749322,1.91,-39.5293037004916
1.11442623749322,1.915,-39.5636511571849
1.11442623749322,1.92,-39.5986617379794
1.11442623749322,1.925,-39.6343450379591
1.11442623749322,1.93,-39.6707109023357
1.11442623749322,1.935,-39.707769434777
1.11442623749322,1.94,-39.7455310060921
1.11442623749322,1.945,-39.7840062632895
1.11442623749322,1.95,-39.8232061390292
1.11442623749322,1.955,-39.8631418614887
1.11442623749322,1.96,-39.9038249646632
1.11442623749322,1.965,-39.9452672991269
1.11442623749322,1.97,-39.9874810432756
1.11442623749322,1.975,-40.0304787150796
1.11442623749322,1.98,-40.0742731843749
1.11442623749322,1.985,-40.1188776857196
1.11442623749322,1.99,-40.1643058318507
1.11442623749322,1.995,-40.2105716277715
1.11442623749322,2,-40.2576894855084
1.11442623749322,2.005,-40.3056742395728
1.11442623749322,2.01,-40.3545411631705
1.11442623749322,2.015,-40.404305985202
1.11442623749322,2.02,-40.454984908099
1.11442623749322,2.025,-40.5065946265487
1.11442623749322,2.03,-40.5591523471582
1.11442623749322,2.035,-40.6126758091151
1.11442623749322,2.04,-40.6671833059075
1.11442623749322,2.045,-40.7226937081673
1.11442623749322,2.05,-40.7792264877078
1.11442623749322,2.055,-40.83680174283
1.11442623749322,2.06,-40.8954402249805
1.11442623749322,2.065,-40.955163366846
1.11442623749322,2.07,-41.0159933119801
1.11442623749322,2.075,-41.0779529460619
1.11442623749322,2.08,-41.1410659298956
1.11442623749322,2.085,-41.2053567342692
1.11442623749322,2.09,-41.270850676797
1.11442623749322,2.095,-41.3375739608853
1.11442623749322,2.1,-41.4055537169666
1.11442623749322,2.105,-41.474818046164
1.11442623749322,2.11,-41.545396066558
1.11442623749322,2.115,-41.6173179622445
1.11442623749322,2.12,-41.6906150353867
1.11442623749322,2.125,-41.7653197614827
1.11442623749322,2.13,-41.8414658480897
1.11442623749322,2.135,-41.9190882972657
1.11442623749322,2.14,-41.9982234720139
1.11442623749322,2.145,-42.0789091670415
1.11442623749322,2.15,-42.1611846841707
1.11442623749322,2.155,-42.2450909127736
1.11442623749322,2.16,-42.3306704156357
1.11442623749322,2.165,-42.4179675206919
1.11442623749322,2.17,-42.5070284191232
1.11442623749322,2.175,-42.5979012703447
1.11442623749322,2.18,-42.6906363144767
1.11442623749322,2.185,-42.7852859929403
1.11442623749322,2.19,-42.8819050778921
1.11442623749322,2.195,-42.9805508112821
1.11442623749322,2.2,-43.0812830544014
1.11442623749322,2.205,-43.1841644488795
1.11442623749322,2.21,-43.2892605901949
1.11442623749322,2.215,-43.3966402148749
1.11442623749322,2.22,-43.5063754026979
1.11442623749322,2.225,-43.6185417953527
1.11442623749322,2.23,-43.73321883318
1.11442623749322,2.235,-43.8504900118096
1.11442623749322,2.24,-43.9704431607189
1.11442623749322,2.245,-44.0931707459856
1.11442623749322,2.25,-44.2187701997787
1.11442623749322,2.255,-44.3473442794551
1.11442623749322,2.26,-44.4790014594839
1.11442623749322,2.265,-44.6138563598372
1.11442623749322,2.27,-44.7520302149626
1.11442623749322,2.275,-44.8936513879941
1.11442623749322,2.28,-45.038855935494
1.11442623749322,2.285,-45.18778822874
1.11442623749322,2.29,-45.3406016384214
1.11442623749322,2.295,-45.4974592905805
1.11442623749322,2.3,-45.6585349027815
1.11442623749322,2.305,-45.8240137108133
1.11442623749322,2.31,-45.9940934977939
1.11442623749322,2.315,-46.1689857393646
1.11442623749322,2.32,-46.3489168808147
1.11442623749322,2.325,-46.5341297645044
1.11442623749322,2.33,-46.7248852289545
1.11442623749322,2.335,-46.9214639045186
1.11442623749322,2.34,-47.1241682347823
1.11442623749322,2.345,-47.3333247578693
1.11442623749322,2.35,-47.549286687858
1.11442623749322,2.355,-47.7724368437334
1.11442623749322,2.36,-48.0031909819752
1.11442623749322,2.365,-48.2420015993317
1.11442623749322,2.37,-48.4893622849356
1.11442623749322,2.375,-48.7458127161474
1.11442623749322,2.38,-49.0119444109259
1.11442623749322,2.385,-49.2884073717786
1.11442623749322,2.39,-49.5759177831969
1.11442623749322,2.395,-49.8752669567606
1.11442623749322,2.4,-50.1873317566356
1.11442623749322,2.405,-50.5130867836718
1.11442623749322,2.41,-50.8536186489497
1.11442623749322,2.415,-51.2101427265409
1.11442623749322,2.42,-51.5840228372633
1.11442623749322,2.425,-51.9767943725583
1.11442623749322,2.43,-52.3901914036009
1.11442623749322,2.435,-52.8261783015149
1.11442623749322,2.44,-53.2869862532721
1.11442623749322,2.445,-53.7751546642987
1.11442623749322,2.45,-54.2935765399339
1.11442623749322,2.455,-54.8455450404502
1.11442623749322,2.46,-55.434794540302
1.11442623749322,2.465,-56.0655217749187
1.11442623749322,2.47,-56.7423572001688
1.11442623749322,2.475,-57.4702258383525
1.11442623749322,2.48,-58.2539752864371
1.11442623749322,2.485,-59.097526311538
1.11442623749322,2.49,-60.0020647078392
1.11442623749322,2.495,-60.9623660913936
1.11442623749322,2.5,-61.9597206874208
1.11442623749322,2.505,-62.9496350897319
1.11442623749322,2.51,-63.8451056944827
1.11442623749322,2.515,-64.5080015500356
1.11442623749322,2.52,-64.7811492299084
1.11442623749322,2.525,-64.5773884698878
1.11442623749322,2.53,-63.9486318791856
1.11442623749322,2.535,-63.0431929188322
1.11442623749322,2.54,-62.0102589828055
1.11442623749322,2.545,-60.9509730491658
1.11442623749322,2.55,-59.9197715143653
1.11442623749322,2.555,-58.9409577629411
1.11442623749322,2.56,-58.0225584384928
1.11442623749322,2.565,-57.1646691732892
1.11442623749322,2.57,-56.3638813093661
1.11442623749322,2.575,-55.6154877769257
1.11442623749322,2.58,-54.9145334912762
1.11442623749322,2.585,-54.2562865401404
1.11442623749322,2.59,-53.6364252717157
1.11442623749322,2.595,-53.0510893223108
1.11442623749322,2.6,-52.4968682110718
1.11442623749322,2.605,-51.9707638365675
1.11442623749322,2.61,-51.4701445303308
1.11442623749322,2.615,-50.9926989583499
1.11442623749322,2.62,-50.5363934811677
1.11442623749322,2.625,-50.0994342716945
1.11442623749322,2.63,-49.6802343807291
1.11442623749322,2.635,-49.2773854406181
1.11442623749322,2.64,-48.8896335037768
1.11442623749322,2.645,-48.5158584686929
1.11442623749322,2.65,-48.1550565712749
1.11442623749322,2.655,-47.8063254730866
1.11442623749322,2.66,-47.4688515397936
1.11442623749322,2.665,-47.1418989633672
1.11442623749322,2.67,-46.8248004361128
1.11442623749322,2.675,-46.5169491320433
1.11442623749322,2.68,-46.2177917915036
1.11442623749322,2.685,-45.9268227388708
1.11442623749322,2.69,-45.6435786914072
1.11442623749322,2.695,-45.3676342407794
1.11442623749322,2.7,-45.0985979081527
1.11442623749322,2.705,-44.8361086898139
1.11442623749322,2.71,-44.5798330235483
1.11442623749322,2.715,-44.3294621169987
1.11442623749322,2.72,-44.0847095883604
1.11442623749322,2.725,-43.8453093773566
1.11442623749322,2.73,-43.6110138907709
1.11442623749322,2.735,-43.3815923521002
1.11442623749322,2.74,-43.1568293293231
1.11442623749322,2.745,-42.9365234185049
1.11442623749322,2.75,-42.7204860640981
1.11442623749322,2.755,-42.5085404994453
1.11442623749322,2.76,-42.3005207932425
1.11442623749322,2.765,-42.0962709896232
1.11442623749322,2.77,-41.895644331154
1.11442623749322,2.775,-41.6985025554175
1.11442623749322,2.78,-41.5047152570468
1.11442623749322,2.785,-41.3141593080992
1.11442623749322,2.79,-41.1267183305307
1.11442623749322,2.795,-40.9422822152946
1.11442623749322,2.8,-40.7607466832394
1.11442623749322,2.805,-40.5820128835511
1.11442623749322,2.81,-40.4059870259783
1.11442623749322,2.815,-40.2325800435056
1.11442623749322,2.82,-40.0617072825204
1.11442623749322,2.825,-39.8932882178403
1.11442623749322,2.83,-39.7272461902598
1.11442623749322,2.835,-39.5635081645256
1.11442623749322,2.84,-39.4020045058704
1.11442623749322,2.845,-39.2426687734328
1.11442623749322,2.85,-39.0854375290614
1.11442623749322,2.855,-38.9302501601559
1.11442623749322,2.86,-38.7770487153297
1.11442623749322,2.865,-38.6257777518044
1.11442623749322,2.87,-38.4763841935462
1.11442623749322,2.875,-38.3288171992549
1.11442623749322,2.88,-38.1830280393993
1.11442623749322,2.885,-38.0389699815653
1.11442623749322,2.89,-37.8965981834572
1.11442623749322,2.895,-37.7558695929466
1.11442623749322,2.9,-37.6167428546224
1.11442623749322,2.905,-37.4791782223427
1.11442623749322,2.91,-37.343137477332
1.11442623749322,2.915,-37.2085838514104
1.11442623749322,2.92,-37.0754819549732
1.11442623749322,2.925,-36.943797709374
1.11442623749322,2.93,-36.8134982833931
1.11442623749322,2.935,-36.6845520334995
1.11442623749322,2.94,-36.5569284476381
1.11442623749322,2.945,-36.4305980922965
1.11442623749322,2.95,-36.3055325626249
1.11442623749322,2.955,-36.1817044354003
1.11442623749322,2.96,-36.0590872246435
1.11442623749322,2.965,-35.9376553397117
1.11442623749322,2.97,-35.8173840457028
1.11442623749322,2.975,-35.6982494260212
1.11442623749322,2.98,-35.5802283469639
1.11442623749322,2.985,-35.4632984241994
1.11442623749322,2.99,-35.3474379910181
1.11442623749322,2.995,-35.2326260682445
1.11442623749322,3,-35.1188423357065
1.11442623749322,3.005,-35.006067105168
1.11442623749322,3.01,-34.8942812946346
1.11442623749322,3.015,-34.78346640395
1.11442623749322,3.02,-34.6736044916071
1.11442623749322,3.025,-34.5646781526998
1.11442623749322,3.03,-34.4566704979526
1.11442623749322,3.035,-34.3495651337608
1.11442623749322,3.04,-34.2433461431884
1.11442623749322,3.045,-34.1379980678645
1.11442623749322,3.05,-34.0335058907321
1.11442623749322,3.055,-33.9298550195973
1.11442623749322,3.06,-33.8270312714394
1.11442623749322,3.065,-33.7250208574352
1.11442623749322,3.07,-33.6238103686637
1.11442623749322,3.075,-33.5233867624502
1.11442623749322,3.08,-33.4237373493194
1.11442623749322,3.085,-33.3248497805218
1.11442623749322,3.09,-33.2267120361072
1.11442623749322,3.095,-33.1293124135129
1.11442623749322,3.1,-33.0326395166433
1.11442623749322,3.105,-32.9366822454143
1.11442623749322,3.11,-32.8414297857385
1.11442623749322,3.115,-32.7468715999306
1.11442623749322,3.12,-32.6529974175104
1.11442623749322,3.125,-32.5597972263855
1.11442623749322,3.13,-32.4672612643932
1.11442623749322,3.135,-32.3753800111853
1.11442623749322,3.14,-32.2841441804397
1.11442623749322,3.145,-32.1935447123813
1.11442623749322,3.15,-32.1035727665998
1.11442623749322,3.155,-32.0142197151487
1.11442623749322,3.16,-31.9254771359129
1.11442623749322,3.165,-31.8373368062331
1.11442623749322,3.17,-31.7497906967738
1.11442623749322,3.175,-31.6628309656251
1.11442623749322,3.18,-31.576449952627
1.11442623749322,3.185,-31.490640173906
1.11442623749322,3.19,-31.4053943166154
1.11442623749322,3.195,-31.3207052338694
1.11442623749322,3.2,-31.2365659398627
1.11442623749322,3.205,-31.1529696051674
1.11442623749322,3.21,-31.0699095522003
1.11442623749322,3.215,-30.9873792508522
1.11442623749322,3.22,-30.9053723142723
1.11442623749322,3.225,-30.8238824948022
1.11442623749322,3.23,-30.7429036800523
1.11442623749322,3.235,-30.6624298891143
1.11442623749322,3.24,-30.5824552689056
1.11442623749322,3.245,-30.5029740906378
1.11442623749322,3.25,-30.4239807464074
1.11442623749322,3.255,-30.3454697459004
1.11442623749322,3.26,-30.2674357132083
1.11442623749322,3.265,-30.1898733837507
1.11442623749322,3.27,-30.1127776012994
1.11442623749322,3.275,-30.0361433151006
1.11442623749322,3.28,-29.9599655770922
1.11442623749322,3.285,-29.88423953921
1.11442623749322,3.29,-29.8089604507821
1.11442623749322,3.295,-29.7341236560063
1.11442623749322,3.3,-29.6597245915081
1.11442623749322,3.305,-29.5857587839756
1.11442623749322,3.31,-29.5122218478695
1.11442623749322,3.315,-29.439109483204
1.11442623749322,3.32,-29.3664174733964
1.11442623749322,3.325,-29.2941416831841
1.11442623749322,3.33,-29.222278056604
1.11442623749322,3.335,-29.1508226150347
1.11442623749322,3.34,-29.079771455297
1.11442623749322,3.345,-29.0091207478119
1.11442623749322,3.35,-28.9388667348136
1.11442623749322,3.355,-28.8690057286157
1.11442623749322,3.36,-28.7995341099281
1.11442623749322,3.365,-28.7304483262237
1.11442623749322,3.37,-28.6617448901522
1.11442623749322,3.375,-28.5934203780007
1.11442623749322,3.38,-28.5254714281974
1.11442623749322,3.385,-28.4578947398592
1.11442623749322,3.39,-28.3906870713798
1.11442623749322,3.395,-28.3238452390583
1.11442623749322,3.4,-28.2573661157657
1.11442623749322,3.405,-28.1912466296492
1.11442623749322,3.41,-28.1254837628723
1.11442623749322,3.415,-28.060074550389
1.11442623749322,3.42,-27.9950160787531
1.11442623749322,3.425,-27.9303054849582
1.11442623749322,3.43,-27.8659399553102
1.11442623749322,3.435,-27.8019167243303
1.11442623749322,3.44,-27.7382330736865
1.11442623749322,3.445,-27.6748863311543
1.11442623749322,3.45,-27.6118738696046
1.11442623749322,3.455,-27.5491931060185
1.11442623749322,3.46,-27.4868415005272
1.11442623749322,3.465,-27.4248165554777
1.11442623749322,3.47,-27.3631158145223
1.11442623749322,3.475,-27.3017368617312
1.11442623749322,3.48,-27.2406773207284
1.11442623749322,3.485,-27.1799348538491
1.11442623749322,3.49,-27.1195071613185
1.11442623749322,3.495,-27.0593919804515
1.11442623749322,3.5,-26.9995870848718
1.11442623749322,3.505,-26.9400902837511
1.11442623749322,3.51,-26.8808994210666
1.11442623749322,3.515,-26.8220123748771
1.11442623749322,3.52,-26.7634270566163
1.11442623749322,3.525,-26.7051414104037
1.11442623749322,3.53,-26.6471534123722
1.11442623749322,3.535,-26.5894610700115
1.11442623749322,3.54,-26.5320624215272
1.11442623749322,3.545,-26.4749555352156
1.11442623749322,3.55,-26.4181385088526
1.11442623749322,3.555,-26.3616094690977
1.11442623749322,3.56,-26.3053665709113
1.11442623749322,3.565,-26.2494079969858
1.11442623749322,3.57,-26.1937319571899
1.11442623749322,3.575,-26.1383366880255
1.11442623749322,3.58,-26.0832204520972
1.11442623749322,3.585,-26.0283815375941
1.11442623749322,3.59,-25.9738182577824
1.11442623749322,3.595,-25.9195289505106
1.11442623749322,3.6,-25.8655119777249
1.11442623749322,3.605,-25.8117657249957
1.11442623749322,3.61,-25.758288601055
1.11442623749322,3.615,-25.7050790373429
1.11442623749322,3.62,-25.6521354875653
1.11442623749322,3.625,-25.5994564272604
1.11442623749322,3.63,-25.5470403533748
1.11442623749322,3.635,-25.494885783849
1.11442623749322,3.64,-25.4429912572115
1.11442623749322,3.645,-25.3913553321815
1.11442623749322,3.65,-25.3399765872805
1.11442623749322,3.655,-25.2888536204516
1.11442623749322,3.66,-25.2379850486869
1.11442623749322,3.665,-25.1873695076633
1.11442623749322,3.67,-25.1370056513847
1.11442623749322,3.675,-25.0868921518329
1.11442623749322,3.68,-25.0370276986246
1.11442623749322,3.685,-24.9874109986764
1.11442623749322,3.69,-24.9380407758755
1.11442623749322,3.695,-24.8889157707586
1.11442623749322,3.7,-24.8400347401956
1.11442623749322,3.705,-24.791396457081
1.11442623749322,3.71,-24.7429997100307
1.11442623749322,3.715,-24.6948433030853
1.11442623749322,3.72,-24.6469260554188
1.11442623749322,3.725,-24.5992468010537
1.11442623749322,3.73,-24.551804388581
1.11442623749322,3.735,-24.504597680886
1.11442623749322,3.74,-24.4576255548797
1.11442623749322,3.745,-24.4108869012349
1.11442623749322,3.75,-24.3643806241275
1.11442623749322,3.755,-24.3181056409833
1.11442623749322,3.76,-24.2720608822287
1.11442623749322,3.765,-24.2262452910472
1.11442623749322,3.77,-24.1806578231394
1.11442623749322,3.775,-24.1352974464886
1.11442623749322,3.78,-24.0901631411299
1.11442623749322,3.785,-24.0452538989245
1.11442623749322,3.79,-24.0005687233372
1.11442623749322,3.795,-23.9561066292189
1.11442623749322,3.8,-23.9118666425926
1.11442623749322,3.805,-23.8678478004437
1.11442623749322,3.81,-23.8240491505137
1.11442623749322,3.815,-23.7804697510984
1.11442623749322,3.82,-23.7371086708484
1.11442623749322,3.825,-23.6939649885753
1.11442623749322,3.83,-23.6510377930591
1.11442623749322,3.835,-23.6083261828611
1.11442623749322,3.84,-23.5658292661386
1.11442623749322,3.845,-23.5235461604637
1.11442623749322,3.85,-23.4814759926455
1.11442623749322,3.855,-23.4396178985547
1.11442623749322,3.86,-23.3979710229521
1.11442623749322,3.865,-23.3565345193195
1.11442623749322,3.87,-23.3153075496939
1.11442623749322,3.875,-23.2742892845048
1.11442623749322,3.88,-23.2334789024138
1.11442623749322,3.885,-23.1928755901574
1.11442623749322,3.89,-23.1524785423926
1.11442623749322,3.895,-23.1122869615445
1.11442623749322,3.9,-23.0723000576578
1.11442623749322,3.905,-23.0325170482495
1.11442623749322,3.91,-22.9929371581652
1.11442623749322,3.915,-22.9535596194369
1.11442623749322,3.92,-22.9143836711443
1.11442623749322,3.925,-22.8754085592776
1.11442623749322,3.93,-22.8366335366032
1.11442623749322,3.935,-22.7980578625314
1.11442623749322,3.94,-22.7596808029861
1.11442623749322,3.945,-22.7215016302778
1.11442623749322,3.95,-22.6835196229772
1.11442623749322,3.955,-22.6457340657922
1.11442623749322,3.96,-22.6081442494465
1.11442623749322,3.965,-22.5707494705601
1.11442623749322,3.97,-22.5335490315321
1.11442623749322,3.975,-22.4965422404254
1.11442623749322,3.98,-22.4597284108535
1.11442623749322,3.985,-22.4231068618685
1.11442623749322,3.99,-22.3866769178521
1.11442623749322,3.995,-22.3504379084077
1.11442623749322,4,-22.3143891682543
1.11442623749322,4.005,-22.2785300371223
1.11442623749322,4.01,-22.2428598596517
1.11442623749322,4.015,-22.2073779852906
1.11442623749322,4.02,-22.172083768197
1.11442623749322,4.025,-22.1369765671412
1.11442623749322,4.03,-22.1020557454098
1.11442623749322,4.035,-22.0673206707122
1.11442623749322,4.04,-22.0327707150881
1.11442623749322,4.045,-21.9984052548163
1.11442623749322,4.05,-21.9642236703254
1.11442623749322,4.055,-21.9302253461064
1.11442623749322,4.06,-21.8964096706257
1.11442623749322,4.065,-21.8627760362409
1.11442623749322,4.07,-21.8293238391168
1.11442623749322,4.075,-21.7960524791439
1.11442623749322,4.08,-21.7629613598573
1.11442623749322,4.085,-21.7300498883579
1.11442623749322,4.09,-21.6973174752345
1.11442623749322,4.095,-21.6647635344868
1.11442623749322,4.1,-21.6323874834509
1.11442623749322,4.105,-21.600188742725
1.11442623749322,4.11,-21.5681667360967
1.11442623749322,4.115,-21.5363208904721
1.11442623749322,4.12,-21.5046506358053
1.11442623749322,4.125,-21.4731554050297
1.11442623749322,4.13,-21.4418346339901
1.11442623749322,4.135,-21.4106877613768
1.11442623749322,4.14,-21.3797142286598
1.11442623749322,4.145,-21.3489134800247
1.11442623749322,4.15,-21.3182849623101
1.11442623749322,4.155,-21.2878281249455
1.11442623749322,4.16,-21.2575424198906
1.11442623749322,4.165,-21.2274273015755
1.11442623749322,4.17,-21.1974822268427
1.11442623749322,4.175,-21.167706654889
1.11442623749322,4.18,-21.1381000472095
1.11442623749322,4.185,-21.1086618675422
1.11442623749322,4.19,-21.0793915818134
1.11442623749322,4.195,-21.0502886580848
1.11442623749322,4.2,-21.0213525665008
1.11442623749322,4.205,-20.9925827792375
1.11442623749322,4.21,-20.963978770452
1.11442623749322,4.215,-20.9355400162335
1.11442623749322,4.22,-20.9072659945544
1.11442623749322,4.225,-20.8791561852232
1.11442623749322,4.23,-20.8512100698379
1.11442623749322,4.235,-20.8234271317399
1.11442623749322,4.24,-20.79580685597
1.11442623749322,4.245,-20.7683487292243
1.11442623749322,4.25,-20.7410522398108
1.11442623749322,4.255,-20.7139168776083
1.11442623749322,4.26,-20.6869421340241
1.11442623749322,4.265,-20.6601275019545
1.11442623749322,4.27,-20.6334724757451
1.11442623749322,4.275,-20.6069765511518
1.11442623749322,4.28,-20.5806392253032
1.11442623749322,4.285,-20.5544599966637
1.11442623749322,4.29,-20.528438364997
1.11442623749322,4.295,-20.5025738313307
1.11442623749322,4.3,-20.476865897922
1.11442623749322,4.305,-20.4513140682233
1.11442623749322,4.31,-20.4259178468493
1.11442623749322,4.315,-20.4006767395448
1.11442623749322,4.32,-20.3755902531527
1.11442623749322,4.325,-20.3506578955837
1.11442623749322,4.33,-20.3258791757855
1.11442623749322,4.335,-20.3012536037137
1.11442623749322,4.34,-20.2767806903031
1.11442623749322,4.345,-20.2524599474397
1.11442623749322,4.35,-20.2282908879331
1.11442623749322,4.355,-20.2042730254902
1.11442623749322,4.36,-20.1804058746889
1.11442623749322,4.365,-20.1566889509531
1.11442623749322,4.37,-20.1331217705279
1.11442623749322,4.375,-20.1097038504556
1.11442623749322,4.38,-20.0864347085523
1.11442623749322,4.385,-20.0633138633855
1.11442623749322,4.39,-20.0403408342516
1.11442623749322,4.395,-20.0175151411546
1.11442623749322,4.4,-19.9948363047854
1.11442623749322,4.405,-19.9723038465014
1.11442623749322,4.41,-19.9499172883068
1.11442623749322,4.415,-19.9276761528336
1.11442623749322,4.42,-19.905579963323
1.11442623749322,4.425,-19.883628243608
1.11442623749322,4.43,-19.8618205180951
1.11442623749322,4.435,-19.8401563117485
1.11442623749322,4.44,-19.8186351500733
1.11442623749322,4.445,-19.7972565590998
1.11442623749322,4.45,-19.7760200653688
1.11442623749322,4.455,-19.7549251959163
1.11442623749322,4.46,-19.7339714782599
1.11442623749322,4.465,-19.7131584403852
1.11442623749322,4.47,-19.6924856107324
1.11442623749322,4.475,-19.671952518184
1.11442623749322,4.48,-19.6515586920526
1.11442623749322,4.485,-19.6313036620692
1.11442623749322,4.49,-19.6111869583724
1.11442623749322,4.495,-19.5912081114974
1.11442623749322,4.5,-19.571366652366
1.11442623749322,4.505,-19.551662112277
1.11442623749322,4.51,-19.5320940228965
1.11442623749322,4.515,-19.5126619162495
1.11442623749322,4.52,-19.4933653247115
1.11442623749322,4.525,-19.4742037810002
1.11442623749322,4.53,-19.4551768181683
1.11442623749322,4.535,-19.4362839695964
1.11442623749322,4.54,-19.4175247689861
1.11442623749322,4.545,-19.3988987503536
1.11442623749322,4.55,-19.3804054480245
1.11442623749322,4.555,-19.3620443966275
1.11442623749322,4.56,-19.3438151310896
1.11442623749322,4.565,-19.3257171866317
1.11442623749322,4.57,-19.3077500987637
1.11442623749322,4.575,-19.2899134032808
1.11442623749322,4.58,-19.27220663626
1.11442623749322,4.585,-19.2546293340565
1.11442623749322,4.59,-19.2371810333011
1.11442623749322,4.595,-19.2198612708975
1.11442623749322,4.6,-19.2026695840199
1.11442623749322,4.605,-19.1856055101115
1.11442623749322,4.61,-19.1686685868825
1.11442623749322,4.615,-19.151858352309
1.11442623749322,4.62,-19.1351743446322
1.11442623749322,4.625,-19.1186161023576
1.11442623749322,4.63,-19.1021831642545
1.11442623749322,4.635,-19.0858750693564
1.11442623749322,4.64,-19.0696913569608
1.11442623749322,4.645,-19.05363156663
1.11442623749322,4.65,-19.0376952381917
1.11442623749322,4.655,-19.0218819117403
1.11442623749322,4.66,-19.0061911276381
1.11442623749322,4.665,-18.990622426517
1.11442623749322,4.67,-18.9751753492801
1.11442623749322,4.675,-18.9598494371042
1.11442623749322,4.68,-18.9446442314418
1.11442623749322,4.685,-18.929559274024
1.11442623749322,4.69,-18.914594106863
1.11442623749322,4.695,-18.8997482722554
1.11442623749322,4.7,-18.8850213127854
1.11442623749322,4.705,-18.8704127713282
1.11442623749322,4.71,-18.8559221910538
1.11442623749322,4.715,-18.8415491154309
1.11442623749322,4.72,-18.8272930882309
1.11442623749322,4.725,-18.8131536535324
1.11442623749322,4.73,-18.7991303557255
1.11442623749322,4.735,-18.7852227395165
1.11442623749322,4.74,-18.7714303499329
1.11442623749322,4.745,-18.7577527323282
1.11442623749322,4.75,-18.7441894323875
1.11442623749322,4.755,-18.7307399961324
1.11442623749322,4.76,-18.7174039699267
1.11442623749322,4.765,-18.7041809004822
1.11442623749322,4.77,-18.6910703348644
1.11442623749322,4.775,-18.6780718204987
1.11442623749322,4.78,-18.6651849051761
1.11442623749322,4.785,-18.65240913706
1.11442623749322,4.79,-18.6397440646919
1.11442623749322,4.795,-18.6271892369987
1.11442623749322,4.8,-18.6147442032988
1.11442623749322,4.805,-18.6024085133089
1.11442623749322,4.81,-18.5901817171511
1.11442623749322,4.815,-18.5780633653598
1.11442623749322,4.82,-18.5660530088888
1.11442623749322,4.825,-18.5541501991181
1.11442623749322,4.83,-18.542354487862
1.11442623749322,4.835,-18.5306654273755
1.11442623749322,4.84,-18.5190825703626
1.11442623749322,4.845,-18.5076054699834
1.11442623749322,4.85,-18.4962336798619
1.11442623749322,4.855,-18.4849667540934
1.11442623749322,4.86,-18.4738042472528
1.11442623749322,4.865,-18.462745714402
1.11442623749322,4.87,-18.4517907110979
1.11442623749322,4.875,-18.4409387934005
1.11442623749322,4.88,-18.430189517881
1.11442623749322,4.885,-18.4195424416294
1.11442623749322,4.89,-18.4089971222633
1.11442623749322,4.895,-18.3985531179354
1.11442623749322,4.9,-18.3882099873422
1.11442623749322,4.905,-18.3779672897323
1.11442623749322,4.91,-18.3678245849141
1.11442623749322,4.915,-18.3577814332647
1.11442623749322,4.92,-18.347837395738
1.11442623749322,4.925,-18.3379920338732
1.11442623749322,4.93,-18.328244909803
1.11442623749322,4.935,-18.3185955862622
1.11442623749322,4.94,-18.3090436265961
1.11442623749322,4.945,-18.2995885947689
1.11442623749322,4.95,-18.2902300553719
1.11442623749322,4.955,-18.2809675736325
1.11442623749322,4.96,-18.2718007154222
1.11442623749322,4.965,-18.2627290472654
1.11442623749322,4.97,-18.2537521363474
1.11442623749322,4.975,-18.2448695505234
1.11442623749322,4.98,-18.2360808583266
1.11442623749322,4.985,-18.2273856289766
1.11442623749322,4.99,-18.218783432388
1.11442623749322,4.995,-18.2102738391788
1.11442623749322,5,-18.2018564206787
1.11442623749322,5.005,-18.1935307489373
1.11442623749322,5.01,-18.1852963967329
1.11442623749322,5.015,-18.1771529375803
1.11442623749322,5.02,-18.1690999457395
1.11442623749322,5.025,-18.1611369962237
1.11442623749322,5.03,-18.1532636648076
1.11442623749322,5.035,-18.1454795280356
1.11442623749322,5.04,-18.1377841632299
1.11442623749322,5.045,-18.1301771484988
1.11442623749322,5.05,-18.1226580627445
1.11442623749322,5.055,-18.1152264856712
1.11442623749322,5.06,-18.1078819977932
1.11442623749322,5.065,-18.1006241804428
1.11442623749322,5.07,-18.0934526157782
1.11442623749322,5.075,-18.086366886791
1.11442623749322,5.08,-18.0793665773147
1.11442623749322,5.085,-18.0724512720316
1.11442623749322,5.09,-18.0656205564811
1.11442623749322,5.095,-18.058874017067
1.11442623749322,5.1,-18.0522112410651
1.11442623749322,5.105,-18.0456318166307
1.11442623749322,5.11,-18.0391353328062
1.11442623749322,5.115,-18.0327213795281
1.11442623749322,5.12,-18.0263895476346
1.11442623749322,5.125,-18.020139428873
1.11442623749322,5.13,-18.0139706159061
1.11442623749322,5.135,-18.0078827023204
1.11442623749322,5.14,-18.001875282632
1.11442623749322,5.145,-17.9959479522945
1.11442623749322,5.15,-17.9901003077051
1.11442623749322,5.155,-17.9843319462122
1.11442623749322,5.16,-17.9786424661214
1.11442623749322,5.165,-17.9730314667025
1.11442623749322,5.17,-17.9674985481962
1.11442623749322,5.175,-17.9620433118203
1.11442623749322,5.18,-17.9566653597762
1.11442623749322,5.185,-17.9513642952554
1.11442623749322,5.19,-17.9461397224458
1.11442623749322,5.195,-17.9409912465375
1.11442623749322,5.2,-17.9359184737293
1.11442623749322,5.205,-17.9309210112343
1.11442623749322,5.21,-17.9259984672863
1.11442623749322,5.215,-17.9211504511454
1.11442623749322,5.22,-17.9163765731037
1.11442623749322,5.225,-17.9116764444911
1.11442623749322,5.23,-17.9070496776806
1.11442623749322,5.235,-17.9024958860944
1.11442623749322,5.24,-17.8980146842087
1.11442623749322,5.245,-17.8936056875592
1.11442623749322,5.25,-17.8892685127466
1.11442623749322,5.255,-17.8850027774414
1.11442623749322,5.26,-17.8808081003891
1.11442623749322,5.265,-17.8766841014152
1.11442623749322,5.27,-17.87263040143
1.11442623749322,5.275,-17.8686466224333
1.11442623749322,5.28,-17.8647323875196
1.11442623749322,5.285,-17.8608873208818
1.11442623749322,5.29,-17.8571110478167
1.11442623749322,5.295,-17.8534031947286
1.11442623749322,5.3,-17.8497633891342
1.11442623749322,5.305,-17.8461912596666
1.11442623749322,5.31,-17.8426864360795
1.11442623749322,5.315,-17.8392485492511
1.11442623749322,5.32,-17.8358772311883
1.11442623749322,5.325,-17.8325721150306
1.11442623749322,5.33,-17.8293328350534
1.11442623749322,5.335,-17.8261590266725
1.11442623749322,5.34,-17.823050326447
1.11442623749322,5.345,-17.820006372083
1.11442623749322,5.35,-17.8170268024373
1.11442623749322,5.355,-17.8141112575203
1.11442623749322,5.36,-17.8112593784996
1.11442623749322,5.365,-17.808470807703
1.11442623749322,5.37,-17.8057451886213
1.11442623749322,5.375,-17.8030821659117
1.11442623749322,5.38,-17.8004813854006
1.11442623749322,5.385,-17.797942494086
1.11442623749322,5.39,-17.7954651401406
1.11442623749322,5.395,-17.7930489729142
1.11442623749322,5.4,-17.7906936429364
1.11442623749322,5.405,-17.7883988019187
1.11442623749322,5.41,-17.7861641027574
1.11442623749322,5.415,-17.7839891995351
1.11442623749322,5.42,-17.7818737475234
1.11442623749322,5.425,-17.779817403185
1.11442623749322,5.43,-17.7778198241753
1.11442623749322,5.435,-17.7758806693447
1.11442623749322,5.44,-17.77399959874
1.11442623749322,5.445,-17.7721762736067
1.11442623749322,5.45,-17.7704103563901
1.11442623749322,5.455,-17.7687015107372
1.11442623749322,5.46,-17.7670494014979
1.11442623749322,5.465,-17.7654536947266
1.11442623749322,5.47,-17.7639140576837
1.11442623749322,5.475,-17.7624301588362
1.11442623749322,5.48,-17.7610016678596
1.11442623749322,5.485,-17.7596282556384
1.11442623749322,5.49,-17.7583095942672
1.11442623749322,5.495,-17.7570453570519
1.11442623749322,5.5,-17.7558352185102
1.11442623749322,5.505,-17.7546788543724
1.11442623749322,5.51,-17.7535759415823
1.11442623749322,5.515,-17.7525261582974
1.11442623749322,5.52,-17.7515291838896
1.11442623749322,5.525,-17.7505846989459
1.11442623749322,5.53,-17.7496923852683
1.11442623749322,5.535,-17.7488519258741
1.11442623749322,5.54,-17.7480630049968
1.11442623749322,5.545,-17.7473253080853
1.11442623749322,5.55,-17.7466385218044
1.11442623749322,5.555,-17.7460023340349
1.11442623749322,5.56,-17.7454164338735
1.11442623749322,5.565,-17.7448805116321
1.11442623749322,5.57,-17.7443942588384
1.11442623749322,5.575,-17.743957368235
1.11442623749322,5.58,-17.7435695337792
1.11442623749322,5.585,-17.7432304506425
1.11442623749322,5.59,-17.7429398152105
1.11442623749322,5.595,-17.7426973250817
1.11442623749322,5.6,-17.7425026790672
1.11442623749322,5.605,-17.74235557719
1.11442623749322,5.61,-17.7422557206842
1.11442623749322,5.615,-17.7422028119942
1.11442623749322,5.62,-17.7421965547734
1.11442623749322,5.625,-17.7422366538841
1.11442623749322,5.63,-17.7423228153955
1.11442623749322,5.635,-17.7424547465834
1.11442623749322,5.64,-17.7426321559285
1.11442623749322,5.645,-17.7428547531155
1.11442623749322,5.65,-17.7431222490317
1.11442623749322,5.655,-17.7434343557658
1.11442623749322,5.66,-17.7437907866062
1.11442623749322,5.665,-17.7441912560401
1.11442623749322,5.67,-17.7446354797515
1.11442623749322,5.675,-17.7451231746199
1.11442623749322,5.68,-17.7456540587185
1.11442623749322,5.685,-17.7462278513128
1.11442623749322,5.69,-17.7468442728587
1.11442623749322,5.695,-17.7475030450007
1.11442623749322,5.7,-17.7482038905704
1.11442623749322,5.705,-17.7489465335839
1.11442623749322,5.71,-17.7497306992409
1.11442623749322,5.715,-17.7505561139217
1.11442623749322,5.72,-17.751422505186
1.11442623749322,5.725,-17.7523296017703
1.11442623749322,5.73,-17.7532771335859
1.11442623749322,5.735,-17.754264831717
1.11442623749322,5.74,-17.755292428418
1.11442623749322,5.745,-17.7563596571119
1.11442623749322,5.75,-17.7574662523872
1.11442623749322,5.755,-17.7586119499962
1.11442623749322,5.76,-17.7597964868523
1.11442623749322,5.765,-17.7610196010278
1.11442623749322,5.77,-17.7622810317508
1.11442623749322,5.775,-17.7635805194038
1.11442623749322,5.78,-17.7649178055199
1.11442623749322,5.785,-17.7662926327812
1.11442623749322,5.79,-17.7677047450154
1.11442623749322,5.795,-17.7691538871937
1.11442623749322,5.8,-17.7706398054279
1.11442623749322,5.805,-17.7721622469673
1.11442623749322,5.81,-17.7737209601966
1.11442623749322,5.815,-17.7753156946324
1.11442623749322,5.82,-17.7769462009208
1.11442623749322,5.825,-17.7786122308342
1.11442623749322,5.83,-17.7803135372686
1.11442623749322,5.835,-17.7820498742406
1.11442623749322,5.84,-17.7838209968843
1.11442623749322,5.845,-17.7856266614482
1.11442623749322,5.85,-17.7874666252925
1.11442623749322,5.855,-17.7893406468856
1.11442623749322,5.86,-17.7912484858014
1.11442623749322,5.865,-17.7931899027156
1.11442623749322,5.87,-17.7951646594032
1.11442623749322,5.875,-17.7971725187347
1.11442623749322,5.88,-17.7992132446733
1.11442623749322,5.885,-17.8012866022712
1.11442623749322,5.89,-17.8033923576668
1.11442623749322,5.895,-17.8055302780811
1.11442623749322,5.9,-17.8077001318145
1.11442623749322,5.905,-17.8099016882433
1.11442623749322,5.91,-17.8121347178164
1.11442623749322,5.915,-17.8143989920519
1.11442623749322,5.92,-17.8166942835336
1.11442623749322,5.925,-17.8190203659078
1.11442623749322,5.93,-17.8213770138795
1.11442623749322,5.935,-17.823764003209
1.11442623749322,5.94,-17.8261811107085
1.11442623749322,5.945,-17.8286281142386
1.11442623749322,5.95,-17.8311047927044
1.11442623749322,5.955,-17.8336109260526
1.11442623749322,5.96,-17.836146295267
1.11442623749322,5.965,-17.8387106823657
1.11442623749322,5.97,-17.8413038703972
1.11442623749322,5.975,-17.8439256434364
1.11442623749322,5.98,-17.8465757865817
1.11442623749322,5.985,-17.8492540859506
1.11442623749322,5.99,-17.8519603286765
1.11442623749322,5.995,-17.8546943029045
1.11442623749322,6,-17.8574557977884
1.11444494458348,0.5,-73.1655260677233
1.11444494458348,0.505,-73.1638880138114
1.11444494458348,0.51,-73.1640217475552
1.11444494458348,0.515,-73.1659173447638
1.11444494458348,0.52,-73.1695636917365
1.11444494458348,0.525,-73.1749483304097
1.11444494458348,0.53,-73.1820572896304
1.11444494458348,0.535,-73.1908749014689
1.11444494458348,0.54,-73.2013836014181
1.11444494458348,0.545,-73.2135637112791
1.11444494458348,0.55,-73.2273932034674
1.11444494458348,0.555,-73.2428474454446
1.11444494458348,0.56,-73.2598989229415
1.11444494458348,0.565,-73.2785169406231
1.11444494458348,0.57,-73.2986672988552
1.11444494458348,0.575,-73.3203119452597
1.11444494458348,0.58,-73.3434085998078
1.11444494458348,0.585,-73.3679103523117
1.11444494458348,0.59,-73.3937652313208
1.11444494458348,0.595,-73.420915743653
1.11444494458348,0.6,-73.4492983840758
1.11444494458348,0.605,-73.478843115029
1.11444494458348,0.61,-73.5094728167631
1.11444494458348,0.615,-73.5411027088637
1.11444494458348,0.62,-73.5736397448756
1.11444494458348,0.625,-73.6069819826297
1.11444494458348,0.63,-73.6410179339606
1.11444494458348,0.635,-73.6756258987648
1.11444494458348,0.64,-73.7106732898435
1.11444494458348,0.645,-73.7460159566854
1.11444494458348,0.65,-73.7814975183008
1.11444494458348,0.655,-73.8169487174054
1.11444494458348,0.66,-73.8521868106762
1.11444494458348,0.665,-73.8870150124116
1.11444494458348,0.67,-73.9212220117034
1.11444494458348,0.675,-73.9545815860865
1.11444494458348,0.68,-73.9868523374614
1.11444494458348,0.685,-74.017777578782
1.11444494458348,0.69,-74.0470854023624
1.11444494458348,0.695,-74.0744889624996
1.11444494458348,0.7,-74.0996870061664
1.11444494458348,0.705,-74.1223646855355
1.11444494458348,0.71,-74.1421946847511
1.11444494458348,0.715,-74.1588386903339
1.11444494458348,0.72,-74.1719492296527
1.11444494458348,0.725,-74.1811718947158
1.11444494458348,0.73,-74.1861479590269
1.11444494458348,0.735,-74.1865173833459
1.11444494458348,0.74,-74.1819221920587
1.11444494458348,0.745,-74.1720101858128
1.11444494458348,0.75,-74.1564389387136
1.11444494458348,0.755,-74.1348800104898
1.11444494458348,0.76,-74.1070232866729
1.11444494458348,0.765,-74.0725813441876
1.11444494458348,0.77,-74.0312937271031
1.11444494458348,0.775,-73.9829310089381
1.11444494458348,0.78,-73.9272985149241
1.11444494458348,0.785,-73.8642395808885
1.11444494458348,0.79,-73.7936382352663
1.11444494458348,0.795,-73.7154212071626
1.11444494458348,0.8,-73.6295591856487
1.11444494458348,0.805,-73.5360672824587
1.11444494458348,0.81,-73.4350046803094
1.11444494458348,0.815,-73.3264734802828
1.11444494458348,0.82,-73.2106167920423
1.11444494458348,0.825,-73.0876161381812
1.11444494458348,0.83,-72.957688267
1.11444494458348,0.835,-72.8210814852917
1.11444494458348,0.84,-72.6780716334988
1.11444494458348,0.845,-72.5289578297669
1.11444494458348,0.85,-72.3740581072699
1.11444494458348,0.855,-72.213705061501
1.11444494458348,0.86,-72.0482416121163
1.11444494458348,0.865,-71.8780169685979
1.11444494458348,0.87,-71.703382871814
1.11444494458348,0.875,-71.5246901656668
1.11444494458348,0.88,-71.342285735536
1.11444494458348,0.885,-71.1565098339485
1.11444494458348,0.89,-70.9676937994797
1.11444494458348,0.895,-70.7761581626634
1.11444494458348,0.9,-70.5822111228381
1.11444494458348,0.905,-70.3861473723672
1.11444494458348,0.91,-70.1882472394078
1.11444494458348,0.915,-69.9887761171334
1.11444494458348,0.92,-69.7879841457434
1.11444494458348,0.925,-69.5861061134371
1.11444494458348,0.93,-69.3833615434483
1.11444494458348,0.935,-69.1799549359976
1.11444494458348,0.94,-68.9760761363105
1.11444494458348,0.945,-68.7719008025185
1.11444494458348,0.95,-68.5675909500769
1.11444494458348,0.955,-68.3632955521948
1.11444494458348,0.96,-68.1591511785661
1.11444494458348,0.965,-67.9552826573212
1.11444494458348,0.97,-67.75180374758
1.11444494458348,0.975,-67.5488178122016
1.11444494458348,0.98,-67.3464184823129
1.11444494458348,0.985,-67.1446903069549
1.11444494458348,0.99,-66.9437093826917
1.11444494458348,0.995,-66.7435439593402
1.11444494458348,1,-66.5442550190708
1.11444494458348,1.005,-66.3458968270564
1.11444494458348,1.01,-66.1485174526025
1.11444494458348,1.015,-65.952159260313
1.11444494458348,1.02,-65.7568593713388
1.11444494458348,1.025,-65.56265009515
1.11444494458348,1.03,-65.3695593325711
1.11444494458348,1.035,-65.1776109510448
1.11444494458348,1.04,-64.9868251332545
1.11444494458348,1.045,-64.7972187003455
1.11444494458348,1.05,-64.6088054110554
1.11444494458348,1.055,-64.4215962380992
1.11444494458348,1.06,-64.235599623165
1.11444494458348,1.065,-64.0508217118611
1.11444494458348,1.07,-63.86726656993
1.11444494458348,1.075,-63.6849363820029
1.11444494458348,1.08,-63.5038316341172
1.11444494458348,1.085,-63.3239512811693
1.11444494458348,1.09,-63.1452929004092
1.11444494458348,1.095,-62.967852832028
1.11444494458348,1.1,-62.7916263078241
1.11444494458348,1.105,-62.6166075688725
1.11444494458348,1.11,-62.4427899730638
1.11444494458348,1.115,-62.2701660933158
1.11444494458348,1.12,-62.0987278072102
1.11444494458348,1.125,-61.9284663787478
1.11444494458348,1.13,-61.7593725328671
1.11444494458348,1.135,-61.591436523322
1.11444494458348,1.14,-61.4246481944693
1.11444494458348,1.145,-61.258997037473
1.11444494458348,1.15,-61.0944722413938
1.11444494458348,1.155,-60.9310627395934
1.11444494458348,1.16,-60.7687572518503
1.11444494458348,1.165,-60.6075443225513
1.11444494458348,1.17,-60.4474123552922
1.11444494458348,1.175,-60.2883496441952
1.11444494458348,1.18,-60.1303444022242
1.11444494458348,1.185,-59.9733847867567
1.11444494458348,1.19,-59.8174589226481
1.11444494458348,1.195,-59.6625549230064
1.11444494458348,1.2,-59.5086609078755
1.11444494458348,1.205,-59.3557650210086
1.11444494458348,1.21,-59.2038554449
1.11444494458348,1.215,-59.0529204142254
1.11444494458348,1.22,-58.9029482278334
1.11444494458348,1.225,-58.7539272594132
1.11444494458348,1.23,-58.6058459669576
1.11444494458348,1.235,-58.458692901127
1.11444494458348,1.24,-58.3124567126136
1.11444494458348,1.245,-58.1671261585934
1.11444494458348,1.25,-58.022690108351
1.11444494458348,1.255,-57.8791375481489
1.11444494458348,1.26,-57.7364575854121
1.11444494458348,1.265,-57.5946394522899
1.11444494458348,1.27,-57.4536725086529
1.11444494458348,1.275,-57.313546244576
1.11444494458348,1.28,-57.1742502823573
1.11444494458348,1.285,-57.035774378116
1.11444494458348,1.29,-56.8981084230089
1.11444494458348,1.295,-56.7612424441023
1.11444494458348,1.3,-56.6251666049338
1.11444494458348,1.305,-56.4898712057934
1.11444494458348,1.31,-56.3553466837521
1.11444494458348,1.315,-56.2215836124641
1.11444494458348,1.32,-56.0885727017649
1.11444494458348,1.325,-55.9563047970884
1.11444494458348,1.33,-55.8247708787202
1.11444494458348,1.335,-55.6939620609064
1.11444494458348,1.34,-55.5638695908337
1.11444494458348,1.345,-55.4344848474957
1.11444494458348,1.35,-55.3057993404583
1.11444494458348,1.355,-55.1778047085373
1.11444494458348,1.36,-55.0504927183988
1.11444494458348,1.365,-54.9238552630925
1.11444494458348,1.37,-54.7978843605284
1.11444494458348,1.375,-54.6725721519032
1.11444494458348,1.38,-54.5479109000862
1.11444494458348,1.385,-54.4238929879704
1.11444494458348,1.39,-54.3005109167952
1.11444494458348,1.395,-54.1777573044469
1.11444494458348,1.4,-54.0556248837424
1.11444494458348,1.405,-53.9341065006998
1.11444494458348,1.41,-53.8131951128007
1.11444494458348,1.415,-53.6928837872489
1.11444494458348,1.42,-53.5731656992266
1.11444494458348,1.425,-53.4540341301548
1.11444494458348,1.43,-53.3354824659564
1.11444494458348,1.435,-53.2175041953287
1.11444494458348,1.44,-53.1000929080241
1.11444494458348,1.445,-52.9832422931432
1.11444494458348,1.45,-52.8669461374416
1.11444494458348,1.455,-52.7511983236504
1.11444494458348,1.46,-52.635992828815
1.11444494458348,1.465,-52.5213237226499
1.11444494458348,1.47,-52.4071851659129
1.11444494458348,1.475,-52.2935714087992
1.11444494458348,1.48,-52.1804767893551
1.11444494458348,1.485,-52.0678957319133
1.11444494458348,1.49,-51.9558227455502
1.11444494458348,1.495,-51.8442524225645
1.11444494458348,1.5,-51.7331794369793
1.11444494458348,1.505,-51.6225985430663
1.11444494458348,1.51,-51.5125045738933
1.11444494458348,1.515,-51.4028924398955
1.11444494458348,1.52,-51.2937571274697
1.11444494458348,1.525,-51.1850936975918
1.11444494458348,1.53,-51.0768972844586
1.11444494458348,1.535,-50.9691630941521
1.11444494458348,1.54,-50.8618864033281
1.11444494458348,1.545,-50.7550625579273
1.11444494458348,1.55,-50.6486869719106
1.11444494458348,1.555,-50.5427551260162
1.11444494458348,1.56,-50.4372625665405
1.11444494458348,1.565,-50.3322049041416
1.11444494458348,1.57,-50.2275778126644
1.11444494458348,1.575,-50.1233770279891
1.11444494458348,1.58,-50.0195983469008
1.11444494458348,1.585,-49.9162376259812
1.11444494458348,1.59,-49.8132907805213
1.11444494458348,1.595,-49.7107537834558
1.11444494458348,1.6,-49.6086226643179
1.11444494458348,1.605,-49.5068935082151
1.11444494458348,1.61,-49.4055624548247
1.11444494458348,1.615,-49.3046256974098
1.11444494458348,1.62,-49.2040794818545
1.11444494458348,1.625,-49.1039201057188
1.11444494458348,1.63,-49.0041439173124
1.11444494458348,1.635,-48.9047473147871
1.11444494458348,1.64,-48.8057267452479
1.11444494458348,1.645,-48.7070787038821
1.11444494458348,1.65,-48.608799733106
1.11444494458348,1.655,-48.5108864217295
1.11444494458348,1.66,-48.4133354041375
1.11444494458348,1.665,-48.316143359489
1.11444494458348,1.67,-48.2193070109317
1.11444494458348,1.675,-48.1228231248336
1.11444494458348,1.68,-48.026688510031
1.11444494458348,1.685,-47.9309000170919
1.11444494458348,1.69,-47.8354545375942
1.11444494458348,1.695,-47.7403490034208
1.11444494458348,1.7,-47.6455803860682
1.11444494458348,1.705,-47.5511456959707
1.11444494458348,1.71,-47.4570419818385
1.11444494458348,1.715,-47.3632663300105
1.11444494458348,1.72,-47.2698158638209
1.11444494458348,1.725,-47.1766877429797
1.11444494458348,1.73,-47.0838791629662
1.11444494458348,1.735,-46.9913873544368
1.11444494458348,1.74,-46.899209582645
1.11444494458348,1.745,-46.8073431468746
1.11444494458348,1.75,-46.7157853798859
1.11444494458348,1.755,-46.6245336473738
1.11444494458348,1.76,-46.5335853474385
1.11444494458348,1.765,-46.4429379100688
1.11444494458348,1.77,-46.3525887966363
1.11444494458348,1.775,-46.2625354994022
1.11444494458348,1.78,-46.1727755410352
1.11444494458348,1.785,-46.0833064741415
1.11444494458348,1.79,-45.9941258808051
1.11444494458348,1.795,-45.90523137214
1.11444494458348,1.8,-45.8166205878533
1.11444494458348,1.805,-45.7282911958187
1.11444494458348,1.81,-45.6402408916613
1.11444494458348,1.815,-45.5524673983523
1.11444494458348,1.82,-45.4649684658151
1.11444494458348,1.825,-45.3777418705407
1.11444494458348,1.83,-45.2907854152144
1.11444494458348,1.835,-45.2040969283514
1.11444494458348,1.84,-45.1176742639441
1.11444494458348,1.845,-45.0315153011172
1.11444494458348,1.85,-44.9456179437951
1.11444494458348,1.855,-44.8599801203768
1.11444494458348,1.86,-44.774599783422
1.11444494458348,1.865,-44.6894749093461
1.11444494458348,1.87,-44.6046034981251
1.11444494458348,1.875,-44.5199835730097
1.11444494458348,1.88,-44.4356131802489
1.11444494458348,1.885,-44.3514903888231
1.11444494458348,1.89,-44.267613290186
1.11444494458348,1.895,-44.1839799980167
1.11444494458348,1.9,-44.1005886479798
1.11444494458348,1.905,-44.0174373974955
1.11444494458348,1.91,-43.9345244255186
1.11444494458348,1.915,-43.8518479323262
1.11444494458348,1.92,-43.7694061393151
1.11444494458348,1.925,-43.6871972888072
1.11444494458348,1.93,-43.6052196438653
1.11444494458348,1.935,-43.5234714881161
1.11444494458348,1.94,-43.4419511255835
1.11444494458348,1.945,-43.3606568805301
1.11444494458348,1.95,-43.2795870973075
1.11444494458348,1.955,-43.1987401402155
1.11444494458348,1.96,-43.1181143933705
1.11444494458348,1.965,-43.0377082605819
1.11444494458348,1.97,-42.9575201652376
1.11444494458348,1.975,-42.8775485501983
1.11444494458348,1.98,-42.7977918777002
1.11444494458348,1.985,-42.7182486292663
1.11444494458348,1.99,-42.6389173056267
1.11444494458348,1.995,-42.559796426647
1.11444494458348,2,-42.480884531265
1.11444494458348,2.005,-42.4021801774369
1.11444494458348,2.01,-42.3236819420903
1.11444494458348,2.015,-42.2453884210873
1.11444494458348,2.02,-42.1672982291944
1.11444494458348,2.025,-42.0894100000612
1.11444494458348,2.03,-42.0117223862077
1.11444494458348,2.035,-41.9342340590191
1.11444494458348,2.04,-41.8569437087481
1.11444494458348,2.045,-41.7798500445265
1.11444494458348,2.05,-41.7029517943832
1.11444494458348,2.055,-41.6262477052704
1.11444494458348,2.06,-41.5497365430974
1.11444494458348,2.065,-41.4734170927718
1.11444494458348,2.07,-41.3972881582473
1.11444494458348,2.075,-41.3213485625796
1.11444494458348,2.08,-41.2455971479882
1.11444494458348,2.085,-41.1700327759257
1.11444494458348,2.09,-41.0946543271529
1.11444494458348,2.095,-41.0194607018205
1.11444494458348,2.1,-40.9444508195573
1.11444494458348,2.105,-40.869623619563
1.11444494458348,2.11,-40.7949780607074
1.11444494458348,2.115,-40.7205131216349
1.11444494458348,2.12,-40.6462278008732
1.11444494458348,2.125,-40.5721211169469
1.11444494458348,2.13,-40.4981921084958
1.11444494458348,2.135,-40.4244398343959
1.11444494458348,2.14,-40.350863373885
1.11444494458348,2.145,-40.2774618266905
1.11444494458348,2.15,-40.2042343131605
1.11444494458348,2.155,-40.1311799743961
1.11444494458348,2.16,-40.0582979723862
1.11444494458348,2.165,-39.9855874901427
1.11444494458348,2.17,-39.9130477318371
1.11444494458348,2.175,-39.8406779229361
1.11444494458348,2.18,-39.7684773103374
1.11444494458348,2.185,-39.6964451625039
1.11444494458348,2.19,-39.6245807695967
1.11444494458348,2.195,-39.5528834436045
1.11444494458348,2.2,-39.4813525184706
1.11444494458348,2.205,-39.4099873502166
1.11444494458348,2.21,-39.3387873170597
1.11444494458348,2.215,-39.2677518195266
1.11444494458348,2.22,-39.1968802805602
1.11444494458348,2.225,-39.126172145619
1.11444494458348,2.23,-39.0556268827704
1.11444494458348,2.235,-38.9852439827732
1.11444494458348,2.24,-38.9150229591525
1.11444494458348,2.245,-38.8449633482635
1.11444494458348,2.25,-38.775064709344
1.11444494458348,2.255,-38.7053266245554
1.11444494458348,2.26,-38.6357486990098
1.11444494458348,2.265,-38.5663305607846
1.11444494458348,2.27,-38.4970718609209
1.11444494458348,2.275,-38.4279722734068
1.11444494458348,2.28,-38.3590314951447
1.11444494458348,2.285,-38.2902492458996
1.11444494458348,2.29,-38.2216252682306
1.11444494458348,2.295,-38.1531593274017
1.11444494458348,2.3,-38.0848512112735
1.11444494458348,2.305,-38.0167007301731
1.11444494458348,2.31,-37.9487077167423
1.11444494458348,2.315,-37.8808720257633
1.11444494458348,2.32,-37.8131935339606
1.11444494458348,2.325,-37.7456721397792
1.11444494458348,2.33,-37.6783077631371
1.11444494458348,2.335,-37.6111003451526
1.11444494458348,2.34,-37.5440498478457
1.11444494458348,2.345,-37.4771562538121
1.11444494458348,2.35,-37.41041956587
1.11444494458348,2.355,-37.3438398066798
1.11444494458348,2.36,-37.2774170183347
1.11444494458348,2.365,-37.2111512619236
1.11444494458348,2.37,-37.1450426170649
1.11444494458348,2.375,-37.0790911814115
1.11444494458348,2.38,-37.0132970701273
1.11444494458348,2.385,-36.947660415334
1.11444494458348,2.39,-36.8821813655297
1.11444494458348,2.395,-36.8168600849787
1.11444494458348,2.4,-36.7516967530726
1.11444494458348,2.405,-36.686691563664
1.11444494458348,2.41,-36.6218447243723
1.11444494458348,2.415,-36.5571564558623
1.11444494458348,2.42,-36.4926269910978
1.11444494458348,2.425,-36.4282565745682
1.11444494458348,2.43,-36.3640454614915
1.11444494458348,2.435,-36.2999939169936
1.11444494458348,2.44,-36.2361022152654
1.11444494458348,2.445,-36.1723706386982
1.11444494458348,2.45,-36.1087994769995
1.11444494458348,2.455,-36.0453890262905
1.11444494458348,2.46,-35.9821395881867
1.11444494458348,2.465,-35.9190514688625
1.11444494458348,2.47,-35.8561249781033
1.11444494458348,2.475,-35.793360428345
1.11444494458348,2.48,-35.7307581337036
1.11444494458348,2.485,-35.6683184089973
1.11444494458348,2.49,-35.6060415687623
1.11444494458348,2.495,-35.5439279262645
1.11444494458348,2.5,-35.4819777925102
1.11444494458348,2.505,-35.4201914752569
1.11444494458348,2.51,-35.3585692780262
1.11444494458348,2.515,-35.2971114991231
1.11444494458348,2.52,-35.235818430661
1.11444494458348,2.525,-35.1746903575977
1.11444494458348,2.53,-35.1137275567823
1.11444494458348,2.535,-35.052930296017
1.11444494458348,2.54,-34.9922988331348
1.11444494458348,2.545,-34.9318334150968
1.11444494458348,2.55,-34.8715342771097
1.11444494458348,2.555,-34.8114016417672
1.11444494458348,2.56,-34.7514357182168
1.11444494458348,2.565,-34.6916367013534
1.11444494458348,2.57,-34.632004771043
1.11444494458348,2.575,-34.5725400913783
1.11444494458348,2.58,-34.5132428099663
1.11444494458348,2.585,-34.4541130572522
1.11444494458348,2.59,-34.3951509458794
1.11444494458348,2.595,-34.3363565700878
1.11444494458348,2.6,-34.2777300051517
1.11444494458348,2.605,-34.2192713068593
1.11444494458348,2.61,-34.160980511033
1.11444494458348,2.615,-34.1028576330941
1.11444494458348,2.62,-34.044902667671
1.11444494458348,2.625,-33.9871155882522
1.11444494458348,2.63,-33.9294963468844
1.11444494458348,2.635,-33.8720448739169
1.11444494458348,2.64,-33.8147610777919
1.11444494458348,2.645,-33.7576448448811
1.11444494458348,2.65,-33.7006960393681
1.11444494458348,2.655,-33.6439145031779
1.11444494458348,2.66,-33.5873000559516
1.11444494458348,2.665,-33.530852495066
1.11444494458348,2.67,-33.4745715956996
1.11444494458348,2.675,-33.4184571109409
1.11444494458348,2.68,-33.3625087719412
1.11444494458348,2.685,-33.3067262881094
1.11444494458348,2.69,-33.251109347348
1.11444494458348,2.695,-33.1956576163289
1.11444494458348,2.7,-33.1403707408088
1.11444494458348,2.705,-33.0852483459805
1.11444494458348,2.71,-33.0302900368618
1.11444494458348,2.715,-32.9754953987171
1.11444494458348,2.72,-32.9208639975127
1.11444494458348,2.725,-32.8663953804023
1.11444494458348,2.73,-32.8120890762422
1.11444494458348,2.735,-32.7579445961333
1.11444494458348,2.74,-32.7039614339889
1.11444494458348,2.745,-32.6501390671257
1.11444494458348,2.75,-32.5964769568766
1.11444494458348,2.755,-32.5429745492232
1.11444494458348,2.76,-32.4896312754454
1.11444494458348,2.765,-32.4364465527877
1.11444494458348,2.77,-32.3834197851382
1.11444494458348,2.775,-32.3305503637206
1.11444494458348,2.78,-32.2778376677947
1.11444494458348,2.785,-32.2252810653661
1.11444494458348,2.79,-32.1728799139018
1.11444494458348,2.795,-32.1206335610496
1.11444494458348,2.8,-32.0685413453606
1.11444494458348,2.805,-32.0166025970128
1.11444494458348,2.81,-31.9648166385329
1.11444494458348,2.815,-31.9131827855168
1.11444494458348,2.82,-31.8617003473454
1.11444494458348,2.825,-31.8103686278953
1.11444494458348,2.83,-31.7591869262428
1.11444494458348,2.835,-31.708154537359
1.11444494458348,2.84,-31.6572707527962
1.11444494458348,2.845,-31.6065348613636
1.11444494458348,2.85,-31.5559461497907
1.11444494458348,2.855,-31.5055039033785
1.11444494458348,2.86,-31.4552074066365
1.11444494458348,2.865,-31.4050559439054
1.11444494458348,2.87,-31.3550487999641
1.11444494458348,2.875,-31.3051852606209
1.11444494458348,2.88,-31.2554646132871
1.11444494458348,2.885,-31.2058861475342
1.11444494458348,2.89,-31.1564491556322
1.11444494458348,2.895,-31.1071529330703
1.11444494458348,2.9,-31.0579967790582
1.11444494458348,2.905,-31.0089799970089
1.11444494458348,2.91,-30.9601018950017
1.11444494458348,2.915,-30.9113617862263
1.11444494458348,2.92,-30.8627589894065
1.11444494458348,2.925,-30.814292829205
1.11444494458348,2.93,-30.7659626366082
1.11444494458348,2.935,-30.7177677492912
1.11444494458348,2.94,-30.6697075119635
1.11444494458348,2.945,-30.621781276695
1.11444494458348,2.95,-30.573988403223
1.11444494458348,2.955,-30.5263282592403
1.11444494458348,2.96,-30.4788002206636
1.11444494458348,2.965,-30.4314036718849
1.11444494458348,2.97,-30.3841380060033
1.11444494458348,2.975,-30.3370026250395
1.11444494458348,2.98,-30.2899969401331
1.11444494458348,2.985,-30.2431203717226
1.11444494458348,2.99,-30.1963723497081
1.11444494458348,2.995,-30.1497523135991
1.11444494458348,3,-30.1032597126448
1.11444494458348,3.005,-30.056894005951
1.11444494458348,3.01,-30.0106546625801
1.11444494458348,3.015,-29.9645411616383
1.11444494458348,3.02,-29.9185529923483
1.11444494458348,3.025,-29.8726896541082
1.11444494458348,3.03,-29.8269506565381
1.11444494458348,3.035,-29.7813355195142
1.11444494458348,3.04,-29.7358437731905
1.11444494458348,3.045,-29.6904749580096
1.11444494458348,3.05,-29.6452286247025
1.11444494458348,3.055,-29.6001043342776
1.11444494458348,3.06,-29.5551016580001
1.11444494458348,3.065,-29.510220177362
1.11444494458348,3.07,-29.4654594840428
1.11444494458348,3.075,-29.4208191798618
1.11444494458348,3.08,-29.3762988767225
1.11444494458348,3.085,-29.3318981965493
1.11444494458348,3.09,-29.2876167712169
1.11444494458348,3.095,-29.2434542424732
1.11444494458348,3.1,-29.1994102618553
1.11444494458348,3.105,-29.1554844906007
1.11444494458348,3.11,-29.111676599552
1.11444494458348,3.115,-29.0679862690564
1.11444494458348,3.12,-29.0244131888616
1.11444494458348,3.125,-28.980957058006
1.11444494458348,3.13,-28.9376175847053
1.11444494458348,3.135,-28.8943944862361
1.11444494458348,3.14,-28.8512874888147
1.11444494458348,3.145,-28.8082963274742
1.11444494458348,3.15,-28.7654207459381
1.11444494458348,3.155,-28.7226604964915
1.11444494458348,3.16,-28.68001533985
1.11444494458348,3.165,-28.6374850450271
1.11444494458348,3.17,-28.5950693891995
1.11444494458348,3.175,-28.5527681575709
1.11444494458348,3.18,-28.5105811432349
1.11444494458348,3.185,-28.4685081470367
1.11444494458348,3.19,-28.4265489774337
1.11444494458348,3.195,-28.3847034503562
1.11444494458348,3.2,-28.3429713890671
1.11444494458348,3.205,-28.3013526240215
1.11444494458348,3.21,-28.2598469927261
1.11444494458348,3.215,-28.2184543395989
1.11444494458348,3.22,-28.1771745158293
1.11444494458348,3.225,-28.1360073792378
1.11444494458348,3.23,-28.0949527941368
1.11444494458348,3.235,-28.054010631192
1.11444494458348,3.24,-28.0131807672844
1.11444494458348,3.245,-27.9724630853725
1.11444494458348,3.25,-27.931857474357
1.11444494458348,3.255,-27.8913638289444
1.11444494458348,3.26,-27.8509820495137
1.11444494458348,3.265,-27.8107120419828
1.11444494458348,3.27,-27.7705537176767
1.11444494458348,3.275,-27.7305069931974
1.11444494458348,3.28,-27.690571790294
1.11444494458348,3.285,-27.6507480357357
1.11444494458348,3.29,-27.6110356611849
1.11444494458348,3.295,-27.5714346030728
1.11444494458348,3.3,-27.5319448024754
1.11444494458348,3.305,-27.4925662049929
1.11444494458348,3.31,-27.4532987606282
1.11444494458348,3.315,-27.4141424236697
1.11444494458348,3.32,-27.3750971525733
1.11444494458348,3.325,-27.3361629098478
1.11444494458348,3.33,-27.2973396619412
1.11444494458348,3.335,-27.2586273791287
1.11444494458348,3.34,-27.2200260354026
1.11444494458348,3.345,-27.1815356083636
1.11444494458348,3.35,-27.1431560791144
1.11444494458348,3.355,-27.1048874321539
1.11444494458348,3.36,-27.0667296552746
1.11444494458348,3.365,-27.02868273946
1.11444494458348,3.37,-26.9907466787852
1.11444494458348,3.375,-26.952921470318
1.11444494458348,3.38,-26.9152071140225
1.11444494458348,3.385,-26.8776036126638
1.11444494458348,3.39,-26.8401109717148
1.11444494458348,3.395,-26.802729199264
1.11444494458348,3.4,-26.7654583059254
1.11444494458348,3.405,-26.72829830475
1.11444494458348,3.41,-26.6912492111385
1.11444494458348,3.415,-26.6543110427562
1.11444494458348,3.42,-26.6174838194483
1.11444494458348,3.425,-26.5807675631581
1.11444494458348,3.43,-26.5441622978455
1.11444494458348,3.435,-26.507668049408
1.11444494458348,3.44,-26.4712848456021
1.11444494458348,3.445,-26.4350127159669
1.11444494458348,3.45,-26.3988516917492
1.11444494458348,3.455,-26.3628018058287
1.11444494458348,3.46,-26.3268630926466
1.11444494458348,3.465,-26.2910355881336
1.11444494458348,3.47,-26.2553193296405
1.11444494458348,3.475,-26.2197143558694
1.11444494458348,3.48,-26.1842207068065
1.11444494458348,3.485,-26.1488384236558
1.11444494458348,3.49,-26.1135675487747
1.11444494458348,3.495,-26.0784081256098
1.11444494458348,3.5,-26.0433601986347
1.11444494458348,3.505,-26.0084238132887
1.11444494458348,3.51,-25.9735990159162
1.11444494458348,3.515,-25.9388858537081
1.11444494458348,3.52,-25.9042843746433
1.11444494458348,3.525,-25.8697946274318
1.11444494458348,3.53,-25.8354166614589
1.11444494458348,3.535,-25.80115052673
1.11444494458348,3.54,-25.7669962738169
1.11444494458348,3.545,-25.7329539538044
1.11444494458348,3.55,-25.6990236182387
1.11444494458348,3.555,-25.6652053190758
1.11444494458348,3.56,-25.6314991086318
1.11444494458348,3.565,-25.5979050395329
1.11444494458348,3.57,-25.5644231646674
1.11444494458348,3.575,-25.5310535371382
1.11444494458348,3.58,-25.4977962102153
1.11444494458348,3.585,-25.4646512372906
1.11444494458348,3.59,-25.4316186718321
1.11444494458348,3.595,-25.3986985673397
1.11444494458348,3.6,-25.3658909773016
1.11444494458348,3.605,-25.3331959551512
1.11444494458348,3.61,-25.3006135542251
1.11444494458348,3.615,-25.2681438277212
1.11444494458348,3.62,-25.2357868286584
1.11444494458348,3.625,-25.203542609836
1.11444494458348,3.63,-25.1714112237944
1.11444494458348,3.635,-25.1393927227764
1.11444494458348,3.64,-25.1074871586887
1.11444494458348,3.645,-25.0756945830646
1.11444494458348,3.65,-25.0440150470269
1.11444494458348,3.655,-25.0124486012513
1.11444494458348,3.66,-24.980995295931
1.11444494458348,3.665,-24.9496551807412
1.11444494458348,3.67,-24.9184283048043
1.11444494458348,3.675,-24.887314716656
1.11444494458348,3.68,-24.8563144642117
1.11444494458348,3.685,-24.825427594733
1.11444494458348,3.69,-24.7946541547957
1.11444494458348,3.695,-24.7639941902572
1.11444494458348,3.7,-24.7334477462253
1.11444494458348,3.705,-24.7030148670267
1.11444494458348,3.71,-24.6726955961767
1.11444494458348,3.715,-24.6424899763488
1.11444494458348,3.72,-24.6123980493453
1.11444494458348,3.725,-24.5824198560674
1.11444494458348,3.73,-24.552555436487
1.11444494458348,3.735,-24.522804829618
1.11444494458348,3.74,-24.4931680734882
1.11444494458348,3.745,-24.4636452051121
1.11444494458348,3.75,-24.4342362604631
1.11444494458348,3.755,-24.4049412744477
1.11444494458348,3.76,-24.375760280878
1.11444494458348,3.765,-24.3466933124466
1.11444494458348,3.77,-24.3177404007008
1.11444494458348,3.775,-24.288901576017
1.11444494458348,3.78,-24.2601768675763
1.11444494458348,3.785,-24.2315663033398
1.11444494458348,3.79,-24.2030699100247
1.11444494458348,3.795,-24.1746877130802
1.11444494458348,3.8,-24.1464197366645
1.11444494458348,3.805,-24.1182660036214
1.11444494458348,3.81,-24.0902265354579
1.11444494458348,3.815,-24.0623013523215
1.11444494458348,3.82,-24.0344904729785
1.11444494458348,3.825,-24.0067939147921
1.11444494458348,3.83,-23.9792116937012
1.11444494458348,3.835,-23.9517438241992
1.11444494458348,3.84,-23.9243903193135
1.11444494458348,3.845,-23.8971511905847
1.11444494458348,3.85,-23.8700264480471
1.11444494458348,3.855,-23.8430161002087
1.11444494458348,3.86,-23.8161201540314
1.11444494458348,3.865,-23.7893386149125
1.11444494458348,3.87,-23.7626714866656
1.11444494458348,3.875,-23.7361187715019
1.11444494458348,3.88,-23.7096804700125
1.11444494458348,3.885,-23.6833565811499
1.11444494458348,3.89,-23.657147102211
1.11444494458348,3.895,-23.6310520288191
1.11444494458348,3.9,-23.6050713549079
1.11444494458348,3.905,-23.5792050727038
1.11444494458348,3.91,-23.5534531727101
1.11444494458348,3.915,-23.5278156436908
1.11444494458348,3.92,-23.5022924726547
1.11444494458348,3.925,-23.4768836448399
1.11444494458348,3.93,-23.4515891436988
1.11444494458348,3.935,-23.4264089508829
1.11444494458348,3.94,-23.4013430462282
1.11444494458348,3.945,-23.376391407741
1.11444494458348,3.95,-23.3515540115839
1.11444494458348,3.955,-23.3268308320619
1.11444494458348,3.96,-23.3022218416088
1.11444494458348,3.965,-23.2777270107745
1.11444494458348,3.97,-23.2533463082117
1.11444494458348,3.975,-23.2290797006632
1.11444494458348,3.98,-23.2049271529501
1.11444494458348,3.985,-23.1808886279593
1.11444494458348,3.99,-23.1569640866321
1.11444494458348,3.995,-23.1331534879526
1.11444494458348,4,-23.1094567889363
1.11444494458348,4.005,-23.0858739446197
1.11444494458348,4.01,-23.0624049080496
1.11444494458348,4.015,-23.0390496302725
1.11444494458348,4.02,-23.0158080603248
1.11444494458348,4.025,-22.9926801452234
1.11444494458348,4.03,-22.9696658299555
1.11444494458348,4.035,-22.9467650574703
1.11444494458348,4.04,-22.9239777686695
1.11444494458348,4.045,-22.9013039023992
1.11444494458348,4.05,-22.8787433954413
1.11444494458348,4.055,-22.8562961825057
1.11444494458348,4.06,-22.8339621962226
1.11444494458348,4.065,-22.8117413671347
1.11444494458348,4.07,-22.7896336236908
1.11444494458348,4.075,-22.7676388922384
1.11444494458348,4.08,-22.7457570970172
1.11444494458348,4.085,-22.7239881601531
1.11444494458348,4.09,-22.7023320016521
1.11444494458348,4.095,-22.6807885393944
1.11444494458348,4.1,-22.6593576891295
1.11444494458348,4.105,-22.6380393644705
1.11444494458348,4.11,-22.6168334768898
1.11444494458348,4.115,-22.5957399357143
1.11444494458348,4.12,-22.5747586481212
1.11444494458348,4.125,-22.553889519134
1.11444494458348,4.13,-22.533132451619
1.11444494458348,4.135,-22.5124873462816
1.11444494458348,4.14,-22.4919541016637
1.11444494458348,4.145,-22.4715326141405
1.11444494458348,4.15,-22.4512227779179
1.11444494458348,4.155,-22.4310244850308
1.11444494458348,4.16,-22.4109376253406
1.11444494458348,4.165,-22.3909620865338
1.11444494458348,4.17,-22.3710977541206
1.11444494458348,4.175,-22.3513445114338
1.11444494458348,4.18,-22.3317022396279
1.11444494458348,4.185,-22.3121708176788
1.11444494458348,4.19,-22.2927501223834
1.11444494458348,4.195,-22.2734400283594
1.11444494458348,4.2,-22.2542404080464
1.11444494458348,4.205,-22.2351511317054
1.11444494458348,4.21,-22.2161720674208
1.11444494458348,4.215,-22.1973030811008
1.11444494458348,4.22,-22.178544036479
1.11444494458348,4.225,-22.1598947951164
1.11444494458348,4.23,-22.1413552164032
1.11444494458348,4.235,-22.1229251575608
1.11444494458348,4.24,-22.1046044736451
1.11444494458348,4.245,-22.0863930175484
1.11444494458348,4.25,-22.0682906400032
1.11444494458348,4.255,-22.0502971895853
1.11444494458348,4.26,-22.0324125127174
1.11444494458348,4.265,-22.014636453673
1.11444494458348,4.27,-21.9969688545808
1.11444494458348,4.275,-21.9794095554287
1.11444494458348,4.28,-21.9619583940691
1.11444494458348,4.285,-21.9446152062233
1.11444494458348,4.29,-21.927379825487
1.11444494458348,4.295,-21.9102520833357
1.11444494458348,4.3,-21.8932318091308
1.11444494458348,4.305,-21.8763188301249
1.11444494458348,4.31,-21.8595129714688
1.11444494458348,4.315,-21.8428140562174
1.11444494458348,4.32,-21.826221905337
1.11444494458348,4.325,-21.8097363377119
1.11444494458348,4.33,-21.7933571701517
1.11444494458348,4.335,-21.7770842173994
1.11444494458348,4.34,-21.7609172921381
1.11444494458348,4.345,-21.7448562049999
1.11444494458348,4.35,-21.7289007645738
1.11444494458348,4.355,-21.7130507774141
1.11444494458348,4.36,-21.6973060480493
1.11444494458348,4.365,-21.6816663789907
1.11444494458348,4.37,-21.6661315707421
1.11444494458348,4.375,-21.6507014218086
1.11444494458348,4.38,-21.6353757287068
1.11444494458348,4.385,-21.6201542859742
1.11444494458348,4.39,-21.6050368861795
1.11444494458348,4.395,-21.5900233199329
1.11444494458348,4.4,-21.5751133758964
1.11444494458348,4.405,-21.560306840795
1.11444494458348,4.41,-21.5456034994269
1.11444494458348,4.415,-21.5310031346753
1.11444494458348,4.42,-21.5165055275194
1.11444494458348,4.425,-21.5021104570461
1.11444494458348,4.43,-21.4878177004618
1.11444494458348,4.435,-21.4736270331041
1.11444494458348,4.44,-21.4595382284542
1.11444494458348,4.445,-21.445551058149
1.11444494458348,4.45,-21.4316652919939
1.11444494458348,4.455,-21.4178806979755
1.11444494458348,4.46,-21.404197042274
1.11444494458348,4.465,-21.3906140892772
1.11444494458348,4.47,-21.3771316015927
1.11444494458348,4.475,-21.3637493400622
1.11444494458348,4.48,-21.3504670637746
1.11444494458348,4.485,-21.3372845300799
1.11444494458348,4.49,-21.3242014946033
1.11444494458348,4.495,-21.3112177112591
1.11444494458348,4.5,-21.298332932265
1.11444494458348,4.505,-21.2855469081565
1.11444494458348,4.51,-21.2728593878016
1.11444494458348,4.515,-21.2602701184154
1.11444494458348,4.52,-21.2477788455749
1.11444494458348,4.525,-21.2353853132343
1.11444494458348,4.53,-21.2230892637396
1.11444494458348,4.535,-21.2108904378446
1.11444494458348,4.54,-21.1987885747257
1.11444494458348,4.545,-21.1867834119978
1.11444494458348,4.55,-21.1748746857298
1.11444494458348,4.555,-21.1630621304605
1.11444494458348,4.56,-21.1513454792145
1.11444494458348,4.565,-21.1397244635182
1.11444494458348,4.57,-21.1281988134161
1.11444494458348,4.575,-21.1167682574866
1.11444494458348,4.58,-21.1054325228589
1.11444494458348,4.585,-21.0941913352295
1.11444494458348,4.59,-21.0830444188781
1.11444494458348,4.595,-21.0719914966849
1.11444494458348,4.6,-21.0610322901472
1.11444494458348,4.605,-21.0501665193962
1.11444494458348,4.61,-21.0393939032139
1.11444494458348,4.615,-21.0287141590502
1.11444494458348,4.62,-21.01812700304
1.11444494458348,4.625,-21.0076321500202
1.11444494458348,4.63,-20.9972293135472
1.11444494458348,4.635,-20.9869182059143
1.11444494458348,4.64,-20.9766985381685
1.11444494458348,4.645,-20.9665700201287
1.11444494458348,4.65,-20.9565323604028
1.11444494458348,4.655,-20.9465852664051
1.11444494458348,4.66,-20.9367284443745
1.11444494458348,4.665,-20.9269615993915
1.11444494458348,4.67,-20.9172844353965
1.11444494458348,4.675,-20.9076966552071
1.11444494458348,4.68,-20.8981979605362
1.11444494458348,4.685,-20.8887880520097
1.11444494458348,4.69,-20.8794666291845
1.11444494458348,4.695,-20.8702333905661
1.11444494458348,4.7,-20.8610880336269
1.11444494458348,4.705,-20.8520302548241
1.11444494458348,4.71,-20.8430597496172
1.11444494458348,4.715,-20.8341762124866
1.11444494458348,4.72,-20.8253793369515
1.11444494458348,4.725,-20.8166688155875
1.11444494458348,4.73,-20.808044340045
1.11444494458348,4.735,-20.7995056010673
1.11444494458348,4.74,-20.7910522885082
1.11444494458348,4.745,-20.7826840913505
1.11444494458348,4.75,-20.7744006977239
1.11444494458348,4.755,-20.7662017949228
1.11444494458348,4.76,-20.7580870694245
1.11444494458348,4.765,-20.7500562069074
1.11444494458348,4.77,-20.7421088922685
1.11444494458348,4.775,-20.7342448096418
1.11444494458348,4.78,-20.7264636424161
1.11444494458348,4.785,-20.7187650732529
1.11444494458348,4.79,-20.7111487841044
1.11444494458348,4.795,-20.703614456231
1.11444494458348,4.8,-20.69616177022
1.11444494458348,4.805,-20.6887904060022
1.11444494458348,4.81,-20.6815000428708
1.11444494458348,4.815,-20.6742903594984
1.11444494458348,4.82,-20.667161033955
1.11444494458348,4.825,-20.6601117437255
1.11444494458348,4.83,-20.6531421657276
1.11444494458348,4.835,-20.6462519763288
1.11444494458348,4.84,-20.6394408513644
1.11444494458348,4.845,-20.6327084661547
1.11444494458348,4.85,-20.6260544955225
1.11444494458348,4.855,-20.6194786138101
1.11444494458348,4.86,-20.6129804948972
1.11444494458348,4.865,-20.6065598122174
1.11444494458348,4.87,-20.6002162387758
1.11444494458348,4.875,-20.5939494471659
1.11444494458348,4.88,-20.5877591095866
1.11444494458348,4.885,-20.5816448978591
1.11444494458348,4.89,-20.5756064834438
1.11444494458348,4.895,-20.569643537457
1.11444494458348,4.9,-20.5637557306879
1.11444494458348,4.905,-20.5579427336146
1.11444494458348,4.91,-20.5522042164212
1.11444494458348,4.915,-20.5465398490141
1.11444494458348,4.92,-20.5409493010381
1.11444494458348,4.925,-20.535432241893
1.11444494458348,4.93,-20.5299883407496
1.11444494458348,4.935,-20.5246172665661
1.11444494458348,4.94,-20.5193186881035
1.11444494458348,4.945,-20.5140922739421
1.11444494458348,4.95,-20.5089376924969
1.11444494458348,4.955,-20.5038546120337
1.11444494458348,4.96,-20.4988427006843
1.11444494458348,4.965,-20.4939016264623
1.11444494458348,4.97,-20.4890310572785
1.11444494458348,4.975,-20.484230660956
1.11444494458348,4.98,-20.4795001052455
1.11444494458348,4.985,-20.4748390578405
1.11444494458348,4.99,-20.4702471863924
1.11444494458348,4.995,-20.4657241585248
1.11444494458348,5,-20.4612696418489
1.11444494458348,5.005,-20.4568833039779
1.11444494458348,5.01,-20.4525648125416
1.11444494458348,5.015,-20.4483138352007
1.11444494458348,5.02,-20.4441300396612
1.11444494458348,5.025,-20.4400130936886
1.11444494458348,5.03,-20.4359626651223
1.11444494458348,5.035,-20.4319784218888
1.11444494458348,5.04,-20.4280600320163
1.11444494458348,5.045,-20.4242071636481
1.11444494458348,5.05,-20.4204194850562
1.11444494458348,5.055,-20.4166966646549
1.11444494458348,5.06,-20.4130383710139
1.11444494458348,5.065,-20.409444272872
1.11444494458348,5.07,-20.4059140391498
1.11444494458348,5.075,-20.402447338963
1.11444494458348,5.08,-20.399043841635
1.11444494458348,5.085,-20.3957032167097
1.11444494458348,5.09,-20.3924251339643
1.11444494458348,5.095,-20.3892092634218
1.11444494458348,5.1,-20.386055275363
1.11444494458348,5.105,-20.382962840339
1.11444494458348,5.11,-20.3799316291835
1.11444494458348,5.115,-20.3769613130244
1.11444494458348,5.12,-20.3740515632958
1.11444494458348,5.125,-20.3712020517499
1.11444494458348,5.13,-20.3684124504682
1.11444494458348,5.135,-20.3656824318734
1.11444494458348,5.14,-20.3630116687404
1.11444494458348,5.145,-20.3603998342077
1.11444494458348,5.15,-20.3578466017884
1.11444494458348,5.155,-20.3553516453811
1.11444494458348,5.16,-20.3529146392808
1.11444494458348,5.165,-20.3505352581896
1.11444494458348,5.17,-20.348213177227
1.11444494458348,5.175,-20.3459480719406
1.11444494458348,5.18,-20.3437396183162
1.11444494458348,5.185,-20.3415874927883
1.11444494458348,5.19,-20.3394913722496
1.11444494458348,5.195,-20.3374509340612
1.11444494458348,5.2,-20.3354658560623
1.11444494458348,5.205,-20.3335358165799
1.11444494458348,5.21,-20.3316604944384
1.11444494458348,5.215,-20.3298395689684
1.11444494458348,5.22,-20.3280727200167
1.11444494458348,5.225,-20.3263596279549
1.11444494458348,5.23,-20.3246999736887
1.11444494458348,5.235,-20.3230934386663
1.11444494458348,5.24,-20.3215397048876
1.11444494458348,5.245,-20.3200384549126
1.11444494458348,5.25,-20.3185893718696
1.11444494458348,5.255,-20.3171921394642
1.11444494458348,5.26,-20.3158464419867
1.11444494458348,5.265,-20.3145519643206
1.11444494458348,5.27,-20.3133083919506
1.11444494458348,5.275,-20.3121154109704
1.11444494458348,5.28,-20.3109727080902
1.11444494458348,5.285,-20.3098799706441
1.11444494458348,5.29,-20.3088368865983
1.11444494458348,5.295,-20.3078431445576
1.11444494458348,5.3,-20.3068984337731
1.11444494458348,5.305,-20.3060024441488
1.11444494458348,5.31,-20.305154866249
1.11444494458348,5.315,-20.3043553913051
1.11444494458348,5.32,-20.3036037112217
1.11444494458348,5.325,-20.3028995185841
1.11444494458348,5.33,-20.3022425066637
1.11444494458348,5.335,-20.3016323694254
1.11444494458348,5.34,-20.3010688015328
1.11444494458348,5.345,-20.3005514983553
1.11444494458348,5.35,-20.300080155973
1.11444494458348,5.355,-20.2996544711834
1.11444494458348,5.36,-20.2992741415069
1.11444494458348,5.365,-20.298938865192
1.11444494458348,5.37,-20.2986483412215
1.11444494458348,5.375,-20.2984022693173
1.11444494458348,5.38,-20.2982003499459
1.11444494458348,5.385,-20.2980422843237
1.11444494458348,5.39,-20.2979277744216
1.11444494458348,5.395,-20.2978565229706
1.11444494458348,5.4,-20.2978282334658
1.11444494458348,5.405,-20.2978426101719
1.11444494458348,5.41,-20.2978993581272
1.11444494458348,5.415,-20.2979981831482
1.11444494458348,5.42,-20.2981387918345
1.11444494458348,5.425,-20.2983208915722
1.11444494458348,5.43,-20.2985441905388
1.11444494458348,5.435,-20.2988083977068
1.11444494458348,5.44,-20.2991132228479
1.11444494458348,5.445,-20.2994583765366
1.11444494458348,5.45,-20.2998435701543
1.11444494458348,5.455,-20.3002685158925
1.11444494458348,5.46,-20.3007329267567
1.11444494458348,5.465,-20.3012365165697
1.11444494458348,5.47,-20.3017789999748
1.11444494458348,5.475,-20.3023600924392
1.11444494458348,5.48,-20.302979510257
1.11444494458348,5.485,-20.3036369705526
1.11444494458348,5.49,-20.304332191283
1.11444494458348,5.495,-20.3050648912411
1.11444494458348,5.5,-20.3058347900584
1.11444494458348,5.505,-20.3066416082076
1.11444494458348,5.51,-20.307485067005
1.11444494458348,5.515,-20.3083648886133
1.11444494458348,5.52,-20.3092807960436
1.11444494458348,5.525,-20.3102325131579
1.11444494458348,5.53,-20.3112197646715
1.11444494458348,5.535,-20.3122422761544
1.11444494458348,5.54,-20.3132997740343
1.11444494458348,5.545,-20.3143919855976
1.11444494458348,5.55,-20.3155186389918
1.11444494458348,5.555,-20.3166794632272
1.11444494458348,5.56,-20.3178741881782
1.11444494458348,5.565,-20.3191025445855
1.11444494458348,5.57,-20.3203642640571
1.11444494458348,5.575,-20.3216590790698
1.11444494458348,5.58,-20.3229867229709
1.11444494458348,5.585,-20.3243469299789
1.11444494458348,5.59,-20.3257394351853
1.11444494458348,5.595,-20.3271639745552
1.11444494458348,5.6,-20.3286202849285
1.11444494458348,5.605,-20.330108104021
1.11444494458348,5.61,-20.3316271704252
1.11444494458348,5.615,-20.333177223611
1.11444494458348,5.62,-20.3347580039263
1.11444494458348,5.625,-20.3363692525982
1.11444494458348,5.63,-20.3380107117331
1.11444494458348,5.635,-20.3396821243172
1.11444494458348,5.64,-20.3413832342174
1.11444494458348,5.645,-20.3431137861812
1.11444494458348,5.65,-20.3448735258372
1.11444494458348,5.655,-20.3466621996953
1.11444494458348,5.66,-20.3484795551471
1.11444494458348,5.665,-20.3503253404656
1.11444494458348,5.67,-20.3521993048056
1.11444494458348,5.675,-20.3541011982034
1.11444494458348,5.68,-20.3560307715772
1.11444494458348,5.685,-20.3579877767262
1.11444494458348,5.69,-20.3599719663312
1.11444494458348,5.695,-20.3619830939536
1.11444494458348,5.7,-20.3640209140358
1.11444494458348,5.705,-20.3660851819003
1.11444494458348,5.71,-20.3681756537493
1.11444494458348,5.715,-20.3702920866645
1.11444494458348,5.72,-20.3724342386064
1.11444494458348,5.725,-20.3746018684135
1.11444494458348,5.73,-20.3767947358019
1.11444494458348,5.735,-20.3790126013645
1.11444494458348,5.74,-20.3812552265703
1.11444494458348,5.745,-20.3835223737634
1.11444494458348,5.75,-20.3858138061623
1.11444494458348,5.755,-20.388129287859
1.11444494458348,5.76,-20.3904685838177
1.11444494458348,5.765,-20.3928314598744
1.11444494458348,5.77,-20.3952176827352
1.11444494458348,5.775,-20.3976270199757
1.11444494458348,5.78,-20.4000592400394
1.11444494458348,5.785,-20.4025141122369
1.11444494458348,5.79,-20.4049914067443
1.11444494458348,5.795,-20.4074908946022
1.11444494458348,5.8,-20.4100123477143
1.11444494458348,5.805,-20.4125555388458
1.11444494458348,5.81,-20.4151202416222
1.11444494458348,5.815,-20.4177062305279
1.11444494458348,5.82,-20.4203132809046
1.11444494458348,5.825,-20.4229411689496
1.11444494458348,5.83,-20.4255896717146
1.11444494458348,5.835,-20.4282585671038
1.11444494458348,5.84,-20.4309476338722
1.11444494458348,5.845,-20.4336566516243
1.11444494458348,5.85,-20.436385400812
1.11444494458348,5.855,-20.4391336627329
1.11444494458348,5.86,-20.4419012195286
1.11444494458348,5.865,-20.444687854183
1.11444494458348,5.87,-20.4474933505203
1.11444494458348,5.875,-20.4503174932029
1.11444494458348,5.88,-20.4531600677298
1.11444494458348,5.885,-20.4560208604347
1.11444494458348,5.89,-20.4588996584837
1.11444494458348,5.895,-20.4617962498734
1.11444494458348,5.9,-20.4647104234292
1.11444494458348,5.905,-20.4676419688026
1.11444494458348,5.91,-20.4705906764698
1.11444494458348,5.915,-20.4735563377289
1.11444494458348,5.92,-20.4765387446984
1.11444494458348,5.925,-20.4795376903145
1.11444494458348,5.93,-20.4825529683293
1.11444494458348,5.935,-20.4855843733082
1.11444494458348,5.94,-20.488631700628
1.11444494458348,5.945,-20.4916947464744
1.11444494458348,5.95,-20.49477330784
1.11444494458348,5.955,-20.4978671825215
1.11444494458348,5.96,-20.5009761691179
1.11444494458348,5.965,-20.5041000670276
1.11444494458348,5.97,-20.5072386764466
1.11444494458348,5.975,-20.5103917983658
1.11444494458348,5.98,-20.5135592345684
1.11444494458348,5.985,-20.5167407876278
1.11444494458348,5.99,-20.5199362609051
1.11444494458348,5.995,-20.5231454585465
1.11444494458348,6,-20.5263681854809
1.11446425684244,0.5,-45.1827850251912
1.11446425684244,0.505,-45.1013388690876
1.11446425684244,0.51,-45.0208025784363
1.11446425684244,0.515,-44.9411598143801
1.11446425684244,0.52,-44.8623947217502
1.11446425684244,0.525,-44.7844919106631
1.11446425684244,0.53,-44.7074364389914
1.11446425684244,0.535,-44.6312137956571
1.11446425684244,0.54,-44.5558098847028
1.11446425684244,0.545,-44.4812110100974
1.11446425684244,0.55,-44.4074038612353
1.11446425684244,0.555,-44.3343754990934
1.11446425684244,0.56,-44.2621133430089
1.11446425684244,0.565,-44.1906051580452
1.11446425684244,0.57,-44.1198390429153
1.11446425684244,0.575,-44.0498034184333
1.11446425684244,0.58,-43.9804870164663
1.11446425684244,0.585,-43.9118788693615
1.11446425684244,0.59,-43.8439682998242
1.11446425684244,0.595,-43.7767449112229
1.11446425684244,0.6,-43.7101985783023
1.11446425684244,0.605,-43.6443194382809
1.11446425684244,0.61,-43.5790978823174
1.11446425684244,0.615,-43.5145245473257
1.11446425684244,0.62,-43.450590308122
1.11446425684244,0.625,-43.387286269889
1.11446425684244,0.63,-43.3246037609409
1.11446425684244,0.635,-43.2625343257756
1.11446425684244,0.64,-43.2010697184006
1.11446425684244,0.645,-43.1402018959197
1.11446425684244,0.65,-43.0799230123682
1.11446425684244,0.655,-43.020225412786
1.11446425684244,0.66,-42.9611016275167
1.11446425684244,0.665,-42.902544366724
1.11446425684244,0.67,-42.8445465151134
1.11446425684244,0.675,-42.7871011268529
1.11446425684244,0.68,-42.7302014206813
1.11446425684244,0.685,-42.6738407751977
1.11446425684244,0.69,-42.6180127243234
1.11446425684244,0.695,-42.5627109529292
1.11446425684244,0.7,-42.5079292926207
1.11446425684244,0.705,-42.453661717675
1.11446425684244,0.71,-42.3999023411228
1.11446425684244,0.715,-42.346645410969
1.11446425684244,0.72,-42.2938853065469
1.11446425684244,0.725,-42.2416165350002
1.11446425684244,0.73,-42.1898337278864
1.11446425684244,0.735,-42.1385316378996
1.11446425684244,0.74,-42.0877051357043
1.11446425684244,0.745,-42.0373492068783
1.11446425684244,0.75,-41.9874589489592
1.11446425684244,0.755,-41.9380295685911
1.11446425684244,0.76,-41.8890563787668
1.11446425684244,0.765,-41.8405347961623
1.11446425684244,0.77,-41.79246033856
1.11446425684244,0.775,-41.7448286223567
1.11446425684244,0.78,-41.6976353601541
1.11446425684244,0.785,-41.6508763584278
1.11446425684244,0.79,-41.6045475152721
1.11446425684244,0.795,-41.558644818218
1.11446425684244,0.8,-41.5131643421215
1.11446425684244,0.805,-41.4681022471197
1.11446425684244,0.81,-41.4234547766516
1.11446425684244,0.815,-41.3792182555428
1.11446425684244,0.82,-41.3353890881497
1.11446425684244,0.825,-41.2919637565631
1.11446425684244,0.83,-41.2489388188674
1.11446425684244,0.835,-41.2063109074546
1.11446425684244,0.84,-41.1640767273907
1.11446425684244,0.845,-41.1222330548327
1.11446425684244,0.85,-41.0807767354941
1.11446425684244,0.855,-41.0397046831585
1.11446425684244,0.86,-40.9990138782378
1.11446425684244,0.865,-40.9587013663749
1.11446425684244,0.87,-40.9187642570894
1.11446425684244,0.875,-40.8791997224632
1.11446425684244,0.88,-40.8400049958676
1.11446425684244,0.885,-40.801177370727
1.11446425684244,0.89,-40.7627141993215
1.11446425684244,0.895,-40.7246128916243
1.11446425684244,0.9,-40.6868709141745
1.11446425684244,0.905,-40.6494857889838
1.11446425684244,0.91,-40.6124550924754
1.11446425684244,0.915,-40.5757764544544
1.11446425684244,0.92,-40.5394475571099
1.11446425684244,0.925,-40.5034661340459
1.11446425684244,0.93,-40.4678299693406
1.11446425684244,0.935,-40.4325368966351
1.11446425684244,0.94,-40.397584798248
1.11446425684244,0.945,-40.362971604316
1.11446425684244,0.95,-40.3286952919614
1.11446425684244,0.955,-40.2947538844832
1.11446425684244,0.96,-40.2611454505719
1.11446425684244,0.965,-40.2278681035494
1.11446425684244,0.97,-40.194920000629
1.11446425684244,0.975,-40.1622993422001
1.11446425684244,0.98,-40.1300043711318
1.11446425684244,0.985,-40.0980333720994
1.11446425684244,0.99,-40.0663846709295
1.11446425684244,0.995,-40.0350566339659
1.11446425684244,1,-40.004047667454
1.11446425684244,1.005,-39.9733562169441
1.11446425684244,1.01,-39.9429807667125
1.11446425684244,1.015,-39.912919839201
1.11446425684244,1.02,-39.8831719944729
1.11446425684244,1.025,-39.8537358296857
1.11446425684244,1.03,-39.8246099785812
1.11446425684244,1.035,-39.7957931109899
1.11446425684244,1.04,-39.7672839323526
1.11446425684244,1.045,-39.739081183256
1.11446425684244,1.05,-39.7111836389835
1.11446425684244,1.055,-39.683590109081
1.11446425684244,1.06,-39.6562994369356
1.11446425684244,1.065,-39.6293104993694
1.11446425684244,1.07,-39.6026222062459
1.11446425684244,1.075,-39.5762335000903
1.11446425684244,1.08,-39.5501433557217
1.11446425684244,1.085,-39.5243507798993
1.11446425684244,1.09,-39.4988548109796
1.11446425684244,1.095,-39.473654518587
1.11446425684244,1.1,-39.4487490032951
1.11446425684244,1.105,-39.4241373963204
1.11446425684244,1.11,-39.3998188592271
1.11446425684244,1.115,-39.3757925836434
1.11446425684244,1.12,-39.3520577909885
1.11446425684244,1.125,-39.3286137322102
1.11446425684244,1.13,-39.3054596875339
1.11446425684244,1.135,-39.2825949662212
1.11446425684244,1.14,-39.2600189063391
1.11446425684244,1.145,-39.2377308745393
1.11446425684244,1.15,-39.2157302658476
1.11446425684244,1.155,-39.1940165034625
1.11446425684244,1.16,-39.1725890385642
1.11446425684244,1.165,-39.1514473501326
1.11446425684244,1.17,-39.1305909447749
1.11446425684244,1.175,-39.1100193565622
1.11446425684244,1.18,-39.0897321468758
1.11446425684244,1.185,-39.0697289042616
1.11446425684244,1.19,-39.0500092442947
1.11446425684244,1.195,-39.0305728094515
1.11446425684244,1.2,-39.0114192689918
1.11446425684244,1.205,-38.9925483188484
1.11446425684244,1.21,-38.9739596815263
1.11446425684244,1.215,-38.9556531060098
1.11446425684244,1.22,-38.9376283676781
1.11446425684244,1.225,-38.9198852682299
1.11446425684244,1.23,-38.9024236356154
1.11446425684244,1.235,-38.8852433239772
1.11446425684244,1.24,-38.8683442135996
1.11446425684244,1.245,-38.8517262108654
1.11446425684244,1.25,-38.8353892482218
1.11446425684244,1.255,-38.8193332841536
1.11446425684244,1.26,-38.8035583031653
1.11446425684244,1.265,-38.7880643157705
1.11446425684244,1.27,-38.7728513584902
1.11446425684244,1.275,-38.757919493859
1.11446425684244,1.28,-38.7432688104388
1.11446425684244,1.285,-38.7288994228414
1.11446425684244,1.29,-38.7148114717592
1.11446425684244,1.295,-38.7010051240031
1.11446425684244,1.3,-38.6874805725499
1.11446425684244,1.305,-38.6742380365969
1.11446425684244,1.31,-38.661277761625
1.11446425684244,1.315,-38.6486000194704
1.11446425684244,1.32,-38.6362051084042
1.11446425684244,1.325,-38.6240933532206
1.11446425684244,1.33,-38.6122651053331
1.11446425684244,1.335,-38.60072074288
1.11446425684244,1.34,-38.5894606708377
1.11446425684244,1.345,-38.5784853211428
1.11446425684244,1.35,-38.5677951528231
1.11446425684244,1.355,-38.5573906521373
1.11446425684244,1.36,-38.5472723327233
1.11446425684244,1.365,-38.5374407357561
1.11446425684244,1.37,-38.5278964301139
1.11446425684244,1.375,-38.5186400125543
1.11446425684244,1.38,-38.5096721078992
1.11446425684244,1.385,-38.5009933692292
1.11446425684244,1.39,-38.4926044780879
1.11446425684244,1.395,-38.4845061446955
1.11446425684244,1.4,-38.4766991081724
1.11446425684244,1.405,-38.4691841367728
1.11446425684244,1.41,-38.4619620281286
1.11446425684244,1.415,-38.4550336095032
1.11446425684244,1.42,-38.4483997380564
1.11446425684244,1.425,-38.4420613011191
1.11446425684244,1.43,-38.4360192164803
1.11446425684244,1.435,-38.4302744326834
1.11446425684244,1.44,-38.4248279293351
1.11446425684244,1.445,-38.4196807174254
1.11446425684244,1.45,-38.4148338396592
1.11446425684244,1.455,-38.4102883708
1.11446425684244,1.46,-38.4060454180259
1.11446425684244,1.465,-38.4021061212978
1.11446425684244,1.47,-38.3984716537404
1.11446425684244,1.475,-38.3951432220369
1.11446425684244,1.48,-38.3921220668358
1.11446425684244,1.485,-38.3894094631722
1.11446425684244,1.49,-38.3870067209031
1.11446425684244,1.495,-38.3849151851562
1.11446425684244,1.5,-38.3831362367941
1.11446425684244,1.505,-38.3816712928928
1.11446425684244,1.51,-38.3805218072363
1.11446425684244,1.515,-38.3796892708261
1.11446425684244,1.52,-38.3791752124072
1.11446425684244,1.525,-38.3789811990109
1.11446425684244,1.53,-38.3791088365138
1.11446425684244,1.535,-38.3795597702148
1.11446425684244,1.54,-38.38033568543
1.11446425684244,1.545,-38.3814383081055
1.11446425684244,1.55,-38.3828694054493
1.11446425684244,1.555,-38.3846307865825
1.11446425684244,1.56,-38.3867243032107
1.11446425684244,1.565,-38.3891518503153
1.11446425684244,1.57,-38.3919153668662
1.11446425684244,1.575,-38.3950168365562
1.11446425684244,1.58,-38.3984582885576
1.11446425684244,1.585,-38.4022417983017
1.11446425684244,1.59,-38.4063694882817
1.11446425684244,1.595,-38.4108435288806
1.11446425684244,1.6,-38.4156661392233
1.11446425684244,1.605,-38.4208395880552
1.11446425684244,1.61,-38.4263661946471
1.11446425684244,1.615,-38.4322483297274
1.11446425684244,1.62,-38.4384884164431
1.11446425684244,1.625,-38.4450889313497
1.11446425684244,1.63,-38.4520524054307
1.11446425684244,1.635,-38.4593814251494
1.11446425684244,1.64,-38.4670786335316
1.11446425684244,1.645,-38.4751467312822
1.11446425684244,1.65,-38.4835884779357
1.11446425684244,1.655,-38.492406693042
1.11446425684244,1.66,-38.501604257389
1.11446425684244,1.665,-38.5111841142631
1.11446425684244,1.67,-38.521149270748
1.11446425684244,1.675,-38.5315027990647
1.11446425684244,1.68,-38.5422478379532
1.11446425684244,1.685,-38.5533875940967
1.11446425684244,1.69,-38.5649253435915
1.11446425684244,1.695,-38.5768644334626
1.11446425684244,1.7,-38.5892082832273
1.11446425684244,1.705,-38.601960386509
1.11446425684244,1.71,-38.6151243127017
1.11446425684244,1.715,-38.6287037086881
1.11446425684244,1.72,-38.6427023006134
1.11446425684244,1.725,-38.6571238957162
1.11446425684244,1.73,-38.6719723842178
1.11446425684244,1.735,-38.687251741275
1.11446425684244,1.74,-38.7029660289955
1.11446425684244,1.745,-38.7191193985198
1.11446425684244,1.75,-38.7357160921727
1.11446425684244,1.755,-38.7527604456856
1.11446425684244,1.76,-38.7702568904936
1.11446425684244,1.765,-38.7882099561097
1.11446425684244,1.77,-38.8066242725788
1.11446425684244,1.775,-38.8255045730161
1.11446425684244,1.78,-38.844855696231
1.11446425684244,1.785,-38.8646825894424
1.11446425684244,1.79,-38.8849903110867
1.11446425684244,1.795,-38.9057840337246
1.11446425684244,1.8,-38.9270690470487
1.11446425684244,1.805,-38.9488507609971
1.11446425684244,1.81,-38.9711347089779
1.11446425684244,1.815,-38.9939265512075
1.11446425684244,1.82,-39.0172320781698
1.11446425684244,1.825,-39.0410572141991
1.11446425684244,1.83,-39.0654080211938
1.11446425684244,1.835,-39.0902907024659
1.11446425684244,1.84,-39.1157116067317
1.11446425684244,1.845,-39.1416772322507
1.11446425684244,1.85,-39.1681942311188
1.11446425684244,1.855,-39.1952694137229
1.11446425684244,1.86,-39.2229097533633
1.11446425684244,1.865,-39.2511223910531
1.11446425684244,1.87,-39.2799146405011
1.11446425684244,1.875,-39.3092939932872
1.11446425684244,1.88,-39.3392681242393
1.11446425684244,1.885,-39.369844897021
1.11446425684244,1.89,-39.4010323699403
1.11446425684244,1.895,-39.4328388019884
1.11446425684244,1.9,-39.4652726591214
1.11446425684244,1.905,-39.4983426207963
1.11446425684244,1.91,-39.5320575867713
1.11446425684244,1.915,-39.5664266841871
1.11446425684244,1.92,-39.6014592749393
1.11446425684244,1.925,-39.6371649633598
1.11446425684244,1.93,-39.6735536042192
1.11446425684244,1.935,-39.71063531107
1.11446425684244,1.94,-39.7484204649442
1.11446425684244,1.945,-39.7869197234274
1.11446425684244,1.95,-39.8261440301255
1.11446425684244,1.955,-39.8661046245465
1.11446425684244,1.96,-39.9068130524193
1.11446425684244,1.965,-39.9482811764712
1.11446425684244,1.97,-39.9905211876904
1.11446425684244,1.975,-40.033545617099
1.11446425684244,1.98,-40.0773673480644
1.11446425684244,1.985,-40.1219996291792
1.11446425684244,1.99,-40.1674560877401
1.11446425684244,1.995,-40.2137507438615
1.11446425684244,2,-40.2608980252571
1.11446425684244,2.005,-40.3089127827308
1.11446425684244,2.01,-40.3578103064148
1.11446425684244,2.015,-40.4076063428011
1.11446425684244,2.02,-40.4583171126109
1.11446425684244,2.025,-40.509959329554
1.11446425684244,2.03,-40.5625502200296
1.11446425684244,2.035,-40.6161075438271
1.11446425684244,2.04,-40.6706496158872
1.11446425684244,2.045,-40.7261953291895
1.11446425684244,2.05,-40.7827641788371
1.11446425684244,2.055,-40.8403762874134
1.11446425684244,2.06,-40.8990524316928
1.11446425684244,2.065,-40.9588140707926
1.11446425684244,2.07,-41.0196833758596
1.11446425684244,2.075,-41.0816832613934
1.11446425684244,2.08,-41.1448374183153
1.11446425684244,2.085,-41.2091703488997
1.11446425684244,2.09,-41.2747074036961
1.11446425684244,2.095,-41.3414748205781
1.11446425684244,2.1,-41.4094997660679
1.11446425684244,2.105,-41.4788103790967
1.11446425684244,2.11,-41.5494358173751
1.11446425684244,2.115,-41.6214063065618
1.11446425684244,2.12,-41.694753192434
1.11446425684244,2.125,-41.7695089962834
1.11446425684244,2.13,-41.8457074737773
1.11446425684244,2.135,-41.9233836775483
1.11446425684244,2.14,-42.0025740237985
1.11446425684244,2.145,-42.0833163632295
1.11446425684244,2.15,-42.1656500566392
1.11446425684244,2.155,-42.2496160555572
1.11446425684244,2.16,-42.3352569883244
1.11446425684244,2.165,-42.4226172520648
1.11446425684244,2.17,-42.5117431110348
1.11446425684244,2.175,-42.6026828018885
1.11446425684244,2.18,-42.6954866464471
1.11446425684244,2.185,-42.7902071726211
1.11446425684244,2.19,-42.8868992441987
1.11446425684244,2.195,-42.9856202002903
1.11446425684244,2.2,-43.0864300052973
1.11446425684244,2.205,-43.1893914103706
1.11446425684244,2.21,-43.2945701274233
1.11446425684244,2.215,-43.4020350168834
1.11446425684244,2.22,-43.5118582905003
1.11446425684244,2.225,-43.6241157306682
1.11446425684244,2.23,-43.7388869278989
1.11446425684244,2.235,-43.8562555382629
1.11446425684244,2.24,-43.9763095628365
1.11446425684244,2.245,-44.0991416514343
1.11446425684244,2.25,-44.2248494331865
1.11446425684244,2.255,-44.3535358768379
1.11446425684244,2.26,-44.4853096840079
1.11446425684244,2.265,-44.6202857190677
1.11446425684244,2.27,-44.7585854797677
1.11446425684244,2.275,-44.9003376132974
1.11446425684244,2.28,-45.0456784830939
1.11446425684244,2.285,-45.1947527924472
1.11446425684244,2.29,-45.3477142717977
1.11446425684244,2.295,-45.5047264376074
1.11446425684244,2.3,-45.6659634318319
1.11446425684244,2.305,-45.8316109523583
1.11446425684244,2.31,-46.0018672863411
1.11446425684244,2.315,-46.1769444602045
1.11446425684244,2.32,-46.3570695222398
1.11446425684244,2.325,-46.5424859762781
1.11446425684244,2.33,-46.7334553879326
1.11446425684244,2.335,-46.9302591884808
1.11446425684244,2.34,-47.1332007057135
1.11446425684244,2.345,-47.3426074561482
1.11446425684244,2.35,-47.5588337390735
1.11446425684244,2.355,-47.7822635801649
1.11446425684244,2.36,-48.0133140811516
1.11446425684244,2.365,-48.2524392425472
1.11446425684244,2.37,-48.5001343391538
1.11446425684244,2.375,-48.7569409434056
1.11446425684244,2.38,-49.0234527101713
1.11446425684244,2.385,-49.3003220590673
1.11446425684244,2.39,-49.5882679173995
1.11446425684244,2.395,-49.8880847193816
1.11446425684244,2.4,-50.2006528961191
1.11446425684244,2.405,-50.5269511366553
1.11446425684244,2.41,-50.8680707533758
1.11446425684244,2.415,-51.2252325442943
1.11446425684244,2.42,-51.5998066069435
1.11446425684244,2.425,-51.9933356157633
1.11446425684244,2.43,-52.4075621099146
1.11446425684244,2.435,-52.8444603166341
1.11446425684244,2.44,-53.3062728881513
1.11446425684244,2.445,-53.7955525244144
1.11446425684244,2.45,-54.3152075301385
1.11446425684244,2.455,-54.8685484074192
1.11446425684244,2.46,-55.4593286215555
1.11446425684244,2.465,-56.0917647310899
1.11446425684244,2.47,-56.7705052140465
1.11446425684244,2.475,-57.5004856620055
1.11446425684244,2.48,-58.2865447878046
1.11446425684244,2.485,-59.1325502358547
1.11446425684244,2.49,-60.0395405154845
1.11446425684244,2.495,-61.0019533826112
1.11446425684244,2.5,-62.0003814658752
1.11446425684244,2.505,-62.9890454298633
1.11446425684244,2.51,-63.8790018741593
1.11446425684244,2.515,-64.5303269457056
1.11446425684244,2.52,-64.7864482787278
1.11446425684244,2.525,-64.5646499501152
1.11446425684244,2.53,-63.9220595510153
1.11446425684244,2.535,-63.0088451957778
1.11446425684244,2.54,-61.9729740426109
1.11446425684244,2.545,-60.9136474925619
1.11446425684244,2.55,-59.8838490718356
1.11446425684244,2.555,-58.9070355665678
1.11446425684244,2.56,-57.9907965433735
1.11446425684244,2.565,-57.1350199146073
1.11446425684244,2.57,-56.3362078549335
1.11446425684244,2.575,-55.5896227576284
1.11446425684244,2.58,-54.8903068451386
1.11446425684244,2.585,-54.2335379046927
1.11446425684244,2.59,-53.6150087490847
1.11446425684244,2.595,-53.0308745671316
1.11446425684244,2.6,-52.4777398264548
1.11446425684244,2.605,-51.9526200692595
1.11446425684244,2.61,-51.4528957519998
1.11446425684244,2.615,-50.9762661636917
1.11446425684244,2.62,-50.5207069036957
1.11446425684244,2.625,-50.0844321530797
1.11446425684244,2.63,-49.6658618979769
1.11446425684244,2.635,-49.2635937809724
1.11446425684244,2.64,-48.8763790715932
1.11446425684244,2.645,-48.5031022072283
1.11446425684244,2.65,-48.1427633830922
1.11446425684244,2.655,-47.7944637243861
1.11446425684244,2.66,-47.4573926358555
1.11446425684244,2.665,-47.1308169841297
1.11446425684244,2.67,-46.8140718225892
1.11446425684244,2.675,-46.5065524157504
1.11446425684244,2.68,-46.2077073603357
1.11446425684244,2.685,-45.9170326339194
1.11446425684244,2.69,-45.6340664301156
1.11446425684244,2.695,-45.3583846625693
1.11446425684244,2.7,-45.0895970392767
1.11446425684244,2.705,-44.8273436247038
1.11446425684244,2.71,-44.5712918203559
1.11446425684244,2.715,-44.3211337053831
1.11446425684244,2.72,-44.0765836878706
1.11446425684244,2.725,-43.8373764250091
1.11446425684244,2.73,-43.6032649766256
1.11446425684244,2.735,-43.3740191618144
1.11446425684244,2.74,-43.1494240928088
1.11446425684244,2.745,-42.9292788639382
1.11446425684244,2.75,-42.7133953766322
1.11446425684244,2.755,-42.50159728407
1.11446425684244,2.76,-42.2937190413036
1.11446425684244,2.765,-42.0896050485842
1.11446425684244,2.77,-41.8891088772323
1.11446425684244,2.775,-41.6920925687777
1.11446425684244,2.78,-41.4984259992716
1.11446425684244,2.785,-41.3079863016933
1.11446425684244,2.79,-41.1206573402445
1.11446425684244,2.795,-40.9363292310767
1.11446425684244,2.8,-40.7548979046535
1.11446425684244,2.805,-40.5762647055092
1.11446425684244,2.81,-40.4003360256592
1.11446425684244,2.815,-40.2270229683446
1.11446425684244,2.82,-40.0562410391662
1.11446425684244,2.825,-39.8879098619879
1.11446425684244,2.83,-39.7219529172784
1.11446425684244,2.835,-39.5582973008076
1.11446425684244,2.84,-39.3968735008368
1.11446425684244,2.845,-39.2376151921361
1.11446425684244,2.85,-39.0804590453343
1.11446425684244,2.855,-38.9253445502566
1.11446425684244,2.86,-38.772213852044
1.11446425684244,2.865,-38.6210115989633
1.11446425684244,2.87,-38.4716848009262
1.11446425684244,2.875,-38.3241826978295
1.11446425684244,2.88,-38.1784566369117
1.11446425684244,2.885,-38.0344599583987
1.11446425684244,2.89,-37.8921478887776
1.11446425684244,2.895,-37.7514774410973
1.11446425684244,2.9,-37.6124073217514
1.11446425684244,2.905,-37.4748978432439
1.11446425684244,2.91,-37.338910842486
1.11446425684244,2.915,-37.2044096042085
1.11446425684244,2.92,-37.0713587891118
1.11446425684244,2.925,-36.9397243664067
1.11446425684244,2.93,-36.8094735504302
1.11446425684244,2.935,-36.6805747410429
1.11446425684244,2.94,-36.5529974675438
1.11446425684244,2.945,-36.426712335854
1.11446425684244,2.95,-36.3016909787475
1.11446425684244,2.955,-36.1779060089171
1.11446425684244,2.96,-36.0553309746871
1.11446425684244,2.965,-35.9339403181957
1.11446425684244,2.97,-35.8137093358821
1.11446425684244,2.975,-35.69461414113
1.11446425684244,2.98,-35.5766316289276
1.11446425684244,2.985,-35.4597394424143
1.11446425684244,2.99,-35.343915941195
1.11446425684244,2.995,-35.2291401713127
1.11446425684244,3,-35.1153918367741
1.11446425684244,3.005,-35.0026512725348
1.11446425684244,3.01,-34.8908994188552
1.11446425684244,3.015,-34.7801177969437
1.11446425684244,3.02,-34.670288485811
1.11446425684244,3.025,-34.5613941002645
1.11446425684244,3.03,-34.4534177699757
1.11446425684244,3.035,-34.3463431195583
1.11446425684244,3.04,-34.2401542495998
1.11446425684244,3.045,-34.1348357185915
1.11446425684244,3.05,-34.0303725257073
1.11446425684244,3.055,-33.9267500943829
1.11446425684244,3.06,-33.8239542566526
1.11446425684244,3.065,-33.721971238201
1.11446425684244,3.07,-33.6207876440906
1.11446425684244,3.075,-33.5203904451309
1.11446425684244,3.08,-33.4207669648524
1.11446425684244,3.085,-33.321904867055
1.11446425684244,3.09,-33.2237921439002
1.11446425684244,3.095,-33.1264171045192
1.11446425684244,3.1,-33.0297683641099
1.11446425684244,3.105,-32.9338348334979
1.11446425684244,3.11,-32.8386057091385
1.11446425684244,3.115,-32.744070463537
1.11446425684244,3.12,-32.6502188360665
1.11446425684244,3.125,-32.5570408241641
1.11446425684244,3.13,-32.4645266748859
1.11446425684244,3.135,-32.3726668768051
1.11446425684244,3.14,-32.2814521522345
1.11446425684244,3.145,-32.1908734497594
1.11446425684244,3.15,-32.100921937066
1.11446425684244,3.155,-32.0115889940507
1.11446425684244,3.16,-31.9228662061979
1.11446425684244,3.165,-31.8347453582129
1.11446425684244,3.17,-31.7472184278998
1.11446425684244,3.175,-31.6602775802713
1.11446425684244,3.18,-31.5739151618813
1.11446425684244,3.185,-31.4881236953695
1.11446425684244,3.19,-31.4028958742087
1.11446425684244,3.195,-31.3182245576462
1.11446425684244,3.2,-31.2341027658304
1.11446425684244,3.205,-31.1505236751142
1.11446425684244,3.21,-31.0674806135281
1.11446425684244,3.215,-30.9849670564159
1.11446425684244,3.22,-30.9029766222248
1.11446425684244,3.225,-30.8215030684445
1.11446425684244,3.23,-30.7405402876891
1.11446425684244,3.235,-30.6600823039147
1.11446425684244,3.24,-30.5801232687683
1.11446425684244,3.245,-30.5006574580616
1.11446425684244,3.25,-30.421679268365
1.11446425684244,3.255,-30.3431832137174
1.11446425684244,3.26,-30.2651639224459
1.11446425684244,3.265,-30.1876161340924
1.11446425684244,3.27,-30.1105346964414
1.11446425684244,3.275,-30.0339145626459
1.11446425684244,3.28,-29.9577507884479
1.11446425684244,3.285,-29.8820385294882
1.11446425684244,3.29,-29.8067730387041
1.11446425684244,3.295,-29.7319496638094
1.11446425684244,3.3,-29.6575638448559
1.11446425684244,3.305,-29.5836111118708
1.11446425684244,3.31,-29.5100870825697
1.11446425684244,3.315,-29.4369874601397
1.11446425684244,3.32,-29.3643080310922
1.11446425684244,3.325,-29.2920446631816
1.11446425684244,3.33,-29.2201933033877
1.11446425684244,3.335,-29.1487499759598
1.11446425684244,3.34,-29.0777107805193
1.11446425684244,3.345,-29.0070718902204
1.11446425684244,3.35,-28.9368295499644
1.11446425684244,3.355,-28.8669800746682
1.11446425684244,3.36,-28.7975198475833
1.11446425684244,3.365,-28.7284453186637
1.11446425684244,3.37,-28.6597530029824
1.11446425684244,3.375,-28.5914394791926
1.11446425684244,3.38,-28.5235013880339
1.11446425684244,3.385,-28.4559354308811
1.11446425684244,3.39,-28.3887383683338
1.11446425684244,3.395,-28.3219070188466
1.11446425684244,3.4,-28.2554382573972
1.11446425684244,3.405,-28.1893290141916
1.11446425684244,3.41,-28.1235762734059
1.11446425684244,3.415,-28.0581770719619
1.11446425684244,3.42,-27.993128498337
1.11446425684244,3.425,-27.9284276914061
1.11446425684244,3.43,-27.8640718393151
1.11446425684244,3.435,-27.8000581783846
1.11446425684244,3.44,-27.7363839920432
1.11446425684244,3.445,-27.6730466097885
1.11446425684244,3.45,-27.6100434061767
1.11446425684244,3.455,-27.5473717998378
1.11446425684244,3.46,-27.4850292525169
1.11446425684244,3.465,-27.4230132681406
1.11446425684244,3.47,-27.3613213919074
1.11446425684244,3.475,-27.2999512094014
1.11446425684244,3.48,-27.2389003457287
1.11446425684244,3.485,-27.1781664646758
1.11446425684244,3.49,-27.1177472678892
1.11446425684244,3.495,-27.0576404940756
1.11446425684244,3.5,-26.9978439182225
1.11446425684244,3.505,-26.938355350837
1.11446425684244,3.51,-26.8791726372051
1.11446425684244,3.515,-26.8202936566676
1.11446425684244,3.52,-26.7617163219146
1.11446425684244,3.525,-26.7034385782969
1.11446425684244,3.53,-26.645458403154
1.11446425684244,3.535,-26.5877738051585
1.11446425684244,3.54,-26.5303828236755
1.11446425684244,3.545,-26.4732835281379
1.11446425684244,3.55,-26.4164740174362
1.11446425684244,3.555,-26.3599524193227
1.11446425684244,3.56,-26.3037168898294
1.11446425684244,3.565,-26.2477656126997
1.11446425684244,3.57,-26.1920967988331
1.11446425684244,3.575,-26.1367086857427
1.11446425684244,3.58,-26.0815995370251
1.11446425684244,3.585,-26.0267676418422
1.11446425684244,3.59,-25.9722113144152
1.11446425684244,3.595,-25.9179288935294
1.11446425684244,3.6,-25.8639187420502
1.11446425684244,3.605,-25.8101792464505
1.11446425684244,3.61,-25.7567088163476
1.11446425684244,3.615,-25.7035058840508
1.11446425684244,3.62,-25.6505689041193
1.11446425684244,3.625,-25.5978963529288
1.11446425684244,3.63,-25.5454867282484
1.11446425684244,3.635,-25.4933385488259
1.11446425684244,3.64,-25.4414503539825
1.11446425684244,3.645,-25.3898207032162
1.11446425684244,3.65,-25.3384481758131
1.11446425684244,3.655,-25.2873313704671
1.11446425684244,3.66,-25.2364689049083
1.11446425684244,3.665,-25.1858594155377
1.11446425684244,3.67,-25.1355015570715
1.11446425684244,3.675,-25.0853940021904
1.11446425684244,3.68,-25.0355354411985
1.11446425684244,3.685,-24.9859245816872
1.11446425684244,3.69,-24.9365601482075
1.11446425684244,3.695,-24.8874408819478
1.11446425684244,3.7,-24.8385655404187
1.11446425684244,3.705,-24.7899328971445
1.11446425684244,3.71,-24.7415417413601
1.11446425684244,3.715,-24.6933908777144
1.11446425684244,3.72,-24.6454791259798
1.11446425684244,3.725,-24.5978053207666
1.11446425684244,3.73,-24.550368311244
1.11446425684244,3.735,-24.5031669608659
1.11446425684244,3.74,-24.4562001471021
1.11446425684244,3.745,-24.4094667611751
1.11446425684244,3.75,-24.3629657078014
1.11446425684244,3.755,-24.3166959049383
1.11446425684244,3.76,-24.2706562835354
1.11446425684244,3.765,-24.2248457872901
1.11446425684244,3.77,-24.1792633724093
1.11446425684244,3.775,-24.1339080073737
1.11446425684244,3.78,-24.0887786727083
1.11446425684244,3.785,-24.0438743607558
1.11446425684244,3.79,-23.999194075455
1.11446425684244,3.795,-23.9547368321232
1.11446425684244,3.8,-23.9105016572424
1.11446425684244,3.805,-23.8664875882494
1.11446425684244,3.81,-23.8226936733303
1.11446425684244,3.815,-23.7791189712181
1.11446425684244,3.82,-23.7357625509943
1.11446425684244,3.825,-23.6926234918938
1.11446425684244,3.83,-23.6497008831141
1.11446425684244,3.835,-23.6069938236269
1.11446425684244,3.84,-23.5645014219937
1.11446425684244,3.845,-23.5222227961849
1.11446425684244,3.85,-23.4801570734011
1.11446425684244,3.855,-23.438303389899
1.11446425684244,3.86,-23.3966608908191
1.11446425684244,3.865,-23.3552287300175
1.11446425684244,3.87,-23.3140060698996
1.11446425684244,3.875,-23.2729920812576
1.11446425684244,3.88,-23.2321859431105
1.11446425684244,3.885,-23.1915868425467
1.11446425684244,3.89,-23.1511939745697
1.11446425684244,3.895,-23.1110065419464
1.11446425684244,3.9,-23.0710237550577
1.11446425684244,3.905,-23.0312448317519
1.11446425684244,3.91,-22.9916689972011
1.11446425684244,3.915,-22.9522954837589
1.11446425684244,3.92,-22.9131235308219
1.11446425684244,3.925,-22.8741523846927
1.11446425684244,3.93,-22.8353812984452
1.11446425684244,3.935,-22.7968095317929
1.11446425684244,3.94,-22.7584363509586
1.11446425684244,3.945,-22.7202610285471
1.11446425684244,3.95,-22.6822828434193
1.11446425684244,3.955,-22.6445010805693
1.11446425684244,3.96,-22.6069150310025
1.11446425684244,3.965,-22.5695239916169
1.11446425684244,3.97,-22.5323272650856
1.11446425684244,3.975,-22.4953241597415
1.11446425684244,3.98,-22.4585139894642
1.11446425684244,3.985,-22.4218960735684
1.11446425684244,3.99,-22.3854697366945
1.11446425684244,3.995,-22.349234308701
1.11446425684244,4,-22.3131891245584
1.11446425684244,4.005,-22.2773335242454
1.11446425684244,4.01,-22.2416668526463
1.11446425684244,4.015,-22.2061884594508
1.11446425684244,4.02,-22.1708976990544
1.11446425684244,4.025,-22.1357939304622
1.11446425684244,4.03,-22.1008765171923
1.11446425684244,4.035,-22.0661448271823
1.11446425684244,4.04,-22.0315982326969
1.11446425684244,4.045,-21.997236110237
1.11446425684244,4.05,-21.9630578404504
1.11446425684244,4.055,-21.929062808044
1.11446425684244,4.06,-21.8952504016977
1.11446425684244,4.065,-21.8616200139791
1.11446425684244,4.07,-21.8281710412609
1.11446425684244,4.075,-21.794902883638
1.11446425684244,4.08,-21.7618149448479
1.11446425684244,4.085,-21.7289066321906
1.11446425684244,4.09,-21.6961773564516
1.11446425684244,4.095,-21.663626531825
1.11446425684244,4.1,-21.6312535758383
1.11446425684244,4.105,-21.5990579092789
1.11446425684244,4.11,-21.5670389561211
1.11446425684244,4.115,-21.5351961434551
1.11446425684244,4.12,-21.5035289014168
1.11446425684244,4.125,-21.4720366631192
1.11446425684244,4.13,-21.4407188645842
1.11446425684244,4.135,-21.409574944677
1.11446425684244,4.14,-21.3786043450403
1.11446425684244,4.145,-21.3478065100302
1.11446425684244,4.15,-21.3171808866535
1.11446425684244,4.155,-21.286726924506
1.11446425684244,4.16,-21.2564440757113
1.11446425684244,4.165,-21.2263317948618
1.11446425684244,4.17,-21.1963895389597
1.11446425684244,4.175,-21.16661676736
1.11446425684244,4.18,-21.1370129417137
1.11446425684244,4.185,-21.1075775259129
1.11446425684244,4.19,-21.0783099860362
1.11446425684244,4.195,-21.0492097902955
1.11446425684244,4.2,-21.0202764089836
1.11446425684244,4.205,-20.9915093144233
1.11446425684244,4.21,-20.9629079809167
1.11446425684244,4.215,-20.9344718846959
1.11446425684244,4.22,-20.9062005038747
1.11446425684244,4.225,-20.8780933184014
1.11446425684244,4.23,-20.8501498100117
1.11446425684244,4.235,-20.8223694621835
1.11446425684244,4.24,-20.7947517600924
1.11446425684244,4.245,-20.7672961905672
1.11446425684244,4.25,-20.7400022420478
1.11446425684244,4.255,-20.7128694045427
1.11446425684244,4.26,-20.6858971695877
1.11446425684244,4.265,-20.659085030206
1.11446425684244,4.27,-20.6324324808686
1.11446425684244,4.275,-20.6059390174553
1.11446425684244,4.28,-20.5796041372173
1.11446425684244,4.285,-20.5534273387401
1.11446425684244,4.29,-20.527408121907
1.11446425684244,4.295,-20.501545987864
1.11446425684244,4.3,-20.4758404389851
1.11446425684244,4.305,-20.4502909788385
1.11446425684244,4.31,-20.4248971121531
1.11446425684244,4.315,-20.3996583447866
1.11446425684244,4.32,-20.374574183694
1.11446425684244,4.325,-20.349644136896
1.11446425684244,4.33,-20.3248677134497
1.11446425684244,4.335,-20.3002444234189
1.11446425684244,4.34,-20.275773777845
1.11446425684244,4.345,-20.2514552887196
1.11446425684244,4.35,-20.2272884689568
1.11446425684244,4.355,-20.2032728323668
1.11446425684244,4.36,-20.1794078936295
1.11446425684244,4.365,-20.1556931682701
1.11446425684244,4.37,-20.1321281726333
1.11446425684244,4.375,-20.1087124238605
1.11446425684244,4.38,-20.0854454398655
1.11446425684244,4.385,-20.0623267393125
1.11446425684244,4.39,-20.0393558415935
1.11446425684244,4.395,-20.0165322668073
1.11446425684244,4.4,-19.9938555357384
1.11446425684244,4.405,-19.9713251698367
1.11446425684244,4.41,-19.9489406911982
1.11446425684244,4.415,-19.9267016225454
1.11446425684244,4.42,-19.9046074872096
1.11446425684244,4.425,-19.8826578091121
1.11446425684244,4.43,-19.8608521127478
1.11446425684244,4.435,-19.8391899231674
1.11446425684244,4.44,-19.8176707659623
1.11446425684244,4.445,-19.7962941672479
1.11446425684244,4.45,-19.7750596536491
1.11446425684244,4.455,-19.7539667522855
1.11446425684244,4.46,-19.7330149907574
1.11446425684244,4.465,-19.7122038971318
1.11446425684244,4.47,-19.69153299993
1.11446425684244,4.475,-19.6710018281145
1.11446425684244,4.48,-19.6506099110771
1.11446425684244,4.485,-19.6303567786275
1.11446425684244,4.49,-19.6102419609817
1.11446425684244,4.495,-19.590264988752
1.11446425684244,4.5,-19.5704253929363
1.11446425684244,4.505,-19.5507227049088
1.11446425684244,4.51,-19.5311564564101
1.11446425684244,4.515,-19.5117261795394
1.11446425684244,4.52,-19.4924314067452
1.11446425684244,4.525,-19.4732716708177
1.11446425684244,4.53,-19.4542465048815
1.11446425684244,4.535,-19.435355442388
1.11446425684244,4.54,-19.4165980171094
1.11446425684244,4.545,-19.3979737631317
1.11446425684244,4.55,-19.3794822148494
1.11446425684244,4.555,-19.3611229069596
1.11446425684244,4.56,-19.3428953744572
1.11446425684244,4.565,-19.3247991526299
1.11446425684244,4.57,-19.3068337770543
1.11446425684244,4.575,-19.2889987835915
1.11446425684244,4.58,-19.2712937083835
1.11446425684244,4.585,-19.2537180878503
1.11446425684244,4.59,-19.2362714586866
1.11446425684244,4.595,-19.2189533578596
1.11446425684244,4.6,-19.2017633226063
1.11446425684244,4.605,-19.1847008904321
1.11446425684244,4.61,-19.167765599109
1.11446425684244,4.615,-19.1509569866743
1.11446425684244,4.62,-19.1342745914296
1.11446425684244,4.625,-19.1177179519403
1.11446425684244,4.63,-19.1012866070355
1.11446425684244,4.635,-19.0849800958075
1.11446425684244,4.64,-19.0687979576121
1.11446425684244,4.645,-19.0527397320696
1.11446425684244,4.65,-19.036804959065
1.11446425684244,4.655,-19.0209931787497
1.11446425684244,4.66,-19.0053039315422
1.11446425684244,4.665,-18.9897367581303
1.11446425684244,4.67,-18.9742911994726
1.11446425684244,4.675,-18.9589667968005
1.11446425684244,4.68,-18.9437630916212
1.11446425684244,4.685,-18.9286796257196
1.11446425684244,4.69,-18.9137159411613
1.11446425684244,4.695,-18.898871580296
1.11446425684244,4.7,-18.8841460857604
1.11446425684244,4.705,-18.8695390004818
1.11446425684244,4.71,-18.8550498676818
1.11446425684244,4.715,-18.8406782308803
1.11446425684244,4.72,-18.8264236338996
1.11446425684244,4.725,-18.8122856208684
1.11446425684244,4.73,-18.7982637362269
1.11446425684244,4.735,-18.7843575247308
1.11446425684244,4.74,-18.7705665314567
1.11446425684244,4.745,-18.7568903018068
1.11446425684244,4.75,-18.7433283815144
1.11446425684244,4.755,-18.7298803166488
1.11446425684244,4.76,-18.7165456536215
1.11446425684244,4.765,-18.7033239391912
1.11446425684244,4.77,-18.6902147204703
1.11446425684244,4.775,-18.6772175449302
1.11446425684244,4.78,-18.6643319604079
1.11446425684244,4.785,-18.6515575151123
1.11446425684244,4.79,-18.6388937576302
1.11446425684244,4.795,-18.6263402369332
1.11446425684244,4.8,-18.6138965023841
1.11446425684244,4.805,-18.6015621037437
1.11446425684244,4.81,-18.5893365911778
1.11446425684244,4.815,-18.5772195152642
1.11446425684244,4.82,-18.5652104269995
1.11446425684244,4.825,-18.5533088778067
1.11446425684244,4.83,-18.5415144195421
1.11446425684244,4.835,-18.529826604503
1.11446425684244,4.84,-18.5182449854348
1.11446425684244,4.845,-18.5067691155391
1.11446425684244,4.85,-18.4953985484807
1.11446425684244,4.855,-18.4841328383958
1.11446425684244,4.86,-18.4729715398995
1.11446425684244,4.865,-18.4619142080937
1.11446425684244,4.87,-18.4509603985752
1.11446425684244,4.875,-18.4401096674433
1.11446425684244,4.88,-18.4293615713082
1.11446425684244,4.885,-18.418715667299
1.11446425684244,4.89,-18.4081715130714
1.11446425684244,4.895,-18.3977286668166
1.11446425684244,4.9,-18.387386687269
1.11446425684244,4.905,-18.3771451337146
1.11446425684244,4.91,-18.3670035659993
1.11446425684244,4.915,-18.3569615445372
1.11446425684244,4.92,-18.347018630319
1.11446425684244,4.925,-18.3371743849203
1.11446425684244,4.93,-18.32742837051
1.11446425684244,4.935,-18.3177801498589
1.11446425684244,4.94,-18.3082292863478
1.11446425684244,4.945,-18.2987753439763
1.11446425684244,4.95,-18.2894178873709
1.11446425684244,4.955,-18.2801564817939
1.11446425684244,4.96,-18.2709906931513
1.11446425684244,4.965,-18.2619200880017
1.11446425684244,4.97,-18.2529442335647
1.11446425684244,4.975,-18.2440626977291
1.11446425684244,4.98,-18.2352750490618
1.11446425684244,4.985,-18.2265808568156
1.11446425684244,4.99,-18.2179796909383
1.11446425684244,4.995,-18.2094711220805
1.11446425684244,5,-18.2010547216046
1.11446425684244,5.005,-18.1927300615925
1.11446425684244,5.01,-18.1844967148546
1.11446425684244,5.015,-18.1763542549376
1.11446425684244,5.02,-18.168302256133
1.11446425684244,5.025,-18.1603402934854
1.11446425684244,5.03,-18.1524679428007
1.11446425684244,5.035,-18.1446847806542
1.11446425684244,5.04,-18.1369903843989
1.11446425684244,5.045,-18.1293843321733
1.11446425684244,5.05,-18.12186620291
1.11446425684244,5.055,-18.1144355763433
1.11446425684244,5.06,-18.1070920330173
1.11446425684244,5.065,-18.0998351542937
1.11446425684244,5.07,-18.0926645223602
1.11446425684244,5.075,-18.0855797202377
1.11446425684244,5.08,-18.0785803317884
1.11446425684244,5.085,-18.0716659417235
1.11446425684244,5.09,-18.0648361356108
1.11446425684244,5.095,-18.0580904998825
1.11446425684244,5.1,-18.0514286218424
1.11446425684244,5.105,-18.044850089674
1.11446425684244,5.11,-18.0383544924471
1.11446425684244,5.115,-18.031941420126
1.11446425684244,5.12,-18.0256104635761
1.11446425684244,5.125,-18.0193612145716
1.11446425684244,5.13,-18.0131932658026
1.11446425684244,5.135,-18.007106210882
1.11446425684244,5.14,-18.0010996443527
1.11446425684244,5.145,-17.9951731616945
1.11446425684244,5.15,-17.9893263593309
1.11446425684244,5.155,-17.9835588346362
1.11446425684244,5.16,-17.9778701859417
1.11446425684244,5.165,-17.9722600125429
1.11446425684244,5.17,-17.9667279147059
1.11446425684244,5.175,-17.9612734936738
1.11446425684244,5.18,-17.955896351673
1.11446425684244,5.185,-17.95059609192
1.11446425684244,5.19,-17.9453723186273
1.11446425684244,5.195,-17.9402246370096
1.11446425684244,5.2,-17.9351526532899
1.11446425684244,5.205,-17.9301559747057
1.11446425684244,5.21,-17.9252342095148
1.11446425684244,5.215,-17.920386967001
1.11446425684244,5.22,-17.9156138574803
1.11446425684244,5.225,-17.9109144923058
1.11446425684244,5.23,-17.9062884838742
1.11446425684244,5.235,-17.9017354456307
1.11446425684244,5.24,-17.8972549920745
1.11446425684244,5.245,-17.8928467387643
1.11446425684244,5.25,-17.8885103023233
1.11446425684244,5.255,-17.8842453004447
1.11446425684244,5.26,-17.8800513518964
1.11446425684244,5.265,-17.8759280765259
1.11446425684244,5.27,-17.8718750952658
1.11446425684244,5.275,-17.8678920301379
1.11446425684244,5.28,-17.8639785042581
1.11446425684244,5.285,-17.8601341418412
1.11446425684244,5.29,-17.8563585682053
1.11446425684244,5.295,-17.8526514097762
1.11446425684244,5.3,-17.8490122940917
1.11446425684244,5.305,-17.8454408498058
1.11446425684244,5.31,-17.8419367066931
1.11446425684244,5.315,-17.8384994956525
1.11446425684244,5.32,-17.8351288487117
1.11446425684244,5.325,-17.8318243990303
1.11446425684244,5.33,-17.8285857809043
1.11446425684244,5.335,-17.8254126297695
1.11446425684244,5.34,-17.8223045822049
1.11446425684244,5.345,-17.8192612759368
1.11446425684244,5.35,-17.8162823498414
1.11446425684244,5.355,-17.813367443949
1.11446425684244,5.36,-17.8105161994464
1.11446425684244,5.365,-17.8077282586808
1.11446425684244,5.37,-17.8050032651623
1.11446425684244,5.375,-17.8023408635671
1.11446425684244,5.38,-17.7997406997405
1.11446425684244,5.385,-17.7972024206993
1.11446425684244,5.39,-17.794725674635
1.11446425684244,5.395,-17.7923101109159
1.11446425684244,5.4,-17.7899553800898
1.11446425684244,5.405,-17.7876611338869
1.11446425684244,5.41,-17.7854270252212
1.11446425684244,5.415,-17.7832527081936
1.11446425684244,5.42,-17.7811378380937
1.11446425684244,5.425,-17.7790820714018
1.11446425684244,5.43,-17.7770850657911
1.11446425684244,5.435,-17.7751464801293
1.11446425684244,5.44,-17.7732659744811
1.11446425684244,5.445,-17.7714432101089
1.11446425684244,5.45,-17.7696778494753
1.11446425684244,5.455,-17.7679695562444
1.11446425684244,5.46,-17.7663179952831
1.11446425684244,5.465,-17.7647228326626
1.11446425684244,5.47,-17.76318373566
1.11446425684244,5.475,-17.7617003727591
1.11446425684244,5.48,-17.7602724136516
1.11446425684244,5.485,-17.7588995292385
1.11446425684244,5.49,-17.7575813916308
1.11446425684244,5.495,-17.7563176741505
1.11446425684244,5.5,-17.7551080513313
1.11446425684244,5.505,-17.7539521989196
1.11446425684244,5.51,-17.7528497938748
1.11446425684244,5.515,-17.7518005143702
1.11446425684244,5.52,-17.7508040397936
1.11446425684244,5.525,-17.7498600507471
1.11446425684244,5.53,-17.7489682290484
1.11446425684244,5.535,-17.7481282577301
1.11446425684244,5.54,-17.7473398210408
1.11446425684244,5.545,-17.7466026044445
1.11446425684244,5.55,-17.7459162946212
1.11446425684244,5.555,-17.7452805794664
1.11446425684244,5.56,-17.7446951480916
1.11446425684244,5.565,-17.7441596908236
1.11446425684244,5.57,-17.7436738992045
1.11446425684244,5.575,-17.7432374659915
1.11446425684244,5.58,-17.7428500851563
1.11446425684244,5.585,-17.7425114518848
1.11446425684244,5.59,-17.7422212625766
1.11446425684244,5.595,-17.7419792148445
1.11446425684244,5.6,-17.7417850075136
1.11446425684244,5.605,-17.7416383406209
1.11446425684244,5.61,-17.7415389154142
1.11446425684244,5.615,-17.7414864343516
1.11446425684244,5.62,-17.7414806011005
1.11446425684244,5.625,-17.7415211205365
1.11446425684244,5.63,-17.7416076987423
1.11446425684244,5.635,-17.7417400430072
1.11446425684244,5.64,-17.741917861825
1.11446425684244,5.645,-17.7421408648938
1.11446425684244,5.65,-17.742408763114
1.11446425684244,5.655,-17.7427212685872
1.11446425684244,5.66,-17.743078094615
1.11446425684244,5.665,-17.7434789556973
1.11446425684244,5.67,-17.7439235675309
1.11446425684244,5.675,-17.744411647008
1.11446425684244,5.68,-17.7449429122145
1.11446425684244,5.685,-17.7455170824283
1.11446425684244,5.69,-17.7461338781179
1.11446425684244,5.695,-17.7467930209402
1.11446425684244,5.7,-17.7474942337388
1.11446425684244,5.705,-17.7482372405424
1.11446425684244,5.71,-17.7490217665625
1.11446425684244,5.715,-17.7498475381916
1.11446425684244,5.72,-17.7507142830014
1.11446425684244,5.725,-17.7516217297403
1.11446425684244,5.73,-17.7525696083314
1.11446425684244,5.735,-17.7535576498706
1.11446425684244,5.74,-17.7545855866241
1.11446425684244,5.745,-17.7556531520263
1.11446425684244,5.75,-17.7567600806773
1.11446425684244,5.755,-17.757906108341
1.11446425684244,5.76,-17.759090971942
1.11446425684244,5.765,-17.7603144095638
1.11446425684244,5.77,-17.7615761604461
1.11446425684244,5.775,-17.7628759649821
1.11446425684244,5.78,-17.7642135647164
1.11446425684244,5.785,-17.7655887023418
1.11446425684244,5.79,-17.7670011216971
1.11446425684244,5.795,-17.7684505677644
1.11446425684244,5.8,-17.7699367866662
1.11446425684244,5.805,-17.7714595256627
1.11446425684244,5.81,-17.7730185331491
1.11446425684244,5.815,-17.7746135586527
1.11446425684244,5.82,-17.77624435283
1.11446425684244,5.825,-17.7779106674641
1.11446425684244,5.83,-17.7796122554613
1.11446425684244,5.835,-17.7813488708484
1.11446425684244,5.84,-17.78312026877
1.11446425684244,5.845,-17.7849262054847
1.11446425684244,5.85,-17.7867664383628
1.11446425684244,5.855,-17.788640725883
1.11446425684244,5.86,-17.790548827629
1.11446425684244,5.865,-17.7924905042866
1.11446425684244,5.87,-17.7944655176406
1.11446425684244,5.875,-17.7964736305713
1.11446425684244,5.88,-17.7985146070518
1.11446425684244,5.885,-17.800588212144
1.11446425684244,5.89,-17.802694211996
1.11446425684244,5.895,-17.8048323738384
1.11446425684244,5.9,-17.807002465981
1.11446425684244,5.905,-17.8092042578097
1.11446425684244,5.91,-17.8114375197828
1.11446425684244,5.915,-17.8137020234278
1.11446425684244,5.92,-17.8159975413378
1.11446425684244,5.925,-17.8183238471684
1.11446425684244,5.93,-17.8206807156336
1.11446425684244,5.935,-17.8230679225031
1.11446425684244,5.94,-17.8254852445982
1.11446425684244,5.945,-17.8279324597883
1.11446425684244,5.95,-17.8304093469878
1.11446425684244,5.955,-17.832915686152
1.11446425684244,5.96,-17.8354512582738
1.11446425684244,5.965,-17.8380158453801
1.11446425684244,5.97,-17.840609230528
1.11446425684244,5.975,-17.8432311978015
1.11446425684244,5.98,-17.8458815323073
1.11446425684244,5.985,-17.8485600201718
1.11446425684244,5.99,-17.8512664485367
1.11446425684244,5.995,-17.8540006055558
1.11446425684244,6,-17.8567622803914
1.11502886981512,0.5,-41.7357086165789
1.11502886981512,0.505,-41.650488629631
1.11502886981512,0.51,-41.5661321013988
1.11502886981512,0.515,-41.482622430974
1.11502886981512,0.52,-41.399943498796
1.11502886981512,0.525,-41.318079648238
1.11502886981512,0.53,-41.237015668066
1.11502886981512,0.535,-41.1567367757208
1.11502886981512,0.54,-41.0772286013777
1.11502886981512,0.545,-40.9984771727398
1.11502886981512,0.55,-40.9204689005262
1.11502886981512,0.555,-40.8431905646165
1.11502886981512,0.56,-40.7666293008164
1.11502886981512,0.565,-40.6907725882111
1.11502886981512,0.57,-40.6156082370762
1.11502886981512,0.575,-40.5411243773159
1.11502886981512,0.58,-40.4673094474019
1.11502886981512,0.585,-40.3941521837871
1.11502886981512,0.59,-40.3216416107691
1.11502886981512,0.595,-40.2497670307818
1.11502886981512,0.6,-40.1785180150933
1.11502886981512,0.605,-40.1078843948891
1.11502886981512,0.61,-40.0378562527227
1.11502886981512,0.615,-39.968423914315
1.11502886981512,0.62,-39.8995779406857
1.11502886981512,0.625,-39.8313091206007
1.11502886981512,0.63,-39.7636084633199
1.11502886981512,0.635,-39.6964671916326
1.11502886981512,0.64,-39.6298767351652
1.11502886981512,0.645,-39.5638287239494
1.11502886981512,0.65,-39.4983149822393
1.11502886981512,0.655,-39.4333275225645
1.11502886981512,0.66,-39.3688585400101
1.11502886981512,0.665,-39.3049004067125
1.11502886981512,0.67,-39.2414456665603
1.11502886981512,0.675,-39.1784870300942
1.11502886981512,0.68,-39.1160173695928
1.11502886981512,0.685,-39.0540297143405
1.11502886981512,0.69,-38.9925172460659
1.11502886981512,0.695,-38.9314732945462
1.11502886981512,0.7,-38.870891333368
1.11502886981512,0.705,-38.8107649758401
1.11502886981512,0.71,-38.7510879710497
1.11502886981512,0.715,-38.6918542000578
1.11502886981512,0.72,-38.6330576722272
1.11502886981512,0.725,-38.5746925216766
1.11502886981512,0.73,-38.5167530038582
1.11502886981512,0.735,-38.4592334922506
1.11502886981512,0.74,-38.4021284751648
1.11502886981512,0.745,-38.3454325526575
1.11502886981512,0.75,-38.2891404335478
1.11502886981512,0.755,-38.2332469325325
1.11502886981512,0.76,-38.1777469673977
1.11502886981512,0.765,-38.1226355563208
1.11502886981512,0.77,-38.0679078152612
1.11502886981512,0.775,-38.013558955435
1.11502886981512,0.78,-37.9595842808713
1.11502886981512,0.785,-37.9059791860464
1.11502886981512,0.79,-37.8527391535931
1.11502886981512,0.795,-37.7998597520829
1.11502886981512,0.8,-37.7473366338768
1.11502886981512,0.805,-37.6951655330438
1.11502886981512,0.81,-37.6433422633439
1.11502886981512,0.815,-37.591862716273
1.11502886981512,0.82,-37.5407228591676
1.11502886981512,0.825,-37.4899187333672
1.11502886981512,0.83,-37.4394464524328
1.11502886981512,0.835,-37.3893022004177
1.11502886981512,0.84,-37.3394822301915
1.11502886981512,0.845,-37.289982861813
1.11502886981512,0.85,-37.240800480951
1.11502886981512,0.855,-37.1919315373522
1.11502886981512,0.86,-37.1433725433531
1.11502886981512,0.865,-37.0951200724357
1.11502886981512,0.87,-37.0471707578246
1.11502886981512,0.875,-36.9995212911241
1.11502886981512,0.88,-36.9521684209945
1.11502886981512,0.885,-36.9051089518664
1.11502886981512,0.89,-36.85833974269
1.11502886981512,0.895,-36.8118577057212
1.11502886981512,0.9,-36.7656598053398
1.11502886981512,0.905,-36.7197430569021
1.11502886981512,0.91,-36.674104525624
1.11502886981512,0.915,-36.6287413254954
1.11502886981512,0.92,-36.583650618224
1.11502886981512,0.925,-36.5388296122078
1.11502886981512,0.93,-36.4942755615356
1.11502886981512,0.935,-36.4499857650141
1.11502886981512,0.94,-36.4059575652208
1.11502886981512,0.945,-36.3621883475828
1.11502886981512,0.95,-36.3186755394794
1.11502886981512,0.955,-36.2754166093682
1.11502886981512,0.96,-36.2324090659348
1.11502886981512,0.965,-36.1896504572638
1.11502886981512,0.97,-36.1471383700318
1.11502886981512,0.975,-36.1048704287214
1.11502886981512,0.98,-36.0628442948545
1.11502886981512,0.985,-36.0210576662465
1.11502886981512,0.99,-35.9795082762778
1.11502886981512,0.995,-35.9381938931855
1.11502886981512,1,-35.8971123193713
1.11502886981512,1.005,-35.856261390728
1.11502886981512,1.01,-35.815638975982
1.11502886981512,1.015,-35.7752429760523
1.11502886981512,1.02,-35.7350713234254
1.11502886981512,1.025,-35.6951219815458
1.11502886981512,1.03,-35.6553929442206
1.11502886981512,1.035,-35.6158822350396
1.11502886981512,1.04,-35.5765879068086
1.11502886981512,1.045,-35.5375080409969
1.11502886981512,1.05,-35.4986407471976
1.11502886981512,1.055,-35.4599841626016
1.11502886981512,1.06,-35.4215364514828
1.11502886981512,1.065,-35.3832958046969
1.11502886981512,1.07,-35.345260439191
1.11502886981512,1.075,-35.3074285975251
1.11502886981512,1.08,-35.2697985474047
1.11502886981512,1.085,-35.2323685812243
1.11502886981512,1.09,-35.1951370156216
1.11502886981512,1.095,-35.1581021910415
1.11502886981512,1.1,-35.1212624713108
1.11502886981512,1.105,-35.0846162432217
1.11502886981512,1.11,-35.0481619161261
1.11502886981512,1.115,-35.0118979215374
1.11502886981512,1.12,-34.9758227127429
1.11502886981512,1.125,-34.9399347644236
1.11502886981512,1.13,-34.9042325722838
1.11502886981512,1.135,-34.8687146526872
1.11502886981512,1.14,-34.8333795423032
1.11502886981512,1.145,-34.798225797759
1.11502886981512,1.15,-34.7632519953009
1.11502886981512,1.155,-34.7284567304619
1.11502886981512,1.16,-34.6938386177372
1.11502886981512,1.165,-34.6593962902669
1.11502886981512,1.17,-34.6251283995245
1.11502886981512,1.175,-34.5910336150137
1.11502886981512,1.18,-34.55711062397
1.11502886981512,1.185,-34.5233581310703
1.11502886981512,1.19,-34.4897748581475
1.11502886981512,1.195,-34.4563595439117
1.11502886981512,1.2,-34.4231109436769
1.11502886981512,1.205,-34.3900278290943
1.11502886981512,1.21,-34.3571089878901
1.11502886981512,1.215,-34.3243532236094
1.11502886981512,1.22,-34.2917593553655
1.11502886981512,1.225,-34.2593262175939
1.11502886981512,1.23,-34.2270526598122
1.11502886981512,1.235,-34.194937546384
1.11502886981512,1.24,-34.162979756288
1.11502886981512,1.245,-34.1311781828924
1.11502886981512,1.25,-34.099531733733
1.11502886981512,1.255,-34.0680393302963
1.11502886981512,1.26,-34.0366999078068
1.11502886981512,1.265,-34.0055124150187
1.11502886981512,1.27,-33.9744758140118
1.11502886981512,1.275,-33.9435890799915
1.11502886981512,1.28,-33.9128512010924
1.11502886981512,1.285,-33.8822611781861
1.11502886981512,1.29,-33.8518180246932
1.11502886981512,1.295,-33.8215207663983
1.11502886981512,1.3,-33.7913684412689
1.11502886981512,1.305,-33.7613600992781
1.11502886981512,1.31,-33.7314948022304
1.11502886981512,1.315,-33.7017716235909
1.11502886981512,1.32,-33.6721896483183
1.11502886981512,1.325,-33.6427479727005
1.11502886981512,1.33,-33.6134457041937
1.11502886981512,1.335,-33.5842819612644
1.11502886981512,1.34,-33.5552558732349
1.11502886981512,1.345,-33.526366580131
1.11502886981512,1.35,-33.4976132325332
1.11502886981512,1.355,-33.4689949914305
1.11502886981512,1.36,-33.4405110280767
1.11502886981512,1.365,-33.4121605238501
1.11502886981512,1.37,-33.3839426701151
1.11502886981512,1.375,-33.3558566680869
1.11502886981512,1.38,-33.3279017286981
1.11502886981512,1.385,-33.3000770724687
1.11502886981512,1.39,-33.2723819293778
1.11502886981512,1.395,-33.2448155387377
1.11502886981512,1.4,-33.2173771490708
1.11502886981512,1.405,-33.1900660179883
1.11502886981512,1.41,-33.162881412071
1.11502886981512,1.415,-33.1358226067531
1.11502886981512,1.42,-33.1088888862072
1.11502886981512,1.425,-33.0820795432318
1.11502886981512,1.43,-33.0553938791409
1.11502886981512,1.435,-33.0288312036552
1.11502886981512,1.44,-33.0023908347959
1.11502886981512,1.445,-32.9760720987798
1.11502886981512,1.45,-32.9498743299165
1.11502886981512,1.455,-32.9237968705075
1.11502886981512,1.46,-32.8978390707471
1.11502886981512,1.465,-32.872000288625
1.11502886981512,1.47,-32.8462798898305
1.11502886981512,1.475,-32.8206772476584
1.11502886981512,1.48,-32.7951917429171
1.11502886981512,1.485,-32.7698227638373
1.11502886981512,1.49,-32.7445697059832
1.11502886981512,1.495,-32.719431972165
1.11502886981512,1.5,-32.6944089723526
1.11502886981512,1.505,-32.669500123591
1.11502886981512,1.51,-32.6447048499173
1.11502886981512,1.515,-32.6200225822792
1.11502886981512,1.52,-32.5954527584543
1.11502886981512,1.525,-32.5709948229714
1.11502886981512,1.53,-32.5466482270332
1.11502886981512,1.535,-32.5224124284396
1.11502886981512,1.54,-32.4982868915129
1.11502886981512,1.545,-32.4742710870245
1.11502886981512,1.55,-32.4503644921219
1.11502886981512,1.555,-32.4265665902579
1.11502886981512,1.56,-32.4028768711204
1.11502886981512,1.565,-32.3792948305636
1.11502886981512,1.57,-32.3558199705404
1.11502886981512,1.575,-32.3324517990356
1.11502886981512,1.58,-32.3091898300009
1.11502886981512,1.585,-32.2860335832898
1.11502886981512,1.59,-32.2629825845951
1.11502886981512,1.595,-32.2400363653859
1.11502886981512,1.6,-32.217194462847
1.11502886981512,1.605,-32.1944564198182
1.11502886981512,1.61,-32.1718217847352
1.11502886981512,1.615,-32.1492901115712
1.11502886981512,1.62,-32.1268609597796
1.11502886981512,1.625,-32.1045338942379
1.11502886981512,1.63,-32.0823084851916
1.11502886981512,1.635,-32.0601843081998
1.11502886981512,1.64,-32.0381609440817
1.11502886981512,1.645,-32.0162379788634
1.11502886981512,1.65,-31.994415003726
1.11502886981512,1.655,-31.9726916149543
1.11502886981512,1.66,-31.9510674138863
1.11502886981512,1.665,-31.9295420068638
1.11502886981512,1.67,-31.9081150051833
1.11502886981512,1.675,-31.8867860250483
1.11502886981512,1.68,-31.8655546875215
1.11502886981512,1.685,-31.8444206184783
1.11502886981512,1.69,-31.8233834485614
1.11502886981512,1.695,-31.802442813135
1.11502886981512,1.7,-31.7815983522406
1.11502886981512,1.705,-31.7608497105532
1.11502886981512,1.71,-31.7401965373383
1.11502886981512,1.715,-31.7196384864091
1.11502886981512,1.72,-31.6991752160849
1.11502886981512,1.725,-31.6788063891498
1.11502886981512,1.73,-31.6585316728123
1.11502886981512,1.735,-31.6383507386649
1.11502886981512,1.74,-31.6182632626453
1.11502886981512,1.745,-31.5982689249968
1.11502886981512,1.75,-31.578367410231
1.11502886981512,1.755,-31.5585584070894
1.11502886981512,1.76,-31.5388416085064
1.11502886981512,1.765,-31.5192167115729
1.11502886981512,1.77,-31.4996834175002
1.11502886981512,1.775,-31.4802414315843
1.11502886981512,1.78,-31.460890463171
1.11502886981512,1.785,-31.4416302256211
1.11502886981512,1.79,-31.4224604362767
1.11502886981512,1.795,-31.4033808164274
1.11502886981512,1.8,-31.384391091277
1.11502886981512,1.805,-31.3654909899113
1.11502886981512,1.81,-31.3466802452653
1.11502886981512,1.815,-31.3279585940921
1.11502886981512,1.82,-31.3093257769307
1.11502886981512,1.825,-31.290781538076
1.11502886981512,1.83,-31.2723256255475
1.11502886981512,1.835,-31.2539577910596
1.11502886981512,1.84,-31.2356777899918
1.11502886981512,1.845,-31.2174853813592
1.11502886981512,1.85,-31.1993803277838
1.11502886981512,1.855,-31.1813623954657
1.11502886981512,1.86,-31.163431354155
1.11502886981512,1.865,-31.1455869771236
1.11502886981512,1.87,-31.1278290411383
1.11502886981512,1.875,-31.110157326433
1.11502886981512,1.88,-31.0925716166821
1.11502886981512,1.885,-31.0750716989737
1.11502886981512,1.89,-31.057657363784
1.11502886981512,1.895,-31.0403284049506
1.11502886981512,1.9,-31.0230846196472
1.11502886981512,1.905,-31.0059258083584
1.11502886981512,1.91,-30.9888517748545
1.11502886981512,1.915,-30.9718623261668
1.11502886981512,1.92,-30.9549572725628
1.11502886981512,1.925,-30.9381364275226
1.11502886981512,1.93,-30.9213996077141
1.11502886981512,1.935,-30.90474663297
1.11502886981512,1.94,-30.8881773262637
1.11502886981512,1.945,-30.8716915136867
1.11502886981512,1.95,-30.855289024425
1.11502886981512,1.955,-30.8389696907364
1.11502886981512,1.96,-30.8227333479282
1.11502886981512,1.965,-30.8065798343347
1.11502886981512,1.97,-30.7905089912949
1.11502886981512,1.975,-30.7745206631306
1.11502886981512,1.98,-30.7586146971245
1.11502886981512,1.985,-30.742790943499
1.11502886981512,1.99,-30.7270492553944
1.11502886981512,1.995,-30.7113894888476
1.11502886981512,2,-30.6958115027715
1.11502886981512,2.005,-30.6803151589335
1.11502886981512,2.01,-30.6649003219351
1.11502886981512,2.015,-30.6495668591912
1.11502886981512,2.02,-30.6343146409095
1.11502886981512,2.025,-30.6191435400705
1.11502886981512,2.03,-30.6040534324068
1.11502886981512,2.035,-30.5890441963836
1.11502886981512,2.04,-30.574115713178
1.11502886981512,2.045,-30.5592678666599
1.11502886981512,2.05,-30.5445005433719
1.11502886981512,2.055,-30.5298136325095
1.11502886981512,2.06,-30.515207025902
1.11502886981512,2.065,-30.5006806179925
1.11502886981512,2.07,-30.4862343058191
1.11502886981512,2.075,-30.4718679889952
1.11502886981512,2.08,-30.4575815696904
1.11502886981512,2.085,-30.4433749526114
1.11502886981512,2.09,-30.429248044983
1.11502886981512,2.095,-30.4152007565287
1.11502886981512,2.1,-30.4012329994523
1.11502886981512,2.105,-30.3873446884183
1.11502886981512,2.11,-30.3735357405338
1.11502886981512,2.115,-30.3598060753288
1.11502886981512,2.12,-30.3461556147381
1.11502886981512,2.125,-30.332584283082
1.11502886981512,2.13,-30.3190920070478
1.11502886981512,2.135,-30.3056787156711
1.11502886981512,2.14,-30.2923443403165
1.11502886981512,2.145,-30.2790888146597
1.11502886981512,2.15,-30.2659120746679
1.11502886981512,2.155,-30.2528140585818
1.11502886981512,2.16,-30.2397947068961
1.11502886981512,2.165,-30.2268539623413
1.11502886981512,2.17,-30.2139917698645
1.11502886981512,2.175,-30.2012080766108
1.11502886981512,2.18,-30.1885028319044
1.11502886981512,2.185,-30.1758759872293
1.11502886981512,2.19,-30.1633274962109
1.11502886981512,2.195,-30.1508573145967
1.11502886981512,2.2,-30.1384654002372
1.11502886981512,2.205,-30.1261517130669
1.11502886981512,2.21,-30.113916215085
1.11502886981512,2.215,-30.1017588703362
1.11502886981512,2.22,-30.0896796448914
1.11502886981512,2.225,-30.0776785068282
1.11502886981512,2.23,-30.0657554262115
1.11502886981512,2.235,-30.0539103750737
1.11502886981512,2.24,-30.0421433273953
1.11502886981512,2.245,-30.0304542590848
1.11502886981512,2.25,-30.0188431479593
1.11502886981512,2.255,-30.0073099737237
1.11502886981512,2.26,-29.9958547179514
1.11502886981512,2.265,-29.9844773640635
1.11502886981512,2.27,-29.9731778973088
1.11502886981512,2.275,-29.9619563047427
1.11502886981512,2.28,-29.9508125752075
1.11502886981512,2.285,-29.9397466993106
1.11502886981512,2.29,-29.9287586694044
1.11502886981512,2.295,-29.9178484795647
1.11502886981512,2.3,-29.9070161255696
1.11502886981512,2.305,-29.8962616048781
1.11502886981512,2.31,-29.8855849166087
1.11502886981512,2.315,-29.8749860615174
1.11502886981512,2.32,-29.8644650419758
1.11502886981512,2.325,-29.8540218619492
1.11502886981512,2.33,-29.8436565269739
1.11502886981512,2.335,-29.8333690441355
1.11502886981512,2.34,-29.8231594220452
1.11502886981512,2.345,-29.8130276708176
1.11502886981512,2.35,-29.8029738020476
1.11502886981512,2.355,-29.7929978287866
1.11502886981512,2.36,-29.7830997655196
1.11502886981512,2.365,-29.7732796281409
1.11502886981512,2.37,-29.7635374339304
1.11502886981512,2.375,-29.7538732015297
1.11502886981512,2.38,-29.7442869509167
1.11502886981512,2.385,-29.7347787033822
1.11502886981512,2.39,-29.7253484815039
1.11502886981512,2.395,-29.7159963091217
1.11502886981512,2.4,-29.7067222113122
1.11502886981512,2.405,-29.697526214363
1.11502886981512,2.41,-29.6884083457467
1.11502886981512,2.415,-29.6793686340946
1.11502886981512,2.42,-29.6704071091702
1.11502886981512,2.425,-29.6615238018428
1.11502886981512,2.43,-29.6527187440597
1.11502886981512,2.435,-29.6439919688194
1.11502886981512,2.44,-29.6353435101437
1.11502886981512,2.445,-29.6267734030498
1.11502886981512,2.45,-29.618281683522
1.11502886981512,2.455,-29.6098683884832
1.11502886981512,2.46,-29.6015335557659
1.11502886981512,2.465,-29.5932772240831
1.11502886981512,2.47,-29.5850994329988
1.11502886981512,2.475,-29.577000222898
1.11502886981512,2.48,-29.5689796349567
1.11502886981512,2.485,-29.5610377111114
1.11502886981512,2.49,-29.5531744940279
1.11502886981512,2.495,-29.5453900270705
1.11502886981512,2.5,-29.5376843542706
1.11502886981512,2.505,-29.5300575202942
1.11502886981512,2.51,-29.5225095704102
1.11502886981512,2.515,-29.5150405504575
1.11502886981512,2.52,-29.5076505068124
1.11502886981512,2.525,-29.5003394863547
1.11502886981512,2.53,-29.4931075364346
1.11502886981512,2.535,-29.4859547048384
1.11502886981512,2.54,-29.4788810397537
1.11502886981512,2.545,-29.4718865897353
1.11502886981512,2.55,-29.4649714036693
1.11502886981512,2.555,-29.4581355307379
1.11502886981512,2.56,-29.4513790203833
1.11502886981512,2.565,-29.4447019222713
1.11502886981512,2.57,-29.4381042862547
1.11502886981512,2.575,-29.4315861623357
1.11502886981512,2.58,-29.4251476006287
1.11502886981512,2.585,-29.4187886513221
1.11502886981512,2.59,-29.4125093646402
1.11502886981512,2.595,-29.406309790804
1.11502886981512,2.6,-29.4001899799921
1.11502886981512,2.605,-29.3941499823013
1.11502886981512,2.61,-29.388189847706
1.11502886981512,2.615,-29.3823096260184
1.11502886981512,2.62,-29.376509366847
1.11502886981512,2.625,-29.3707891195557
1.11502886981512,2.63,-29.3651489332215
1.11502886981512,2.635,-29.3595888565929
1.11502886981512,2.64,-29.3541089380469
1.11502886981512,2.645,-29.348709225546
1.11502886981512,2.65,-29.3433897665948
1.11502886981512,2.655,-29.3381506081958
1.11502886981512,2.66,-29.3329917968054
1.11502886981512,2.665,-29.3279133782886
1.11502886981512,2.67,-29.3229153978743
1.11502886981512,2.675,-29.3179979001091
1.11502886981512,2.68,-29.3131609288113
1.11502886981512,2.685,-29.3084045270246
1.11502886981512,2.69,-29.3037287369705
1.11502886981512,2.695,-29.2991336000012
1.11502886981512,2.7,-29.2946191565518
1.11502886981512,2.705,-29.2901854460913
1.11502886981512,2.71,-29.2858325070744
1.11502886981512,2.715,-29.2815603768921
1.11502886981512,2.72,-29.2773690918215
1.11502886981512,2.725,-29.2732586869763
1.11502886981512,2.73,-29.2692291962559
1.11502886981512,2.735,-29.2652806522942
1.11502886981512,2.74,-29.2614130864081
1.11502886981512,2.745,-29.2576265285461
1.11502886981512,2.75,-29.253921007235
1.11502886981512,2.755,-29.2502965495281
1.11502886981512,2.76,-29.2467531809509
1.11502886981512,2.765,-29.2432909254481
1.11502886981512,2.77,-29.2399098053295
1.11502886981512,2.775,-29.2366098412149
1.11502886981512,2.78,-29.2333910519795
1.11502886981512,2.785,-29.2302534546983
1.11502886981512,2.79,-29.2271970645905
1.11502886981512,2.795,-29.2242218949628
1.11502886981512,2.8,-29.2213279571531
1.11502886981512,2.805,-29.2185152604732
1.11502886981512,2.81,-29.2157838121512
1.11502886981512,2.815,-29.2131336172738
1.11502886981512,2.82,-29.2105646787278
1.11502886981512,2.825,-29.2080769971411
1.11502886981512,2.83,-29.2056705708242
1.11502886981512,2.835,-29.2033453957102
1.11502886981512,2.84,-29.2011014652948
1.11502886981512,2.845,-29.1989387705762
1.11502886981512,2.85,-29.1968572999947
1.11502886981512,2.855,-29.1948570393708
1.11502886981512,2.86,-29.1929379718448
1.11502886981512,2.865,-29.1911000778141
1.11502886981512,2.87,-29.1893433348717
1.11502886981512,2.875,-29.1876677177434
1.11502886981512,2.88,-29.186073198225
1.11502886981512,2.885,-29.1845597451191
1.11502886981512,2.89,-29.1831273241719
1.11502886981512,2.895,-29.1817758980089
1.11502886981512,2.9,-29.1805054260709
1.11502886981512,2.905,-29.17931586455
1.11502886981512,2.91,-29.1782071663241
1.11502886981512,2.915,-29.1771792808925
1.11502886981512,2.92,-29.1762321543102
1.11502886981512,2.925,-29.1753657291225
1.11502886981512,2.93,-29.1745799442989
1.11502886981512,2.935,-29.1738747351674
1.11502886981512,2.94,-29.1732500333477
1.11502886981512,2.945,-29.1727057666846
1.11502886981512,2.95,-29.1722418591817
1.11502886981512,2.955,-29.1718582309337
1.11502886981512,2.96,-29.1715547980594
1.11502886981512,2.965,-29.1713314726343
1.11502886981512,2.97,-29.171188162623
1.11502886981512,2.975,-29.1711247718109
1.11502886981512,2.98,-29.1711411997371
1.11502886981512,2.985,-29.1712373416253
1.11502886981512,2.99,-29.171413088316
1.11502886981512,2.995,-29.1716683261983
1.11502886981512,3,-29.1720029371408
1.11502886981512,3.005,-29.1724167984234
1.11502886981512,3.01,-29.1729097826684
1.11502886981512,3.015,-29.1734817577717
1.11502886981512,3.02,-29.174132586834
1.11502886981512,3.025,-29.1748621280916
1.11502886981512,3.03,-29.175670234848
1.11502886981512,3.035,-29.1765567554043
1.11502886981512,3.04,-29.1775215329905
1.11502886981512,3.045,-29.1785644056964
1.11502886981512,3.05,-29.1796852064028
1.11502886981512,3.055,-29.1808837627125
1.11502886981512,3.06,-29.1821598968809
1.11502886981512,3.065,-29.183513425748
1.11502886981512,3.07,-29.1849441606691
1.11502886981512,3.075,-29.1864519074463
1.11502886981512,3.08,-29.1880364662597
1.11502886981512,3.085,-29.1896976315995
1.11502886981512,3.09,-29.1914351921972
1.11502886981512,3.095,-29.1932489309579
1.11502886981512,3.1,-29.1951386248918
1.11502886981512,3.105,-29.1971040450472
1.11502886981512,3.11,-29.1991449564424
1.11502886981512,3.115,-29.2012611179986
1.11502886981512,3.12,-29.2034522824728
1.11502886981512,3.125,-29.205718196391
1.11502886981512,3.13,-29.208058599982
1.11502886981512,3.135,-29.2104732271106
1.11502886981512,3.14,-29.2129618052122
1.11502886981512,3.145,-29.2155240552273
1.11502886981512,3.15,-29.2181596915358
1.11502886981512,3.155,-29.2208684218929
1.11502886981512,3.16,-29.2236499473642
1.11502886981512,3.165,-29.2265039622618
1.11502886981512,3.17,-29.2294301540812
1.11502886981512,3.175,-29.2324282034375
1.11502886981512,3.18,-29.2354977840033
1.11502886981512,3.185,-29.2386385624465
1.11502886981512,3.19,-29.2418501983688
1.11502886981512,3.195,-29.2451323442443
1.11502886981512,3.2,-29.2484846453596
1.11502886981512,3.205,-29.2519067397533
1.11502886981512,3.21,-29.2553982581572
1.11502886981512,3.215,-29.2589588239374
1.11502886981512,3.22,-29.2625880530364
1.11502886981512,3.225,-29.2662855539156
1.11502886981512,3.23,-29.2700509274989
1.11502886981512,3.235,-29.2738837671166
1.11502886981512,3.24,-29.2777836584501
1.11502886981512,3.245,-29.2817501794778
1.11502886981512,3.25,-29.2857829004212
1.11502886981512,3.255,-29.289881383692
1.11502886981512,3.26,-29.2940451838403
1.11502886981512,3.265,-29.2982738475034
1.11502886981512,3.27,-29.3025669133553
1.11502886981512,3.275,-29.3069239120574
1.11502886981512,3.28,-29.3113443662103
1.11502886981512,3.285,-29.3158277903058
1.11502886981512,3.29,-29.3203736906806
1.11502886981512,3.295,-29.324981565471
1.11502886981512,3.3,-29.3296509045676
1.11502886981512,3.305,-29.3343811895726
1.11502886981512,3.31,-29.3391718937568
1.11502886981512,3.315,-29.3440224820185
1.11502886981512,3.32,-29.3489324108432
1.11502886981512,3.325,-29.3539011282644
1.11502886981512,3.33,-29.3589280738257
1.11502886981512,3.335,-29.3640126785441
1.11502886981512,3.34,-29.3691543648743
1.11502886981512,3.345,-29.3743525466746
1.11502886981512,3.35,-29.3796066291736
1.11502886981512,3.355,-29.3849160089384
1.11502886981512,3.36,-29.3902800738444
1.11502886981512,3.365,-29.3956982030461
1.11502886981512,3.37,-29.4011697669488
1.11502886981512,3.375,-29.406694127183
1.11502886981512,3.38,-29.4122706365789
1.11502886981512,3.385,-29.4178986391428
1.11502886981512,3.39,-29.4235774700354
1.11502886981512,3.395,-29.4293064555508
1.11502886981512,3.4,-29.4350849130974
1.11502886981512,3.405,-29.4409121511808
1.11502886981512,3.41,-29.446787469387
1.11502886981512,3.415,-29.4527101583686
1.11502886981512,3.42,-29.4586794998316
1.11502886981512,3.425,-29.4646947665246
1.11502886981512,3.43,-29.4707552222287
1.11502886981512,3.435,-29.47686012175
1.11502886981512,3.44,-29.4830087109135
1.11502886981512,3.445,-29.4892002265583
1.11502886981512,3.45,-29.4954338965353
1.11502886981512,3.455,-29.5017089397064
1.11502886981512,3.46,-29.5080245659447
1.11502886981512,3.465,-29.5143799761383
1.11502886981512,3.47,-29.5207743621939
1.11502886981512,3.475,-29.527206907044
1.11502886981512,3.48,-29.533676784655
1.11502886981512,3.485,-29.5401831600374
1.11502886981512,3.49,-29.5467251892583
1.11502886981512,3.495,-29.5533020194556
1.11502886981512,3.5,-29.5599127888539
1.11502886981512,3.505,-29.5665566267835
1.11502886981512,3.51,-29.5732326537
1.11502886981512,3.515,-29.5799399812068
1.11502886981512,3.52,-29.58667771208
1.11502886981512,3.525,-29.5934449402947
1.11502886981512,3.53,-29.6002407510535
1.11502886981512,3.535,-29.6070642208179
1.11502886981512,3.54,-29.6139144173412
1.11502886981512,3.545,-29.6207903997036
1.11502886981512,3.55,-29.6276912183497
1.11502886981512,3.555,-29.6346159151289
1.11502886981512,3.56,-29.6415635233367
1.11502886981512,3.565,-29.6485330677593
1.11502886981512,3.57,-29.6555235647205
1.11502886981512,3.575,-29.6625340221305
1.11502886981512,3.58,-29.6695634395371
1.11502886981512,3.585,-29.67661080818
1.11502886981512,3.59,-29.6836751110461
1.11502886981512,3.595,-29.690755322929
1.11502886981512,3.6,-29.6978504104893
1.11502886981512,3.605,-29.7049593323183
1.11502886981512,3.61,-29.7120810390041
1.11502886981512,3.615,-29.7192144731997
1.11502886981512,3.62,-29.7263585696942
1.11502886981512,3.625,-29.7335122554863
1.11502886981512,3.63,-29.7406744498601
1.11502886981512,3.635,-29.7478440644637
1.11502886981512,3.64,-29.7550200033908
1.11502886981512,3.645,-29.7622011632637
1.11502886981512,3.65,-29.7693864333204
1.11502886981512,3.655,-29.7765746955032
1.11502886981512,3.66,-29.7837648245505
1.11502886981512,3.665,-29.790955688091
1.11502886981512,3.67,-29.7981461467406
1.11502886981512,3.675,-29.8053350542021
1.11502886981512,3.68,-29.8125212573676
1.11502886981512,3.685,-29.8197035964234
1.11502886981512,3.69,-29.8268809049577
1.11502886981512,3.695,-29.8340520100713
1.11502886981512,3.7,-29.8412157324905
1.11502886981512,3.705,-29.8483708866829
1.11502886981512,3.71,-29.8555162809764
1.11502886981512,3.715,-29.8626507176806
1.11502886981512,3.72,-29.8697729932107
1.11502886981512,3.725,-29.8768818982143
1.11502886981512,3.73,-29.8839762177017
1.11502886981512,3.735,-29.8910547311777
1.11502886981512,3.74,-29.8981162127772
1.11502886981512,3.745,-29.9051594314028
1.11502886981512,3.75,-29.9121831508663
1.11502886981512,3.755,-29.9191861300312
1.11502886981512,3.76,-29.9261671229598
1.11502886981512,3.765,-29.9331248790619
1.11502886981512,3.77,-29.9400581432467
1.11502886981512,3.775,-29.9469656560774
1.11502886981512,3.78,-29.9538461539281
1.11502886981512,3.785,-29.9606983691447
1.11502886981512,3.79,-29.9675210302066
1.11502886981512,3.795,-29.9743128618933
1.11502886981512,3.8,-29.9810725854515
1.11502886981512,3.805,-29.9877989187669
1.11502886981512,3.81,-29.9944905765373
1.11502886981512,3.815,-30.001146270449
1.11502886981512,3.82,-30.0077647093555
1.11502886981512,3.825,-30.0143445994593
1.11502886981512,3.83,-30.0208846444957
1.11502886981512,3.835,-30.0273835459197
1.11502886981512,3.84,-30.0338400030955
1.11502886981512,3.845,-30.0402527134878
1.11502886981512,3.85,-30.0466203728564
1.11502886981512,3.855,-30.0529416754531
1.11502886981512,3.86,-30.0592153142208
1.11502886981512,3.865,-30.0654399809954
1.11502886981512,3.87,-30.0716143667097
1.11502886981512,3.875,-30.0777371615997
1.11502886981512,3.88,-30.083807055414
1.11502886981512,3.885,-30.0898227376241
1.11502886981512,3.89,-30.0957828976381
1.11502886981512,3.895,-30.1016862250163
1.11502886981512,3.9,-30.1075314096887
1.11502886981512,3.905,-30.1133171421747
1.11502886981512,3.91,-30.1190421138052
1.11502886981512,3.915,-30.1247050169462
1.11502886981512,3.92,-30.1303045452249
1.11502886981512,3.925,-30.1358393937575
1.11502886981512,3.93,-30.1413082593785
1.11502886981512,3.935,-30.1467098408724
1.11502886981512,3.94,-30.1520428392069
1.11502886981512,3.945,-30.1573059577678
1.11502886981512,3.95,-30.1624979025952
1.11502886981512,3.955,-30.1676173826221
1.11502886981512,3.96,-30.1726631099135
1.11502886981512,3.965,-30.1776337999079
1.11502886981512,3.97,-30.1825281716589
1.11502886981512,3.975,-30.1873449480799
1.11502886981512,3.98,-30.1920828561882
1.11502886981512,3.985,-30.1967406273512
1.11502886981512,3.99,-30.2013169975336
1.11502886981512,3.995,-30.2058107075457
1.11502886981512,4,-30.2102205032919
1.11502886981512,4.005,-30.2145451360208
1.11502886981512,4.01,-30.2187833625757
1.11502886981512,4.015,-30.2229339456461
1.11502886981512,4.02,-30.2269956540188
1.11502886981512,4.025,-30.2309672628309
1.11502886981512,4.03,-30.234847553822
1.11502886981512,4.035,-30.2386353155872
1.11502886981512,4.04,-30.2423293438303
1.11502886981512,4.045,-30.2459284416171
1.11502886981512,4.05,-30.2494314196284
1.11502886981512,4.055,-30.2528370964135
1.11502886981512,4.06,-30.2561442986429
1.11502886981512,4.065,-30.2593518613609
1.11502886981512,4.07,-30.2624586282381
1.11502886981512,4.075,-30.265463451823
1.11502886981512,4.08,-30.2683651937932
1.11502886981512,4.085,-30.2711627252057
1.11502886981512,4.09,-30.2738549267467
1.11502886981512,4.095,-30.2764406889802
1.11502886981512,4.1,-30.2789189125955
1.11502886981512,4.105,-30.2812885086539
1.11502886981512,4.11,-30.2835483988335
1.11502886981512,4.115,-30.2856975156737
1.11502886981512,4.12,-30.2877348028168
1.11502886981512,4.125,-30.2896592152492
1.11502886981512,4.13,-30.2914697195402
1.11502886981512,4.135,-30.2931652940793
1.11502886981512,4.14,-30.2947449293112
1.11502886981512,4.145,-30.2962076279693
1.11502886981512,4.15,-30.2975524053063
1.11502886981512,4.155,-30.2987782893232
1.11502886981512,4.16,-30.2998843209952
1.11502886981512,4.165,-30.3008695544959
1.11502886981512,4.17,-30.3017330574181
1.11502886981512,4.175,-30.3024739109919
1.11502886981512,4.18,-30.3030912103008
1.11502886981512,4.185,-30.3035840644936
1.11502886981512,4.19,-30.3039515969942
1.11502886981512,4.195,-30.3041929457073
1.11502886981512,4.2,-30.3043072632218
1.11502886981512,4.205,-30.3042937170097
1.11502886981512,4.21,-30.3041514896224
1.11502886981512,4.215,-30.3038797788825
1.11502886981512,4.22,-30.3034777980725
1.11502886981512,4.225,-30.3029447761196
1.11502886981512,4.23,-30.3022799577758
1.11502886981512,4.235,-30.3014826037947
1.11502886981512,4.24,-30.300551991104
1.11502886981512,4.245,-30.2994874129736
1.11502886981512,4.25,-30.298288179179
1.11502886981512,4.255,-30.2969536161608
1.11502886981512,4.26,-30.2954830671795
1.11502886981512,4.265,-30.2938758924653
1.11502886981512,4.27,-30.2921314693636
1.11502886981512,4.275,-30.2902491924754
1.11502886981512,4.28,-30.2882284737927
1.11502886981512,4.285,-30.2860687428296
1.11502886981512,4.29,-30.2837694467472
1.11502886981512,4.295,-30.2813300504743
1.11502886981512,4.3,-30.2787500368224
1.11502886981512,4.305,-30.2760289065957
1.11502886981512,4.31,-30.2731661786953
1.11502886981512,4.315,-30.2701613902188
1.11502886981512,4.32,-30.2670140965531
1.11502886981512,4.325,-30.2637238714631
1.11502886981512,4.33,-30.260290307174
1.11502886981512,4.335,-30.2567130144478
1.11502886981512,4.34,-30.2529916226547
1.11502886981512,4.345,-30.2491257798384
1.11502886981512,4.35,-30.2451151527755
1.11502886981512,4.355,-30.2409594270297
1.11502886981512,4.36,-30.2366583069991
1.11502886981512,4.365,-30.2322115159588
1.11502886981512,4.37,-30.2276187960967
1.11502886981512,4.375,-30.2228799085438
1.11502886981512,4.38,-30.2179946333984
1.11502886981512,4.385,-30.2129627697446
1.11502886981512,4.39,-30.2077841356644
1.11502886981512,4.395,-30.2024585682441
1.11502886981512,4.4,-30.1969859235747
1.11502886981512,4.405,-30.1913660767463
1.11502886981512,4.41,-30.1855989218365
1.11502886981512,4.415,-30.1796843718927
1.11502886981512,4.42,-30.1736223589089
1.11502886981512,4.425,-30.167412833796
1.11502886981512,4.43,-30.1610557663466
1.11502886981512,4.435,-30.1545511451935
1.11502886981512,4.44,-30.147898977763
1.11502886981512,4.445,-30.1410992902216
1.11502886981512,4.45,-30.1341521274173
1.11502886981512,4.455,-30.1270575528153
1.11502886981512,4.46,-30.1198156484275
1.11502886981512,4.465,-30.1124265147369
1.11502886981512,4.47,-30.104890270616
1.11502886981512,4.475,-30.0972070532396
1.11502886981512,4.48,-30.0893770179925
1.11502886981512,4.485,-30.0814003383713
1.11502886981512,4.49,-30.0732772058811
1.11502886981512,4.495,-30.0650078299268
1.11502886981512,4.5,-30.056592437699
1.11502886981512,4.505,-30.0480312740551
1.11502886981512,4.51,-30.0393246013952
1.11502886981512,4.515,-30.0304726995325
1.11502886981512,4.52,-30.0214758655596
1.11502886981512,4.525,-30.0123344137092
1.11502886981512,4.53,-30.0030486752105
1.11502886981512,4.535,-29.9936189981407
1.11502886981512,4.54,-29.9840457472725
1.11502886981512,4.545,-29.974329303916
1.11502886981512,4.55,-29.9644700657572
1.11502886981512,4.555,-29.9544684466921
1.11502886981512,4.56,-29.9443248766562
1.11502886981512,4.565,-29.9340398014503
1.11502886981512,4.57,-29.9236136825621
1.11502886981512,4.575,-29.9130469969842
1.11502886981512,4.58,-29.9023402370282
1.11502886981512,4.585,-29.8914939101353
1.11502886981512,4.59,-29.880508538683
1.11502886981512,4.595,-29.869384659789
1.11502886981512,4.6,-29.8581228251114
1.11502886981512,4.605,-29.8467236006457
1.11502886981512,4.61,-29.8351875665192
1.11502886981512,4.615,-29.8235153167816
1.11502886981512,4.62,-29.8117074591941
1.11502886981512,4.625,-29.7997646150145
1.11502886981512,4.63,-29.7876874187803
1.11502886981512,4.635,-29.7754765180896
1.11502886981512,4.64,-29.7631325733794
1.11502886981512,4.645,-29.7506562577013
1.11502886981512,4.65,-29.7380482564961
1.11502886981512,4.655,-29.7253092673655
1.11502886981512,4.66,-29.7124399998423
1.11502886981512,4.665,-29.6994411751592
1.11502886981512,4.67,-29.6863135260153
1.11502886981512,4.675,-29.673057796342
1.11502886981512,4.68,-29.6596747410669
1.11502886981512,4.685,-29.6461651258767
1.11502886981512,4.69,-29.6325297269786
1.11502886981512,4.695,-29.6187693308618
1.11502886981512,4.7,-29.6048847340568
1.11502886981512,4.705,-29.5908767428947
1.11502886981512,4.71,-29.5767461732658
1.11502886981512,4.715,-29.5624938503774
1.11502886981512,4.72,-29.5481206085116
1.11502886981512,4.725,-29.5336272907822
1.11502886981512,4.73,-29.5190147488923
1.11502886981512,4.735,-29.5042838428906
1.11502886981512,4.74,-29.4894354409293
1.11502886981512,4.745,-29.4744704190204
1.11502886981512,4.75,-29.4593896607937
1.11502886981512,4.755,-29.4441940572543
1.11502886981512,4.76,-29.4288845065408
1.11502886981512,4.765,-29.4134619136842
1.11502886981512,4.77,-29.3979271903673
1.11502886981512,4.775,-29.3822812546847
1.11502886981512,4.78,-29.3665250309036
1.11502886981512,4.785,-29.3506594492264
1.11502886981512,4.79,-29.3346854455528
1.11502886981512,4.795,-29.3186039612445
1.11502886981512,4.8,-29.3024159428899
1.11502886981512,4.805,-29.2861223420711
1.11502886981512,4.81,-29.2697241151314
1.11502886981512,4.815,-29.2532222229448
1.11502886981512,4.82,-29.2366176306869
1.11502886981512,4.825,-29.2199113076069
1.11502886981512,4.83,-29.2031042268023
1.11502886981512,4.835,-29.1861973649943
1.11502886981512,4.84,-29.1691917023055
1.11502886981512,4.845,-29.1520882220397
1.11502886981512,4.85,-29.134887910463
1.11502886981512,4.855,-29.1175917565872
1.11502886981512,4.86,-29.1002007519556
1.11502886981512,4.865,-29.0827158904306
1.11502886981512,4.87,-29.0651381679832
1.11502886981512,4.875,-29.0474685824852
1.11502886981512,4.88,-29.0297081335035
1.11502886981512,4.885,-29.0118578220966
1.11502886981512,4.89,-28.9939186506137
1.11502886981512,4.895,-28.9758916224961
1.11502886981512,4.9,-28.9577777420808
1.11502886981512,4.905,-28.9395780144071
1.11502886981512,4.91,-28.9212934450254
1.11502886981512,4.915,-28.9029250398083
1.11502886981512,4.92,-28.8844738047653
1.11502886981512,4.925,-28.8659407458587
1.11502886981512,4.93,-28.8473268688236
1.11502886981512,4.935,-28.8286331789892
1.11502886981512,4.94,-28.8098606811042
1.11502886981512,4.945,-28.7910103791635
1.11502886981512,4.95,-28.772083276239
1.11502886981512,4.955,-28.7530803743123
1.11502886981512,4.96,-28.7340026741103
1.11502886981512,4.965,-28.7148511749441
1.11502886981512,4.97,-28.6956268745499
1.11502886981512,4.975,-28.6763307689336
1.11502886981512,4.98,-28.6569638522174
1.11502886981512,4.985,-28.6375271164901
1.11502886981512,4.99,-28.6180215516595
1.11502886981512,4.995,-28.5984481453079
1.11502886981512,5,-28.5788078825509
1.11502886981512,5.005,-28.5591017458983
1.11502886981512,5.01,-28.5393307151182
1.11502886981512,5.015,-28.5194957671043
1.11502886981512,5.02,-28.4995978757455
1.11502886981512,5.025,-28.4796380117986
1.11502886981512,5.03,-28.459617142764
1.11502886981512,5.035,-28.4395362327637
1.11502886981512,5.04,-28.4193962424228
1.11502886981512,5.045,-28.3991981287533
1.11502886981512,5.05,-28.378942845041
1.11502886981512,5.055,-28.3586313407352
1.11502886981512,5.06,-28.3382645613405
1.11502886981512,5.065,-28.3178434483128
1.11502886981512,5.07,-28.2973689389562
1.11502886981512,5.075,-28.2768419663246
1.11502886981512,5.08,-28.256263459124
1.11502886981512,5.085,-28.2356343416195
1.11502886981512,5.09,-28.2149555335429
1.11502886981512,5.095,-28.194227950005
1.11502886981512,5.1,-28.1734525014091
1.11502886981512,5.105,-28.1526300933674
1.11502886981512,5.11,-28.1317616266206
1.11502886981512,5.115,-28.1108479969593
1.11502886981512,5.12,-28.0898900951482
1.11502886981512,5.125,-28.0688888068532
1.11502886981512,5.13,-28.0478450125704
1.11502886981512,5.135,-28.0267595875577
1.11502886981512,5.14,-28.0056334017692
1.11502886981512,5.145,-27.9844673197919
1.11502886981512,5.15,-27.9632622007841
1.11502886981512,5.155,-27.9420188984171
1.11502886981512,5.16,-27.9207382608186
1.11502886981512,5.165,-27.899421130519
1.11502886981512,5.17,-27.8780683443989
1.11502886981512,5.175,-27.8566807336402
1.11502886981512,5.18,-27.8352591236781
1.11502886981512,5.185,-27.8138043341564
1.11502886981512,5.19,-27.792317178884
1.11502886981512,5.195,-27.7707984657944
1.11502886981512,5.2,-27.7492489969063
1.11502886981512,5.205,-27.7276695682871
1.11502886981512,5.21,-27.7060609700181
1.11502886981512,5.215,-27.6844239861616
1.11502886981512,5.22,-27.6627593947298
1.11502886981512,5.225,-27.6410679676565
1.11502886981512,5.23,-27.6193504707694
1.11502886981512,5.235,-27.5976076637653
1.11502886981512,5.24,-27.5758403001865
1.11502886981512,5.245,-27.5540491273994
1.11502886981512,5.25,-27.5322348865749
1.11502886981512,5.255,-27.51039831267
1.11502886981512,5.26,-27.4885401344115
1.11502886981512,5.265,-27.4666610742817
1.11502886981512,5.27,-27.4447618485047
1.11502886981512,5.275,-27.4228431670359
1.11502886981512,5.28,-27.400905733551
1.11502886981512,5.285,-27.3789502454389
1.11502886981512,5.29,-27.3569773937939
1.11502886981512,5.295,-27.3349878634111
1.11502886981512,5.3,-27.3129823327823
1.11502886981512,5.305,-27.2909614740935
1.11502886981512,5.31,-27.2689259532238
1.11502886981512,5.315,-27.2468764297463
1.11502886981512,5.32,-27.2248135569289
1.11502886981512,5.325,-27.2027379817382
1.11502886981512,5.33,-27.1806503448429
1.11502886981512,5.335,-27.15855128062
1.11502886981512,5.34,-27.136441417161
1.11502886981512,5.345,-27.1143213762802
1.11502886981512,5.35,-27.0921917735234
1.11502886981512,5.355,-27.0700532181784
1.11502886981512,5.36,-27.0479063132863
1.11502886981512,5.365,-27.0257516556534
1.11502886981512,5.37,-27.0035898358654
1.11502886981512,5.375,-26.9814214383013
1.11502886981512,5.38,-26.9592470411488
1.11502886981512,5.385,-26.9370672164212
1.11502886981512,5.39,-26.9148825299745
1.11502886981512,5.395,-26.8926935415253
1.11502886981512,5.4,-26.8705008046708
1.11502886981512,5.405,-26.8483048669082
1.11502886981512,5.41,-26.8261062696556
1.11502886981512,5.415,-26.8039055482741
1.11502886981512,5.42,-26.7817032320901
1.11502886981512,5.425,-26.7594998444185
1.11502886981512,5.43,-26.7372959025868
1.11502886981512,5.435,-26.7150919179599
1.11502886981512,5.44,-26.6928883959654
1.11502886981512,5.445,-26.67068583612
1.11502886981512,5.45,-26.6484847320559
1.11502886981512,5.455,-26.6262855715488
1.11502886981512,5.46,-26.6040888365453
1.11502886981512,5.465,-26.581895003192
1.11502886981512,5.47,-26.5597045418646
1.11502886981512,5.475,-26.5375179171975
1.11502886981512,5.48,-26.5153355881144
1.11502886981512,5.485,-26.4931580078591
1.11502886981512,5.49,-26.4709856240262
1.11502886981512,5.495,-26.448818878594
1.11502886981512,5.5,-26.4266582079558
1.11502886981512,5.505,-26.4045040429529
1.11502886981512,5.51,-26.3823568089079
1.11502886981512,5.515,-26.3602169256579
1.11502886981512,5.52,-26.3380848075888
1.11502886981512,5.525,-26.3159608636692
1.11502886981512,5.53,-26.2938454974851
1.11502886981512,5.535,-26.271739107275
1.11502886981512,5.54,-26.2496420859654
1.11502886981512,5.545,-26.2275548212056
1.11502886981512,5.55,-26.2054776954046
1.11502886981512,5.555,-26.1834110857665
1.11502886981512,5.56,-26.1613553643272
1.11502886981512,5.565,-26.1393108979913
1.11502886981512,5.57,-26.1172780485684
1.11502886981512,5.575,-26.0952571728109
1.11502886981512,5.58,-26.0732486224507
1.11502886981512,5.585,-26.0512527442374
1.11502886981512,5.59,-26.0292698799753
1.11502886981512,5.595,-26.0073003665615
1.11502886981512,5.6,-25.9853445360243
1.11502886981512,5.605,-25.9634027155609
1.11502886981512,5.61,-25.9414752275756
1.11502886981512,5.615,-25.9195623897187
1.11502886981512,5.62,-25.8976645149247
1.11502886981512,5.625,-25.8757819114507
1.11502886981512,5.63,-25.8539148829156
1.11502886981512,5.635,-25.8320637283383
1.11502886981512,5.64,-25.8102287421772
1.11502886981512,5.645,-25.7884102143683
1.11502886981512,5.65,-25.7666084303648
1.11502886981512,5.655,-25.7448236711755
1.11502886981512,5.66,-25.7230562134044
1.11502886981512,5.665,-25.7013063292892
1.11502886981512,5.67,-25.6795742867403
1.11502886981512,5.675,-25.6578603493804
1.11502886981512,5.68,-25.6361647765829
1.11502886981512,5.685,-25.6144878235108
1.11502886981512,5.69,-25.5928297411565
1.11502886981512,5.695,-25.5711907763797
1.11502886981512,5.7,-25.5495711719469
1.11502886981512,5.705,-25.5279711665701
1.11502886981512,5.71,-25.5063909949456
1.11502886981512,5.715,-25.4848308877927
1.11502886981512,5.72,-25.4632910718922
1.11502886981512,5.725,-25.4417717701253
1.11502886981512,5.73,-25.4202732015117
1.11502886981512,5.735,-25.3987955812484
1.11502886981512,5.74,-25.3773391207479
1.11502886981512,5.745,-25.3559040276761
1.11502886981512,5.75,-25.3344905059908
1.11502886981512,5.755,-25.3130987559797
1.11502886981512,5.76,-25.2917289742979
1.11502886981512,5.765,-25.270381354006
1.11502886981512,5.77,-25.2490560846079
1.11502886981512,5.775,-25.2277533520876
1.11502886981512,5.78,-25.2064733389475
1.11502886981512,5.785,-25.1852162242448
1.11502886981512,5.79,-25.1639821836294
1.11502886981512,5.795,-25.1427713893799
1.11502886981512,5.8,-25.1215840104414
1.11502886981512,5.805,-25.1004202124613
1.11502886981512,5.81,-25.0792801578262
1.11502886981512,5.815,-25.0581640056983
1.11502886981512,5.82,-25.0370719120513
1.11502886981512,5.825,-25.0160040297064
1.11502886981512,5.83,-24.9949605083683
1.11502886981512,5.835,-24.9739414946605
1.11502886981512,5.84,-24.9529471321613
1.11502886981512,5.845,-24.9319775614385
1.11502886981512,5.85,-24.9110329200847
1.11502886981512,5.855,-24.8901133427524
1.11502886981512,5.86,-24.8692189611885
1.11502886981512,5.865,-24.8483499042688
1.11502886981512,5.87,-24.8275062980323
1.11502886981512,5.875,-24.8066882657156
1.11502886981512,5.88,-24.7858959277867
1.11502886981512,5.885,-24.7651294019784
1.11502886981512,5.89,-24.7443888033223
1.11502886981512,5.895,-24.723674244182
1.11502886981512,5.9,-24.7029858342861
1.11502886981512,5.905,-24.6823236807611
1.11502886981512,5.91,-24.6616878881643
1.11502886981512,5.915,-24.6410785585162
1.11502886981512,5.92,-24.6204957913327
1.11502886981512,5.925,-24.5999396836573
1.11502886981512,5.93,-24.579410330093
1.11502886981512,5.935,-24.5589078228335
1.11502886981512,5.94,-24.5384322516955
1.11502886981512,5.945,-24.5179837041491
1.11502886981512,5.95,-24.4975622653492
1.11502886981512,5.955,-24.4771680181661
1.11502886981512,5.96,-24.4568010432163
1.11502886981512,5.965,-24.4364614188925
1.11502886981512,5.97,-24.4161492213942
1.11502886981512,5.975,-24.3958645247571
1.11502886981512,5.98,-24.375607400883
1.11502886981512,5.985,-24.3553779195695
1.11502886981512,5.99,-24.3351761485388
1.11502886981512,5.995,-24.315002153467
1.11502886981512,6,-24.2948559980129
1.1282423927363,0.5,-43.4235767807217
1.1282423927363,0.505,-43.3363606363101
1.1282423927363,0.51,-43.2500161378078
1.1282423927363,0.515,-43.1645263290369
1.1282423927363,0.52,-43.0798747392523
1.1282423927363,0.525,-42.9960453649323
1.1282423927363,0.53,-42.9130226524141
1.1282423927363,0.535,-42.8307914813275
1.1282423927363,0.54,-42.749337148783
1.1282423927363,0.545,-42.6686453542728
1.1282423927363,0.55,-42.5887021852474
1.1282423927363,0.555,-42.5094941033297
1.1282423927363,0.56,-42.4310079311355
1.1282423927363,0.565,-42.3532308396665
1.1282423927363,0.57,-42.2761503362472
1.1282423927363,0.575,-42.1997542529774
1.1282423927363,0.58,-42.1240307356737
1.1282423927363,0.585,-42.0489682332763
1.1282423927363,0.59,-41.9745554876968
1.1282423927363,0.595,-41.9007815240854
1.1282423927363,0.6,-41.827635641497
1.1282423927363,0.605,-41.7551074039366
1.1282423927363,0.61,-41.6831866317662
1.1282423927363,0.615,-41.6118633934547
1.1282423927363,0.62,-41.5411279976555
1.1282423927363,0.625,-41.4709709855957
1.1282423927363,0.63,-41.4013831237635
1.1282423927363,0.635,-41.3323553968777
1.1282423927363,0.64,-41.2638790011289
1.1282423927363,0.645,-41.1959453376778
1.1282423927363,0.65,-41.1285460064005
1.1282423927363,0.655,-41.0616727998689
1.1282423927363,0.66,-40.9953176975554
1.1282423927363,0.665,-40.9294728602533
1.1282423927363,0.67,-40.8641306247018
1.1282423927363,0.675,-40.7992834984074
1.1282423927363,0.68,-40.7349241546535
1.1282423927363,0.685,-40.67104542769
1.1282423927363,0.69,-40.6076403080937
1.1282423927363,0.695,-40.5447019382955
1.1282423927363,0.7,-40.4822236082632
1.1282423927363,0.705,-40.4201987513375
1.1282423927363,0.71,-40.3586209402118
1.1282423927363,0.715,-40.2974838830511
1.1282423927363,0.72,-40.2367814197445
1.1282423927363,0.725,-40.1765075182853
1.1282423927363,0.73,-40.116656271274
1.1282423927363,0.735,-40.0572218925385
1.1282423927363,0.74,-39.9981987138684
1.1282423927363,0.745,-39.9395811818565
1.1282423927363,0.75,-39.8813638548454
1.1282423927363,0.755,-39.8235413999748
1.1282423927363,0.76,-39.7661085903236
1.1282423927363,0.765,-39.7090603021461
1.1282423927363,0.77,-39.6523915121963
1.1282423927363,0.775,-39.5960972951384
1.1282423927363,0.78,-39.5401728210389
1.1282423927363,0.785,-39.4846133529393
1.1282423927363,0.79,-39.4294142445034
1.1282423927363,0.795,-39.3745709377398
1.1282423927363,0.8,-39.3200789607936
1.1282423927363,0.805,-39.2659339258075
1.1282423927363,0.81,-39.2121315268479
1.1282423927363,0.815,-39.158667537894
1.1282423927363,0.82,-39.1055378108889
1.1282423927363,0.825,-39.0527382738484
1.1282423927363,0.83,-39.000264929027
1.1282423927363,0.835,-38.9481138511386
1.1282423927363,0.84,-38.8962811856301
1.1282423927363,0.845,-38.844763147005
1.1282423927363,0.85,-38.7935560171975
1.1282423927363,0.855,-38.7426561439928
1.1282423927363,0.86,-38.6920599394939
1.1282423927363,0.865,-38.6417638786321
1.1282423927363,0.87,-38.5917644977207
1.1282423927363,0.875,-38.5420583930497
1.1282423927363,0.88,-38.4926422195199
1.1282423927363,0.885,-38.4435126893167
1.1282423927363,0.89,-38.3946665706195
1.1282423927363,0.895,-38.3461006863488
1.1282423927363,0.9,-38.2978119129466
1.1282423927363,0.905,-38.2497971791913
1.1282423927363,0.91,-38.2020534650454
1.1282423927363,0.915,-38.1545778005334
1.1282423927363,0.92,-38.107367264652
1.1282423927363,0.925,-38.0604189843079
1.1282423927363,0.93,-38.0137301332858
1.1282423927363,0.935,-37.967297931243
1.1282423927363,0.94,-37.9211196427309
1.1282423927363,0.945,-37.8751925762432
1.1282423927363,0.95,-37.8295140832877
1.1282423927363,0.955,-37.7840815574844
1.1282423927363,0.96,-37.7388924336851
1.1282423927363,0.965,-37.6939441871175
1.1282423927363,0.97,-37.6492343325504
1.1282423927363,0.975,-37.6047604234809
1.1282423927363,0.98,-37.5605200513423
1.1282423927363,0.985,-37.516510844732
1.1282423927363,0.99,-37.4727304686589
1.1282423927363,0.995,-37.4291766238104
1.1282423927363,1,-37.3858470458369
1.1282423927363,1.005,-37.3427395046549
1.1282423927363,1.01,-37.2998518037673
1.1282423927363,1.015,-37.2571817795999
1.1282423927363,1.02,-37.2147273008555
1.1282423927363,1.025,-37.1724862678822
1.1282423927363,1.03,-37.1304566120589
1.1282423927363,1.035,-37.088636295194
1.1282423927363,1.04,-37.0470233089401
1.1282423927363,1.045,-37.005615674222
1.1282423927363,1.05,-36.9644114406784
1.1282423927363,1.055,-36.9234086861174
1.1282423927363,1.06,-36.8826055159844
1.1282423927363,1.065,-36.8420000628431
1.1282423927363,1.07,-36.8015904858681
1.1282423927363,1.075,-36.7613749703502
1.1282423927363,1.08,-36.7213517272124
1.1282423927363,1.085,-36.6815189925376
1.1282423927363,1.09,-36.6418750271076
1.1282423927363,1.095,-36.6024181159518
1.1282423927363,1.1,-36.563146567907
1.1282423927363,1.105,-36.524058715187
1.1282423927363,1.11,-36.4851529129621
1.1282423927363,1.115,-36.4464275389477
1.1282423927363,1.12,-36.4078809930031
1.1282423927363,1.125,-36.3695116967383
1.1282423927363,1.13,-36.3313180931299
1.1282423927363,1.135,-36.2932986461464
1.1282423927363,1.14,-36.2554518403804
1.1282423927363,1.145,-36.2177761806901
1.1282423927363,1.15,-36.1802701918481
1.1282423927363,1.155,-36.142932418198
1.1282423927363,1.16,-36.1057614233187
1.1282423927363,1.165,-36.0687557896958
1.1282423927363,1.17,-36.0319141184001
1.1282423927363,1.175,-35.9952350287734
1.1282423927363,1.18,-35.9587171581204
1.1282423927363,1.185,-35.9223591614079
1.1282423927363,1.19,-35.8861597109703
1.1282423927363,1.195,-35.8501174962205
1.1282423927363,1.2,-35.8142312233684
1.1282423927363,1.205,-35.7784996151441
1.1282423927363,1.21,-35.7429214105274
1.1282423927363,1.215,-35.7074953644833
1.1282423927363,1.22,-35.6722202477021
1.1282423927363,1.225,-35.6370948463462
1.1282423927363,1.23,-35.6021179618007
1.1282423927363,1.235,-35.5672884104305
1.1282423927363,1.24,-35.5326050233416
1.1282423927363,1.245,-35.4980666461473
1.1282423927363,1.25,-35.4636721387397
1.1282423927363,1.255,-35.4294203750654
1.1282423927363,1.26,-35.3953102429057
1.1282423927363,1.265,-35.361340643662
1.1282423927363,1.27,-35.3275104921444
1.1282423927363,1.275,-35.2938187163655
1.1282423927363,1.28,-35.2602642573378
1.1282423927363,1.285,-35.2268460688754
1.1282423927363,1.29,-35.1935631173998
1.1282423927363,1.295,-35.1604143817488
1.1282423927363,1.3,-35.1273988529903
1.1282423927363,1.305,-35.094515534239
1.1282423927363,1.31,-35.0617634404767
1.1282423927363,1.315,-35.0291415983767
1.1282423927363,1.32,-34.9966490461312
1.1282423927363,1.325,-34.9642848332818
1.1282423927363,1.33,-34.9320480205544
1.1282423927363,1.335,-34.8999376796958
1.1282423927363,1.34,-34.8679528933147
1.1282423927363,1.345,-34.836092754725
1.1282423927363,1.35,-34.804356367793
1.1282423927363,1.355,-34.7727428467861
1.1282423927363,1.36,-34.741251316226
1.1282423927363,1.365,-34.7098809107437
1.1282423927363,1.37,-34.6786307749373
1.1282423927363,1.375,-34.6475000632333
1.1282423927363,1.38,-34.6164879397494
1.1282423927363,1.385,-34.5855935781609
1.1282423927363,1.39,-34.5548161615689
1.1282423927363,1.395,-34.5241548823716
1.1282423927363,1.4,-34.4936089421374
1.1282423927363,1.405,-34.4631775514809
1.1282423927363,1.41,-34.4328599299411
1.1282423927363,1.415,-34.4026553058615
1.1282423927363,1.42,-34.3725629162729
1.1282423927363,1.425,-34.3425820067785
1.1282423927363,1.43,-34.3127118314404
1.1282423927363,1.435,-34.2829516526691
1.1282423927363,1.44,-34.2533007411142
1.1282423927363,1.445,-34.223758375558
1.1282423927363,1.45,-34.1943238428104
1.1282423927363,1.455,-34.164996437606
1.1282423927363,1.46,-34.135775462503
1.1282423927363,1.465,-34.1066602277842
1.1282423927363,1.47,-34.0776500513595
1.1282423927363,1.475,-34.0487442586704
1.1282423927363,1.48,-34.0199421825964
1.1282423927363,1.485,-33.9912431633625
1.1282423927363,1.49,-33.9626465484492
1.1282423927363,1.495,-33.9341516925038
1.1282423927363,1.5,-33.9057579572527
1.1282423927363,1.505,-33.8774647114168
1.1282423927363,1.51,-33.8492713306269
1.1282423927363,1.515,-33.8211771973415
1.1282423927363,1.52,-33.793181700766
1.1282423927363,1.525,-33.7652842367732
1.1282423927363,1.53,-33.7374842078253
1.1282423927363,1.535,-33.7097810228973
1.1282423927363,1.54,-33.6821740974022
1.1282423927363,1.545,-33.654662853117
1.1282423927363,1.55,-33.62724671811
1.1282423927363,1.555,-33.5999251266705
1.1282423927363,1.56,-33.5726975192382
1.1282423927363,1.565,-33.5455633423352
1.1282423927363,1.57,-33.5185220484986
1.1282423927363,1.575,-33.4915730962147
1.1282423927363,1.58,-33.4647159498537
1.1282423927363,1.585,-33.4379500796068
1.1282423927363,1.59,-33.4112749614232
1.1282423927363,1.595,-33.3846900769492
1.1282423927363,1.6,-33.3581949134677
1.1282423927363,1.605,-33.3317889638398
1.1282423927363,1.61,-33.3054717264461
1.1282423927363,1.615,-33.2792427051306
1.1282423927363,1.62,-33.2531014091443
1.1282423927363,1.625,-33.2270473530909
1.1282423927363,1.63,-33.2010800568729
1.1282423927363,1.635,-33.175199045639
1.1282423927363,1.64,-33.1494038497322
1.1282423927363,1.645,-33.1236940046393
1.1282423927363,1.65,-33.0980690509409
1.1282423927363,1.655,-33.072528534263
1.1282423927363,1.66,-33.0470720052287
1.1282423927363,1.665,-33.0216990194112
1.1282423927363,1.67,-32.9964091372882
1.1282423927363,1.675,-32.9712019241963
1.1282423927363,1.68,-32.9460769502869
1.1282423927363,1.685,-32.9210337904828
1.1282423927363,1.69,-32.8960720244354
1.1282423927363,1.695,-32.8711912364832
1.1282423927363,1.7,-32.8463910156111
1.1282423927363,1.705,-32.8216709554095
1.1282423927363,1.71,-32.7970306540359
1.1282423927363,1.715,-32.772469714176
1.1282423927363,1.72,-32.7479877430059
1.1282423927363,1.725,-32.7235843521553
1.1282423927363,1.73,-32.6992591576713
1.1282423927363,1.735,-32.675011779983
1.1282423927363,1.74,-32.6508418438665
1.1282423927363,1.745,-32.6267489784113
1.1282423927363,1.75,-32.6027328169869
1.1282423927363,1.755,-32.5787929972102
1.1282423927363,1.76,-32.5549291609136
1.1282423927363,1.765,-32.5311409541139
1.1282423927363,1.77,-32.5074280269819
1.1282423927363,1.775,-32.4837900338125
1.1282423927363,1.78,-32.4602266329953
1.1282423927363,1.785,-32.4367374869867
1.1282423927363,1.79,-32.4133222622814
1.1282423927363,1.795,-32.3899806293856
1.1282423927363,1.8,-32.3667122627903
1.1282423927363,1.805,-32.343516840945
1.1282423927363,1.81,-32.3203940462331
1.1282423927363,1.815,-32.2973435649464
1.1282423927363,1.82,-32.2743650872613
1.1282423927363,1.825,-32.2514583072151
1.1282423927363,1.83,-32.2286229226832
1.1282423927363,1.835,-32.2058586353565
1.1282423927363,1.84,-32.1831651507196
1.1282423927363,1.845,-32.1605421780298
1.1282423927363,1.85,-32.1379894302959
1.1282423927363,1.855,-32.1155066242582
1.1282423927363,1.86,-32.0930934803693
1.1282423927363,1.865,-32.0707497227743
1.1282423927363,1.87,-32.0484750792926
1.1282423927363,1.875,-32.0262692813999
1.1282423927363,1.88,-32.0041320642106
1.1282423927363,1.885,-31.9820631664607
1.1282423927363,1.89,-31.9600623304914
1.1282423927363,1.895,-31.9381293022328
1.1282423927363,1.9,-31.9162638311888
1.1282423927363,1.905,-31.8944656704216
1.1282423927363,1.91,-31.8727345765377
1.1282423927363,1.915,-31.8510703096729
1.1282423927363,1.92,-31.8294726334796
1.1282423927363,1.925,-31.8079413151131
1.1282423927363,1.93,-31.786476125219
1.1282423927363,1.935,-31.765076837921
1.1282423927363,1.94,-31.7437432308088
1.1282423927363,1.945,-31.722475084927
1.1282423927363,1.95,-31.7012721847641
1.1282423927363,1.955,-31.6801343182417
1.1282423927363,1.96,-31.6590612767049
1.1282423927363,1.965,-31.6380528549118
1.1282423927363,1.97,-31.6171088510249
1.1282423927363,1.975,-31.5962290666021
1.1282423927363,1.98,-31.5754133065877
1.1282423927363,1.985,-31.5546613793047
1.1282423927363,1.99,-31.5339730964472
1.1282423927363,1.995,-31.5133482730725
1.1282423927363,2,-31.4927867275946
1.1282423927363,2.005,-31.4722882817774
1.1282423927363,2.01,-31.4518527607282
1.1282423927363,2.015,-31.4314799928922
1.1282423927363,2.02,-31.4111698100467
1.1282423927363,2.025,-31.3909220472957
1.1282423927363,2.03,-31.3707365430653
1.1282423927363,2.035,-31.3506131390989
1.1282423927363,2.04,-31.3305516804531
1.1282423927363,2.045,-31.3105520154933
1.1282423927363,2.05,-31.2906139958909
1.1282423927363,2.055,-31.2707374766189
1.1282423927363,2.06,-31.2509223159497
1.1282423927363,2.065,-31.2311683754516
1.1282423927363,2.07,-31.211475519987
1.1282423927363,2.075,-31.1918436177094
1.1282423927363,2.08,-31.1722725400619
1.1282423927363,2.085,-31.1527621617752
1.1282423927363,2.09,-31.1333123608663
1.1282423927363,2.095,-31.1139230186369
1.1282423927363,2.1,-31.0945940196727
1.1282423927363,2.105,-31.0753252518422
1.1282423927363,2.11,-31.0561166062963
1.1282423927363,2.115,-31.0369679774677
1.1282423927363,2.12,-31.0178792630708
1.1282423927363,2.125,-30.9988503641013
1.1282423927363,2.13,-30.9798811848366
1.1282423927363,2.135,-30.9609716328358
1.1282423927363,2.14,-30.9421216189401
1.1282423927363,2.145,-30.9233310572735
1.1282423927363,2.15,-30.904599865243
1.1282423927363,2.155,-30.8859279635398
1.1282423927363,2.16,-30.8673152761398
1.1282423927363,2.165,-30.8487617303046
1.1282423927363,2.17,-30.8302672565825
1.1282423927363,2.175,-30.8118317888094
1.1282423927363,2.18,-30.7934552641102
1.1282423927363,2.185,-30.7751376228996
1.1282423927363,2.19,-30.7568788088835
1.1282423927363,2.195,-30.7386787690597
1.1282423927363,2.2,-30.7205374537198
1.1282423927363,2.205,-30.7024548164494
1.1282423927363,2.21,-30.6844308141299
1.1282423927363,2.215,-30.6664654069392
1.1282423927363,2.22,-30.6485585583526
1.1282423927363,2.225,-30.6307102351438
1.1282423927363,2.23,-30.6129204073857
1.1282423927363,2.235,-30.5951890484507
1.1282423927363,2.24,-30.5775161350116
1.1282423927363,2.245,-30.5599016470416
1.1282423927363,2.25,-30.5423455678148
1.1282423927363,2.255,-30.5248478839059
1.1282423927363,2.26,-30.50740858519
1.1282423927363,2.265,-30.4900276648421
1.1282423927363,2.27,-30.4727051193364
1.1282423927363,2.275,-30.4554409484455
1.1282423927363,2.28,-30.4382351552386
1.1282423927363,2.285,-30.4210877460802
1.1282423927363,2.29,-30.4039987306283
1.1282423927363,2.295,-30.3869681218316
1.1282423927363,2.3,-30.369995935927
1.1282423927363,2.305,-30.3530821924366
1.1282423927363,2.31,-30.336226914164
1.1282423927363,2.315,-30.3194301271902
1.1282423927363,2.32,-30.3026918608693
1.1282423927363,2.325,-30.2860121478234
1.1282423927363,2.33,-30.2693910239367
1.1282423927363,2.335,-30.2528285283499
1.1282423927363,2.34,-30.2363247034533
1.1282423927363,2.345,-30.2198795948793
1.1282423927363,2.35,-30.2034932514946
1.1282423927363,2.355,-30.1871657253915
1.1282423927363,2.36,-30.1708970718785
1.1282423927363,2.365,-30.1546873494703
1.1282423927363,2.37,-30.138536619877
1.1282423927363,2.375,-30.122444947992
1.1282423927363,2.38,-30.1064124018802
1.1282423927363,2.385,-30.0904390527641
1.1282423927363,2.39,-30.0745249750101
1.1282423927363,2.395,-30.0586702461127
1.1282423927363,2.4,-30.042874946679
1.1282423927363,2.405,-30.0271391604113
1.1282423927363,2.41,-30.011462974089
1.1282423927363,2.415,-29.9958464775497
1.1282423927363,2.42,-29.9802897636684
1.1282423927363,2.425,-29.9647929283369
1.1282423927363,2.43,-29.9493560704404
1.1282423927363,2.435,-29.9339792918345
1.1282423927363,2.44,-29.9186626973199
1.1282423927363,2.445,-29.903406394616
1.1282423927363,2.45,-29.8882104943339
1.1282423927363,2.455,-29.8730751099469
1.1282423927363,2.46,-29.8580003577608
1.1282423927363,2.465,-29.842986356882
1.1282423927363,2.47,-29.8280332291843
1.1282423927363,2.475,-29.8131410992747
1.1282423927363,2.48,-29.7983100944567
1.1282423927363,2.485,-29.7835403446934
1.1282423927363,2.49,-29.7688319825676
1.1282423927363,2.495,-29.7541851432412
1.1282423927363,2.5,-29.7395999644128
1.1282423927363,2.505,-29.7250765862732
1.1282423927363,2.51,-29.7106151514595
1.1282423927363,2.515,-29.6962158050075
1.1282423927363,2.52,-29.6818786943018
1.1282423927363,2.525,-29.667603969025
1.1282423927363,2.53,-29.6533917811036
1.1282423927363,2.535,-29.6392422846538
1.1282423927363,2.54,-29.6251556359235
1.1282423927363,2.545,-29.6111319932337
1.1282423927363,2.55,-29.5971715169174
1.1282423927363,2.555,-29.5832743692561
1.1282423927363,2.56,-29.5694407144151
1.1282423927363,2.565,-29.5556707183758
1.1282423927363,2.57,-29.5419645488666
1.1282423927363,2.575,-29.5283223752912
1.1282423927363,2.58,-29.5147443686546
1.1282423927363,2.585,-29.5012307014878
1.1282423927363,2.59,-29.4877815477692
1.1282423927363,2.595,-29.474397082844
1.1282423927363,2.6,-29.4610774833421
1.1282423927363,2.605,-29.447822927093
1.1282423927363,2.61,-29.4346335930382
1.1282423927363,2.615,-29.4215096611421
1.1282423927363,2.62,-29.4084513122998
1.1282423927363,2.625,-29.3954587282433
1.1282423927363,2.63,-29.3825320914445
1.1282423927363,2.635,-29.3696715850165
1.1282423927363,2.64,-29.3568773926126
1.1282423927363,2.645,-29.3441496983221
1.1282423927363,2.65,-29.3314886865648
1.1282423927363,2.655,-29.3188945419827
1.1282423927363,2.66,-29.3063674493289
1.1282423927363,2.665,-29.293907593355
1.1282423927363,2.67,-29.2815151586955
1.1282423927363,2.675,-29.2691903297504
1.1282423927363,2.68,-29.2569332905648
1.1282423927363,2.685,-29.2447442247072
1.1282423927363,2.69,-29.2326233151445
1.1282423927363,2.695,-29.2205707441156
1.1282423927363,2.7,-29.2085866930021
1.1282423927363,2.705,-29.1966713421978
1.1282423927363,2.71,-29.1848248709748
1.1282423927363,2.715,-29.1730474573484
1.1282423927363,2.72,-29.1613392779401
1.1282423927363,2.725,-29.1497005078375
1.1282423927363,2.73,-29.1381313204537
1.1282423927363,2.735,-29.1266318873834
1.1282423927363,2.74,-29.1152023782583
1.1282423927363,2.745,-29.1038429606002
1.1282423927363,2.75,-29.092553799672
1.1282423927363,2.755,-29.0813350583283
1.1282423927363,2.76,-29.0701868968628
1.1282423927363,2.765,-29.0591094728558
1.1282423927363,2.77,-29.048102941019
1.1282423927363,2.775,-29.0371674530399
1.1282423927363,2.78,-29.0263031574245
1.1282423927363,2.785,-29.0155101993389
1.1282423927363,2.79,-29.0047887204501
1.1282423927363,2.795,-28.9941388587658
1.1282423927363,2.8,-28.9835607484731
1.1282423927363,2.805,-28.9730545197769
1.1282423927363,2.81,-28.9626202987375
1.1282423927363,2.815,-28.9522582071077
1.1282423927363,2.82,-28.9419683621695
1.1282423927363,2.825,-28.9317508765709
1.1282423927363,2.83,-28.9216058581623
1.1282423927363,2.835,-28.9115334098329
1.1282423927363,2.84,-28.9015336293477
1.1282423927363,2.845,-28.8916066091841
1.1282423927363,2.85,-28.8817524363698
1.1282423927363,2.855,-28.8719711923206
1.1282423927363,2.86,-28.8622629526795
1.1282423927363,2.865,-28.8526277871564
1.1282423927363,2.87,-28.8430657593686
1.1282423927363,2.875,-28.8335769266837
1.1282423927363,2.88,-28.8241613400621
1.1282423927363,2.885,-28.8148190439026
1.1282423927363,2.89,-28.8055500758892
1.1282423927363,2.895,-28.7963544668392
1.1282423927363,2.9,-28.7872322405543
1.1282423927363,2.905,-28.7781834136734
1.1282423927363,2.91,-28.7692079955277
1.1282423927363,2.915,-28.7603059879987
1.1282423927363,2.92,-28.7514773853786
1.1282423927363,2.925,-28.7427221742337
1.1282423927363,2.93,-28.7340403332713
1.1282423927363,2.935,-28.7254318332088
1.1282423927363,2.94,-28.7168966366473
1.1282423927363,2.945,-28.7084346979484
1.1282423927363,2.95,-28.7000459631142
1.1282423927363,2.955,-28.6917303696721
1.1282423927363,2.96,-28.6834878465629
1.1282423927363,2.965,-28.6753183140337
1.1282423927363,2.97,-28.6672216835348
1.1282423927363,2.975,-28.6591978576215
1.1282423927363,2.98,-28.6512467298598
1.1282423927363,2.985,-28.6433681847384
1.1282423927363,2.99,-28.6355620975838
1.1282423927363,2.995,-28.6278283344824
1.1282423927363,3,-28.6201667522062
1.1282423927363,3.005,-28.6125771981452
1.1282423927363,3.01,-28.6050595102444
1.1282423927363,3.015,-28.5976135169472
1.1282423927363,3.02,-28.5902390371436
1.1282423927363,3.025,-28.5829358801251
1.1282423927363,3.03,-28.575703845545
1.1282423927363,3.035,-28.5685427233854
1.1282423927363,3.04,-28.5614522939292
1.1282423927363,3.045,-28.5544323277396
1.1282423927363,3.05,-28.5474825856449
1.1282423927363,3.055,-28.5406028187303
1.1282423927363,3.06,-28.5337927683352
1.1282423927363,3.065,-28.5270521660583
1.1282423927363,3.07,-28.5203807337679
1.1282423927363,3.075,-28.5137781836195
1.1282423927363,3.08,-28.5072442180794
1.1282423927363,3.085,-28.5007785299552
1.1282423927363,3.09,-28.4943808024331
1.1282423927363,3.095,-28.4880507091208
1.1282423927363,3.1,-28.4817879140979
1.1282423927363,3.105,-28.4755920719723
1.1282423927363,3.11,-28.4694628279434
1.1282423927363,3.115,-28.4633998178711
1.1282423927363,3.12,-28.4574026683521
1.1282423927363,3.125,-28.4514709968016
1.1282423927363,3.13,-28.4456044115418
1.1282423927363,3.135,-28.4398025118966
1.1282423927363,3.14,-28.4340648882918
1.1282423927363,3.145,-28.428391122362
1.1282423927363,3.15,-28.4227807870627
1.1282423927363,3.155,-28.417233446789
1.1282423927363,3.16,-28.4117486574988
1.1282423927363,3.165,-28.4063259668425
1.1282423927363,3.17,-28.4009649142974
1.1282423927363,3.175,-28.3956650313078
1.1282423927363,3.18,-28.3904258414298
1.1282423927363,3.185,-28.3852468604809
1.1282423927363,3.19,-28.3801275966947
1.1282423927363,3.195,-28.3750675508799
1.1282423927363,3.2,-28.3700662165836
1.1282423927363,3.205,-28.365123080259
1.1282423927363,3.21,-28.3602376214365
1.1282423927363,3.215,-28.3554093128994
1.1282423927363,3.22,-28.3506376208624
1.1282423927363,3.225,-28.3459220051539
1.1282423927363,3.23,-28.3412619194009
1.1282423927363,3.235,-28.3366568112177
1.1282423927363,3.24,-28.3321061223963
1.1282423927363,3.245,-28.3276092890999
1.1282423927363,3.25,-28.3231657420584
1.1282423927363,3.255,-28.3187749067655
1.1282423927363,3.26,-28.3144362036785
1.1282423927363,3.265,-28.3101490484189
1.1282423927363,3.27,-28.3059128519742
1.1282423927363,3.275,-28.3017270209014
1.1282423927363,3.28,-28.2975909575304
1.1282423927363,3.285,-28.2935040601692
1.1282423927363,3.29,-28.2894657233081
1.1282423927363,3.295,-28.2854753378251
1.1282423927363,3.3,-28.2815322911905
1.1282423927363,3.305,-28.2776359676716
1.1282423927363,3.31,-28.2737857485364
1.1282423927363,3.315,-28.2699810122572
1.1282423927363,3.32,-28.266221134712
1.1282423927363,3.325,-28.2625054893861
1.1282423927363,3.33,-28.2588334475713
1.1282423927363,3.335,-28.2552043785637
1.1282423927363,3.34,-28.2516176498596
1.1282423927363,3.345,-28.2480726273498
1.1282423927363,3.35,-28.2445686755108
1.1282423927363,3.355,-28.2411051575945
1.1282423927363,3.36,-28.2376814358146
1.1282423927363,3.365,-28.234296871531
1.1282423927363,3.37,-28.2309508254301
1.1282423927363,3.375,-28.2276426577032
1.1282423927363,3.38,-28.2243717282212
1.1282423927363,3.385,-28.2211373967054
1.1282423927363,3.39,-28.2179390228957
1.1282423927363,3.395,-28.2147759667147
1.1282423927363,3.4,-28.2116475884276
1.1282423927363,3.405,-28.208553248799
1.1282423927363,3.41,-28.2054923092454
1.1282423927363,3.415,-28.2024641319832
1.1282423927363,3.42,-28.1994680801731
1.1282423927363,3.425,-28.19650351806
1.1282423927363,3.43,-28.1935698111085
1.1282423927363,3.435,-28.1906663261343
1.1282423927363,3.44,-28.1877924314304
1.1282423927363,3.445,-28.1849474968899
1.1282423927363,3.45,-28.1821308941232
1.1282423927363,3.455,-28.1793419965715
1.1282423927363,3.46,-28.1765801796148
1.1282423927363,3.465,-28.1738448206763
1.1282423927363,3.47,-28.171135299321
1.1282423927363,3.475,-28.1684509973508
1.1282423927363,3.48,-28.1657912988944
1.1282423927363,3.485,-28.1631555904921
1.1282423927363,3.49,-28.1605432611774
1.1282423927363,3.495,-28.1579537025525
1.1282423927363,3.5,-28.1553863088601
1.1282423927363,3.505,-28.1528404770508
1.1282423927363,3.51,-28.1503156068453
1.1282423927363,3.515,-28.1478111007933
1.1282423927363,3.52,-28.1453263643268
1.1282423927363,3.525,-28.1428608058102
1.1282423927363,3.53,-28.1404138365855
1.1282423927363,3.535,-28.1379848710137
1.1282423927363,3.54,-28.1355733265122
1.1282423927363,3.545,-28.1331786235876
1.1282423927363,3.55,-28.1308001858657
1.1282423927363,3.555,-28.1284374401166
1.1282423927363,3.56,-28.1260898162769
1.1282423927363,3.565,-28.1237567474675
1.1282423927363,3.57,-28.1214376700091
1.1282423927363,3.575,-28.1191320234328
1.1282423927363,3.58,-28.116839250489
1.1282423927363,3.585,-28.1145587971516
1.1282423927363,3.59,-28.11229011262
1.1282423927363,3.595,-28.1100326493186
1.1282423927363,3.6,-28.1077858628921
1.1282423927363,3.605,-28.1055492121993
1.1282423927363,3.61,-28.1033221593036
1.1282423927363,3.615,-28.1011041694617
1.1282423927363,3.62,-28.0988947111091
1.1282423927363,3.625,-28.0966932558442
1.1282423927363,3.63,-28.0944992784097
1.1282423927363,3.635,-28.0923122566721
1.1282423927363,3.64,-28.0901316715998
1.1282423927363,3.645,-28.0879570072391
1.1282423927363,3.65,-28.0857877506883
1.1282423927363,3.655,-28.0836233920709
1.1282423927363,3.66,-28.0814634245074
1.1282423927363,3.665,-28.0793073440848
1.1282423927363,3.67,-28.0771546498268
1.1282423927363,3.675,-28.0750048436611
1.1282423927363,3.68,-28.0728574303873
1.1282423927363,3.685,-28.070711917643
1.1282423927363,3.69,-28.0685678158696
1.1282423927363,3.695,-28.0664246382778
1.1282423927363,3.7,-28.0642819008121
1.1282423927363,3.705,-28.0621391221155
1.1282423927363,3.71,-28.0599958234934
1.1282423927363,3.715,-28.0578515288781
1.1282423927363,3.72,-28.0557057647921
1.1282423927363,3.725,-28.0535580603131
1.1282423927363,3.73,-28.0514079470373
1.1282423927363,3.735,-28.0492549590445
1.1282423927363,3.74,-28.0470986328624
1.1282423927363,3.745,-28.0449385074325
1.1282423927363,3.75,-28.0427741240748
1.1282423927363,3.755,-28.0406050264549
1.1282423927363,3.76,-28.0384307605506
1.1282423927363,3.765,-28.0362508746196
1.1282423927363,3.77,-28.034064919168
1.1282423927363,3.775,-28.0318724469193
1.1282423927363,3.78,-28.0296730127853
1.1282423927363,3.785,-28.0274661738366
1.1282423927363,3.79,-28.0252514892755
1.1282423927363,3.795,-28.0230285204091
1.1282423927363,3.8,-28.020796830624
1.1282423927363,3.805,-28.0185559853618
1.1282423927363,3.81,-28.0163055520966
1.1282423927363,3.815,-28.0140451003129
1.1282423927363,3.82,-28.0117742014855
1.1282423927363,3.825,-28.0094924290606
1.1282423927363,3.83,-28.0071993584379
1.1282423927363,3.835,-28.0048945669548
1.1282423927363,3.84,-28.0025776338719
1.1282423927363,3.845,-28.0002481403593
1.1282423927363,3.85,-27.9979056694854
1.1282423927363,3.855,-27.9955498062069
1.1282423927363,3.86,-27.9931801373597
1.1282423927363,3.865,-27.9907962516526
1.1282423927363,3.87,-27.9883977396613
1.1282423927363,3.875,-27.9859841938249
1.1282423927363,3.88,-27.9835552084436
1.1282423927363,3.885,-27.9811103796778
1.1282423927363,3.89,-27.9786493055497
1.1282423927363,3.895,-27.9761715859448
1.1282423927363,3.9,-27.9736768226172
1.1282423927363,3.905,-27.9711646191944
1.1282423927363,3.91,-27.9686345811847
1.1282423927363,3.915,-27.9660863159866
1.1282423927363,3.92,-27.9635194328984
1.1282423927363,3.925,-27.9609335431307
1.1282423927363,3.93,-27.9583282598196
1.1282423927363,3.935,-27.9557031980414
1.1282423927363,3.94,-27.9530579748293
1.1282423927363,3.945,-27.9503922091912
1.1282423927363,3.95,-27.9477055221288
1.1282423927363,3.955,-27.9449975366583
1.1282423927363,3.96,-27.9422678778326
1.1282423927363,3.965,-27.9395161727645
1.1282423927363,3.97,-27.9367420506513
1.1282423927363,3.975,-27.9339451428012
1.1282423927363,3.98,-27.93112508266
1.1282423927363,3.985,-27.9282815058398
1.1282423927363,3.99,-27.9254140501485
1.1282423927363,3.995,-27.9225223556208
1.1282423927363,4,-27.9196060645494
1.1282423927363,4.005,-27.9166648215188
1.1282423927363,4.01,-27.9136982734384
1.1282423927363,4.015,-27.9107060695776
1.1282423927363,4.02,-27.9076878616021
1.1282423927363,4.025,-27.9046433036101
1.1282423927363,4.03,-27.9015720521698
1.1282423927363,4.035,-27.8984737663584
1.1282423927363,4.04,-27.8953481078005
1.1282423927363,4.045,-27.8921947407085
1.1282423927363,4.05,-27.8890133319229
1.1282423927363,4.055,-27.8858035509533
1.1282423927363,4.06,-27.8825650700204
1.1282423927363,4.065,-27.8792975640983
1.1282423927363,4.07,-27.8760007109567
1.1282423927363,4.075,-27.872674191205
1.1282423927363,4.08,-27.8693176883348
1.1282423927363,4.085,-27.8659308887647
1.1282423927363,4.09,-27.862513481884
1.1282423927363,4.095,-27.8590651600973
1.1282423927363,4.1,-27.8555856188694
1.1282423927363,4.105,-27.8520745567696
1.1282423927363,4.11,-27.848531675517
1.1282423927363,4.115,-27.8449566800255
1.1282423927363,4.12,-27.8413492784485
1.1282423927363,4.125,-27.8377091822241
1.1282423927363,4.13,-27.83403610612
1.1282423927363,4.135,-27.8303297682782
1.1282423927363,4.14,-27.8265898902594
1.1282423927363,4.145,-27.8228161970879
1.1282423927363,4.15,-27.8190084172951
1.1282423927363,4.155,-27.8151662829638
1.1282423927363,4.16,-27.8112895297715
1.1282423927363,4.165,-27.8073778970337
1.1282423927363,4.17,-27.8034311277461
1.1282423927363,4.175,-27.7994489686273
1.1282423927363,4.18,-27.7954311701605
1.1282423927363,4.185,-27.7913774866344
1.1282423927363,4.19,-27.7872876761838
1.1282423927363,4.195,-27.7831615008297
1.1282423927363,4.2,-27.7789987265187
1.1282423927363,4.205,-27.7747991231614
1.1282423927363,4.21,-27.7705624646703
1.1282423927363,4.215,-27.766288528997
1.1282423927363,4.22,-27.7619770981684
1.1282423927363,4.225,-27.7576279583226
1.1282423927363,4.23,-27.7532408997428
1.1282423927363,4.235,-27.7488157168916
1.1282423927363,4.24,-27.7443522084438
1.1282423927363,4.245,-27.7398501773178
1.1282423927363,4.25,-27.7353094307072
1.1282423927363,4.255,-27.7307297801099
1.1282423927363,4.26,-27.7261110413576
1.1282423927363,4.265,-27.7214530346433
1.1282423927363,4.27,-27.7167555845481
1.1282423927363,4.275,-27.7120185200667
1.1282423927363,4.28,-27.7072416746321
1.1282423927363,4.285,-27.7024248861388
1.1282423927363,4.29,-27.6975679969653
1.1282423927363,4.295,-27.6926708539945
1.1282423927363,4.3,-27.6877333086343
1.1282423927363,4.305,-27.6827552168358
1.1282423927363,4.31,-27.6777364391107
1.1282423927363,4.315,-27.6726768405475
1.1282423927363,4.32,-27.6675762908265
1.1282423927363,4.325,-27.6624346642334
1.1282423927363,4.33,-27.6572518396717
1.1282423927363,4.335,-27.6520277006737
1.1282423927363,4.34,-27.6467621354105
1.1282423927363,4.345,-27.6414550367001
1.1282423927363,4.35,-27.6361063020151
1.1282423927363,4.355,-27.6307158334884
1.1282423927363,4.36,-27.6252835379177
1.1282423927363,4.365,-27.6198093267689
1.1282423927363,4.37,-27.6142931161778
1.1282423927363,4.375,-27.6087348269513
1.1282423927363,4.38,-27.6031343845659
1.1282423927363,4.385,-27.5974917191666
1.1282423927363,4.39,-27.5918067655628
1.1282423927363,4.395,-27.5860794632242
1.1282423927363,4.4,-27.5803097562746
1.1282423927363,4.405,-27.574497593485
1.1282423927363,4.41,-27.5686429282645
1.1282423927363,4.415,-27.562745718651
1.1282423927363,4.42,-27.5568059272998
1.1282423927363,4.425,-27.5508235214717
1.1282423927363,4.43,-27.5447984730185
1.1282423927363,4.435,-27.538730758369
1.1282423927363,4.44,-27.5326203585122
1.1282423927363,4.445,-27.5264672589805
1.1282423927363,4.45,-27.5202714498306
1.1282423927363,4.455,-27.514032925624
1.1282423927363,4.46,-27.5077516854059
1.1282423927363,4.465,-27.5014277326831
1.1282423927363,4.47,-27.4950610754007
1.1282423927363,4.475,-27.4886517259176
1.1282423927363,4.48,-27.4821997009807
1.1282423927363,4.485,-27.4757050216985
1.1282423927363,4.49,-27.469167713513
1.1282423927363,4.495,-27.4625878061711
1.1282423927363,4.5,-27.4559653336945
1.1282423927363,4.505,-27.4493003343484
1.1282423927363,4.51,-27.4425928506103
1.1282423927363,4.515,-27.435842929136
1.1282423927363,4.52,-27.4290506207265
1.1282423927363,4.525,-27.4222159802924
1.1282423927363,4.53,-27.4153390668183
1.1282423927363,4.535,-27.4084199433261
1.1282423927363,4.54,-27.4014586768372
1.1282423927363,4.545,-27.3944553383338
1.1282423927363,4.55,-27.3874100027198
1.1282423927363,4.555,-27.3803227487803
1.1282423927363,4.56,-27.3731936591408
1.1282423927363,4.565,-27.3660228202252
1.1282423927363,4.57,-27.3588103222135
1.1282423927363,4.575,-27.3515562589981
1.1282423927363,4.58,-27.3442607281404
1.1282423927363,4.585,-27.3369238308255
1.1282423927363,4.59,-27.3295456718175
1.1282423927363,4.595,-27.322126359413
1.1282423927363,4.6,-27.3146660053948
1.1282423927363,4.605,-27.307164724985
1.1282423927363,4.61,-27.2996226367968
1.1282423927363,4.615,-27.2920398627867
1.1282423927363,4.62,-27.2844165282054
1.1282423927363,4.625,-27.2767527615491
1.1282423927363,4.63,-27.2690486945092
1.1282423927363,4.635,-27.2613044619227
1.1282423927363,4.64,-27.2535202017216
1.1282423927363,4.645,-27.2456960548816
1.1282423927363,4.65,-27.2378321653714
1.1282423927363,4.655,-27.229928680101
1.1282423927363,4.66,-27.2219857488693
1.1282423927363,4.665,-27.2140035243127
1.1282423927363,4.67,-27.205982161852
1.1282423927363,4.675,-27.19792181964
1.1282423927363,4.68,-27.1898226585087
1.1282423927363,4.685,-27.1816848419161
1.1282423927363,4.69,-27.1735085358927
1.1282423927363,4.695,-27.1652939089886
1.1282423927363,4.7,-27.1570411322195
1.1282423927363,4.705,-27.1487503790135
1.1282423927363,4.71,-27.140421825157
1.1282423927363,4.715,-27.1320556487411
1.1282423927363,4.72,-27.123652030108
1.1282423927363,4.725,-27.1152111517969
1.1282423927363,4.73,-27.1067331984902
1.1282423927363,4.735,-27.09821835696
1.1282423927363,4.74,-27.0896668160141
1.1282423927363,4.745,-27.0810787664425
1.1282423927363,4.75,-27.0724544009638
1.1282423927363,4.755,-27.0637939141715
1.1282423927363,4.76,-27.0550975024812
1.1282423927363,4.765,-27.0463653640766
1.1282423927363,4.77,-27.0375976988574
1.1282423927363,4.775,-27.0287947083856
1.1282423927363,4.78,-27.0199565958334
1.1282423927363,4.785,-27.0110835659305
1.1282423927363,4.79,-27.0021758249119
1.1282423927363,4.795,-26.993233580466
1.1282423927363,4.8,-26.9842570416829
1.1282423927363,4.805,-26.9752464190029
1.1282423927363,4.81,-26.9662019241654
1.1282423927363,4.815,-26.9571237701578
1.1282423927363,4.82,-26.9480121711658
1.1282423927363,4.825,-26.9388673425222
1.1282423927363,4.83,-26.9296895006576
1.1282423927363,4.835,-26.9204788630512
1.1282423927363,4.84,-26.911235648181
1.1282423927363,4.845,-26.9019600754756
1.1282423927363,4.85,-26.8926523652659
1.1282423927363,4.855,-26.8833127387371
1.1282423927363,4.86,-26.8739414178808
1.1282423927363,4.865,-26.8645386254488
1.1282423927363,4.87,-26.8551045849058
1.1282423927363,4.875,-26.8456395203835
1.1282423927363,4.88,-26.8361436566349
1.1282423927363,4.885,-26.8266172189891
1.1282423927363,4.89,-26.8170604333062
1.1282423927363,4.895,-26.8074735259337
1.1282423927363,4.9,-26.7978567236621
1.1282423927363,4.905,-26.7882102536818
1.1282423927363,4.91,-26.7785343435407
1.1282423927363,4.915,-26.7688292211012
1.1282423927363,4.92,-26.7590951144991
1.1282423927363,4.925,-26.7493322521023
1.1282423927363,4.93,-26.7395408624698
1.1282423927363,4.935,-26.7297211743116
1.1282423927363,4.94,-26.7198734164497
1.1282423927363,4.945,-26.709997817778
1.1282423927363,4.95,-26.7000946072249
1.1282423927363,4.955,-26.6901640137144
1.1282423927363,4.96,-26.6802062661293
1.1282423927363,4.965,-26.670221593274
1.1282423927363,4.97,-26.6602102238386
1.1282423927363,4.975,-26.6501723863627
1.1282423927363,4.98,-26.6401083092008
1.1282423927363,4.985,-26.6300182204871
1.1282423927363,4.99,-26.6199023481021
1.1282423927363,4.995,-26.6097609196387
1.1282423927363,5,-26.5995941623696
1.1282423927363,5.005,-26.5894023032149
1.1282423927363,5.01,-26.5791855687103
1.1282423927363,5.015,-26.5689441849763
1.1282423927363,5.02,-26.5586783776871
1.1282423927363,5.025,-26.548388372041
1.1282423927363,5.03,-26.5380743927309
1.1282423927363,5.035,-26.5277366639153
1.1282423927363,5.04,-26.5173754091903
1.1282423927363,5.045,-26.5069908515614
1.1282423927363,5.05,-26.4965832134168
1.1282423927363,5.055,-26.4861527165009
1.1282423927363,5.06,-26.4756995818875
1.1282423927363,5.065,-26.4652240299555
1.1282423927363,5.07,-26.454726280363
1.1282423927363,5.075,-26.4442065520234
1.1282423927363,5.08,-26.4336650630819
1.1282423927363,5.085,-26.4231020308914
1.1282423927363,5.09,-26.4125176719909
1.1282423927363,5.095,-26.4019122020823
1.1282423927363,5.1,-26.3912858360098
1.1282423927363,5.105,-26.3806387877381
1.1282423927363,5.11,-26.369971270332
1.1282423927363,5.115,-26.3592834959368
1.1282423927363,5.12,-26.3485756757583
1.1282423927363,5.125,-26.3378480200445
1.1282423927363,5.13,-26.3271007380662
1.1282423927363,5.135,-26.3163340381002
1.1282423927363,5.14,-26.3055481274111
1.1282423927363,5.145,-26.2947432122346
1.1282423927363,5.15,-26.2839194977613
1.1282423927363,5.155,-26.2730771881205
1.1282423927363,5.16,-26.262216486365
1.1282423927363,5.165,-26.2513375944559
1.1282423927363,5.17,-26.2404407132487
1.1282423927363,5.175,-26.2295260424786
1.1282423927363,5.18,-26.2185937807475
1.1282423927363,5.185,-26.2076441255107
1.1282423927363,5.19,-26.1966772730644
1.1282423927363,5.195,-26.1856934185336
1.1282423927363,5.2,-26.1746927558605
1.1282423927363,5.205,-26.1636754777929
1.1282423927363,5.21,-26.1526417758738
1.1282423927363,5.215,-26.1415918404309
1.1282423927363,5.22,-26.1305258605663
1.1282423927363,5.225,-26.1194440241477
1.1282423927363,5.23,-26.1083465177984
1.1282423927363,5.235,-26.0972335268895
1.1282423927363,5.24,-26.0861052355307
1.1282423927363,5.245,-26.0749618265632
1.1282423927363,5.25,-26.0638034815517
1.1282423927363,5.255,-26.0526303807772
1.1282423927363,5.26,-26.0414427032306
1.1282423927363,5.265,-26.0302406266061
1.1282423927363,5.27,-26.0190243272953
1.1282423927363,5.275,-26.0077939803815
1.1282423927363,5.28,-25.9965497596341
1.1282423927363,5.285,-25.9852918375042
1.1282423927363,5.29,-25.9740203851197
1.1282423927363,5.295,-25.9627355722811
1.1282423927363,5.3,-25.9514375674574
1.1282423927363,5.305,-25.9401265377827
1.1282423927363,5.31,-25.9288026490529
1.1282423927363,5.315,-25.9174660657227
1.1282423927363,5.32,-25.9061169509027
1.1282423927363,5.325,-25.8947554663576
1.1282423927363,5.33,-25.8833817725036
1.1282423927363,5.335,-25.8719960284068
1.1282423927363,5.34,-25.8605983917819
1.1282423927363,5.345,-25.8491890189907
1.1282423927363,5.35,-25.8377680650417
1.1282423927363,5.355,-25.8263356835885
1.1282423927363,5.36,-25.8148920269305
1.1282423927363,5.365,-25.8034372460121
1.1282423927363,5.37,-25.791971490423
1.1282423927363,5.375,-25.7804949083984
1.1282423927363,5.38,-25.76900764682
1.1282423927363,5.385,-25.7575098512166
1.1282423927363,5.39,-25.7460016657651
1.1282423927363,5.395,-25.734483233292
1.1282423927363,5.4,-25.7229546952748
1.1282423927363,5.405,-25.7114161918439
1.1282423927363,5.41,-25.6998678617844
1.1282423927363,5.415,-25.6883098425384
1.1282423927363,5.42,-25.6767422702071
1.1282423927363,5.425,-25.665165279554
1.1282423927363,5.43,-25.6535790040068
1.1282423927363,5.435,-25.6419835756609
1.1282423927363,5.44,-25.6303791252827
1.1282423927363,5.445,-25.6187657823121
1.1282423927363,5.45,-25.607143674867
1.1282423927363,5.455,-25.5955129297461
1.1282423927363,5.46,-25.5838736724333
1.1282423927363,5.465,-25.5722260271012
1.1282423927363,5.47,-25.5605701166156
1.1282423927363,5.475,-25.5489060625397
1.1282423927363,5.48,-25.5372339851384
1.1282423927363,5.485,-25.5255540033829
1.1282423927363,5.49,-25.5138662349554
1.1282423927363,5.495,-25.5021707962542
1.1282423927363,5.5,-25.4904678023982
1.1282423927363,5.505,-25.4787573672324
1.1282423927363,5.51,-25.4670396033329
1.1282423927363,5.515,-25.4553146220125
1.1282423927363,5.52,-25.4435825333257
1.1282423927363,5.525,-25.4318434460747
1.1282423927363,5.53,-25.4200974678147
1.1282423927363,5.535,-25.4083447048603
1.1282423927363,5.54,-25.3965852622904
1.1282423927363,5.545,-25.3848192439552
1.1282423927363,5.55,-25.3730467524814
1.1282423927363,5.555,-25.3612678892789
1.1282423927363,5.56,-25.3494827545471
1.1282423927363,5.565,-25.3376914472805
1.1282423927363,5.57,-25.3258940652761
1.1282423927363,5.575,-25.314090705139
1.1282423927363,5.58,-25.3022814622895
1.1282423927363,5.585,-25.2904664309695
1.1282423927363,5.59,-25.2786457042494
1.1282423927363,5.595,-25.2668193740345
1.1282423927363,5.6,-25.254987531072
1.1282423927363,5.605,-25.243150264958
1.1282423927363,5.61,-25.2313076641443
1.1282423927363,5.615,-25.2194598159453
1.1282423927363,5.62,-25.2076068065451
1.1282423927363,5.625,-25.1957487210048
1.1282423927363,5.63,-25.1838856432693
1.1282423927363,5.635,-25.1720176561745
1.1282423927363,5.64,-25.1601448414549
1.1282423927363,5.645,-25.1482672797502
1.1282423927363,5.65,-25.1363850506132
1.1282423927363,5.655,-25.1244982325167
1.1282423927363,5.66,-25.1126069028611
1.1282423927363,5.665,-25.1007111379815
1.1282423927363,5.67,-25.0888110131555
1.1282423927363,5.675,-25.0769066026103
1.1282423927363,5.68,-25.0649979795301
1.1282423927363,5.685,-25.0530852160638
1.1282423927363,5.69,-25.0411683833325
1.1282423927363,5.695,-25.0292475514367
1.1282423927363,5.7,-25.0173227894641
1.1282423927363,5.705,-25.005394165497
1.1282423927363,5.71,-24.99346174662
1.1282423927363,5.715,-24.9815255989272
1.1282423927363,5.72,-24.9695857875301
1.1282423927363,5.725,-24.9576423765649
1.1282423927363,5.73,-24.9456954292004
1.1282423927363,5.735,-24.9337450076451
1.1282423927363,5.74,-24.9217911731553
1.1282423927363,5.745,-24.9098339860421
1.1282423927363,5.75,-24.8978735056795
1.1282423927363,5.755,-24.8859097905114
1.1282423927363,5.76,-24.8739428980597
1.1282423927363,5.765,-24.8619728849315
1.1282423927363,5.77,-24.8499998068269
1.1282423927363,5.775,-24.8380237185461
1.1282423927363,5.78,-24.8260446739972
1.1282423927363,5.785,-24.814062726204
1.1282423927363,5.79,-24.8020779273129
1.1282423927363,5.795,-24.7900903286008
1.1282423927363,5.8,-24.7780999804822
1.1282423927363,5.805,-24.7661069325171
1.1282423927363,5.81,-24.7541112334182
1.1282423927363,5.815,-24.7421129310583
1.1282423927363,5.82,-24.7301120724774
1.1282423927363,5.825,-24.7181087038909
1.1282423927363,5.83,-24.706102870696
1.1282423927363,5.835,-24.6940946174796
1.1282423927363,5.84,-24.6820839880256
1.1282423927363,5.845,-24.6700710253217
1.1282423927363,5.85,-24.6580557715673
1.1282423927363,5.855,-24.6460382681804
1.1282423927363,5.86,-24.6340185558046
1.1282423927363,5.865,-24.6219966743167
1.1282423927363,5.87,-24.6099726628336
1.1282423927363,5.875,-24.5979465597195
1.1282423927363,5.88,-24.5859184025929
1.1282423927363,5.885,-24.5738882283338
1.1282423927363,5.89,-24.5618560730906
1.1282423927363,5.895,-24.5498219722872
1.1282423927363,5.9,-24.5377859606298
1.1282423927363,5.905,-24.5257480721141
1.1282423927363,5.91,-24.5137083400322
1.1282423927363,5.915,-24.5016667969788
1.1282423927363,5.92,-24.4896234748593
1.1282423927363,5.925,-24.4775784048952
1.1282423927363,5.93,-24.465531617632
1.1282423927363,5.935,-24.4534831429452
1.1282423927363,5.94,-24.4414330100475
1.1282423927363,5.945,-24.4293812474949
1.1282423927363,5.95,-24.4173278831941
1.1282423927363,5.955,-24.4052729444083
1.1282423927363,5.96,-24.3932164577641
1.1282423927363,5.965,-24.3811584492583
1.1282423927363,5.97,-24.3690989442638
1.1282423927363,5.975,-24.3570379675365
1.1282423927363,5.98,-24.3449755432215
1.1282423927363,5.985,-24.3329116948593
1.1282423927363,5.99,-24.3208464453927
1.1282423927363,5.995,-24.3087798171723
1.1282423927363,6,-24.2967118319636
1.1465725562038,0.5,-63.2247068881739
1.1465725562038,0.505,-63.1793755341476
1.1465725562038,0.51,-63.1354623554002
1.1465725562038,0.515,-63.0929573068647
1.1465725562038,0.52,-63.0518508870684
1.1465725562038,0.525,-63.0121341205295
1.1465725562038,0.53,-62.9737985407531
1.1465725562038,0.535,-62.9368361737659
1.1465725562038,0.54,-62.9012395221318
1.1465725562038,0.545,-62.8670015493906
1.1465725562038,0.55,-62.8341156648635
1.1465725562038,0.555,-62.8025757087685
1.1465725562038,0.56,-62.7723759375889
1.1465725562038,0.565,-62.7435110096387
1.1465725562038,0.57,-62.7159759707658
1.1465725562038,0.575,-62.6897662401364
1.1465725562038,0.58,-62.6648775960392
1.1465725562038,0.585,-62.641306161649
1.1465725562038,0.59,-62.6190483906854
1.1465725562038,0.595,-62.5981010529025
1.1465725562038,0.6,-62.5784612193394
1.1465725562038,0.605,-62.560126247262
1.1465725562038,0.61,-62.5430937647198
1.1465725562038,0.615,-62.5273616546407
1.1465725562038,0.62,-62.512928038379
1.1465725562038,0.625,-62.4997912586304
1.1465725562038,0.63,-62.4879498616204
1.1465725562038,0.635,-62.4774025784663
1.1465725562038,0.64,-62.4681483056096
1.1465725562038,0.645,-62.4601860842037
1.1465725562038,0.65,-62.4535150783389
1.1465725562038,0.655,-62.4481345519758
1.1465725562038,0.66,-62.4440438444486
1.1465725562038,0.665,-62.4412423443927
1.1465725562038,0.67,-62.4397294619358
1.1465725562038,0.675,-62.4395045989871
1.1465725562038,0.68,-62.4405671174374
1.1465725562038,0.685,-62.442916305079
1.1465725562038,0.69,-62.4465513390324
1.1465725562038,0.695,-62.4514712464569
1.1465725562038,0.7,-62.4576748623008
1.1465725562038,0.705,-62.465160783834
1.1465725562038,0.71,-62.4739273216821
1.1465725562038,0.715,-62.4839724470662
1.1465725562038,0.72,-62.4952937349272
1.1465725562038,0.725,-62.5078883025934
1.1465725562038,0.73,-62.5217527436272
1.1465725562038,0.735,-62.5368830564592
1.1465725562038,0.74,-62.5532745673979
1.1465725562038,0.745,-62.5709218475724
1.1465725562038,0.75,-62.5898186233393
1.1465725562038,0.755,-62.609957679662
1.1465725562038,0.76,-62.631330755938
1.1465725562038,0.765,-62.653928433726
1.1465725562038,0.77,-62.6777400157989
1.1465725562038,0.775,-62.7027533959227
1.1465725562038,0.78,-62.728954918741
1.1465725562038,0.785,-62.7563292291251
1.1465725562038,0.79,-62.7848591103334
1.1465725562038,0.795,-62.8145253103209
1.1465725562038,0.8,-62.8453063555291
1.1465725562038,0.805,-62.8771783515045
1.1465725562038,0.81,-62.910114769705
1.1465725562038,0.815,-62.9440862198925
1.1465725562038,0.82,-62.9790602075569
1.1465725562038,0.825,-63.0150008758925
1.1465725562038,0.83,-63.0518687319373
1.1465725562038,0.835,-63.0896203566174
1.1465725562038,0.84,-63.1282080985918
1.1465725562038,0.845,-63.1675797519963
1.1465725562038,0.85,-63.2076782184247
1.1465725562038,0.855,-63.2484411537839
1.1465725562038,0.86,-63.2898006010163
1.1465725562038,0.865,-63.331682610097
1.1465725562038,0.87,-63.3740068472194
1.1465725562038,0.875,-63.4166861956423
1.1465725562038,0.88,-63.4596263513441
1.1465725562038,0.885,-63.5027254173764
1.1465725562038,0.89,-63.5458735016532
1.1465725562038,0.895,-63.5889523238588
1.1465725562038,0.9,-63.6318348381861
1.1465725562038,0.905,-63.674384879738
1.1465725562038,0.91,-63.7164568436172
1.1465725562038,0.915,-63.7578954069665
1.1465725562038,0.92,-63.7985353054916
1.1465725562038,0.925,-63.8382011772446
1.1465725562038,0.93,-63.8767074876264
1.1465725562038,0.935,-63.9138585506243
1.1465725562038,0.94,-63.9494486621431
1.1465725562038,0.945,-63.9832623618553
1.1465725562038,0.95,-64.0150748401562
1.1465725562038,0.955,-64.0446525064905
1.1465725562038,0.96,-64.0717537343769
1.1465725562038,0.965,-64.0961297968118
1.1465725562038,0.97,-64.1175260032605
1.1465725562038,0.975,-64.135683046093
1.1465725562038,0.98,-64.1503385600003
1.1465725562038,0.985,-64.1612288926796
1.1465725562038,0.99,-64.1680910789122
1.1465725562038,0.995,-64.1706650032099
1.1465725562038,1,-64.1686957286612
1.1465725562038,1.005,-64.1619359617421
1.1465725562038,1.01,-64.1501486149871
1.1465725562038,1.015,-64.1331094219914
1.1465725562038,1.02,-64.1106095526382
1.1465725562038,1.025,-64.0824581712344
1.1465725562038,1.03,-64.0484848767969
1.1465725562038,1.035,-64.008541963502
1.1465725562038,1.04,-63.9625064405369
1.1465725562038,1.045,-63.9102817544868
1.1465725562038,1.05,-63.8517991639049
1.1465725562038,1.055,-63.7870187246916
1.1465725562038,1.06,-63.7159298559942
1.1465725562038,1.065,-63.6385514689831
1.1465725562038,1.07,-63.5549316544556
1.1465725562038,1.075,-63.4651469390223
1.1465725562038,1.08,-63.369301132917
1.1465725562038,1.085,-63.2675238045428
1.1465725562038,1.09,-63.1599684271302
1.1465725562038,1.095,-63.0468102508706
1.1465725562038,1.1,-62.9282439593391
1.1465725562038,1.105,-62.8044811717802
1.1465725562038,1.11,-62.6757478530298
1.1465725562038,1.115,-62.5422816906426
1.1465725562038,1.12,-62.4043294945718
1.1465725562038,1.125,-62.2621446689175
1.1465725562038,1.13,-62.1159847982696
1.1465725562038,1.135,-61.9661093835103
1.1465725562038,1.14,-61.8127777540313
1.1465725562038,1.145,-61.6562471755424
1.1465725562038,1.15,-61.4967711653319
1.1465725562038,1.155,-61.3345980201918
1.1465725562038,1.16,-61.1699695564281
1.1465725562038,1.165,-61.0031200565097
1.1465725562038,1.17,-60.8342754129981
1.1465725562038,1.175,-60.6636524574151
1.1465725562038,1.18,-60.4914584595925
1.1465725562038,1.185,-60.3178907817031
1.1465725562038,1.19,-60.1431366705105
1.1465725562038,1.195,-59.9673731712565
1.1465725562038,1.2,-59.7907671469609
1.1465725562038,1.205,-59.6134753875883
1.1465725562038,1.21,-59.4356447944856
1.1465725562038,1.215,-59.2574126266082
1.1465725562038,1.22,-59.0789067962678
1.1465725562038,1.225,-58.9002462033963
1.1465725562038,1.23,-58.7215410985788
1.1465725562038,1.235,-58.542893466333
1.1465725562038,1.24,-58.3643974212761
1.1465725562038,1.245,-58.186139610901
1.1465725562038,1.25,-58.0081996196852
1.1465725562038,1.255,-57.8306503701543
1.1465725562038,1.26,-57.6535585173277
1.1465725562038,1.265,-57.4769848336903
1.1465725562038,1.27,-57.3009845824568
1.1465725562038,1.275,-57.1256078774326
1.1465725562038,1.28,-56.9509000282438
1.1465725562038,1.285,-56.7769018700952
1.1465725562038,1.29,-56.6036500775502
1.1465725562038,1.295,-56.4311774620956
1.1465725562038,1.3,-56.2595132534832
1.1465725562038,1.305,-56.0886833650161
1.1465725562038,1.31,-55.918710643096
1.1465725562038,1.315,-55.749615101459
1.1465725562038,1.32,-55.5814141406093
1.1465725562038,1.325,-55.4141227530272
1.1465725562038,1.33,-55.2477537147676
1.1465725562038,1.335,-55.0823177640938
1.1465725562038,1.34,-54.9178237678044
1.1465725562038,1.345,-54.7542788759167
1.1465725562038,1.35,-54.5916886653638
1.1465725562038,1.355,-54.4300572733508
1.1465725562038,1.36,-54.2693875210009
1.1465725562038,1.365,-54.1096810279
1.1465725562038,1.37,-53.950938318125
1.1465725562038,1.375,-53.7931589183173
1.1465725562038,1.38,-53.6363414483359
1.1465725562038,1.385,-53.4804837049948
1.1465725562038,1.39,-53.3255827393678
1.1465725562038,1.395,-53.1716349281093
1.1465725562038,1.4,-53.0186360392199
1.1465725562038,1.405,-52.8665812926542
1.1465725562038,1.41,-52.7154654161467
1.1465725562038,1.415,-52.5652826966053
1.1465725562038,1.42,-52.4160270273994
1.1465725562038,1.425,-52.2676919518482
1.1465725562038,1.43,-52.1202707031929
1.1465725562038,1.435,-51.9737562413171
1.1465725562038,1.44,-51.828141286462
1.1465725562038,1.445,-51.683418350163
1.1465725562038,1.45,-51.5395797636216
1.1465725562038,1.455,-51.396617703707
1.1465725562038,1.46,-51.2545242167709
1.1465725562038,1.465,-51.1132912404437
1.1465725562038,1.47,-50.9729106235675
1.1465725562038,1.475,-50.8333741444116
1.1465725562038,1.48,-50.6946735273036
1.1465725562038,1.485,-50.5568004577991
1.1465725562038,1.49,-50.419746596505
1.1465725562038,1.495,-50.2835035916627
1.1465725562038,1.5,-50.1480630905862
1.1465725562038,1.505,-50.0134167500488
1.1465725562038,1.51,-49.8795562456981
1.1465725562038,1.515,-49.7464732805792
1.1465725562038,1.52,-49.6141595928349
1.1465725562038,1.525,-49.4826069626497
1.1465725562038,1.53,-49.3518072184982
1.1465725562038,1.535,-49.2217522427516
1.1465725562038,1.54,-49.0924339766978
1.1465725562038,1.545,-48.9638444250185
1.1465725562038,1.55,-48.8359756597699
1.1465725562038,1.555,-48.7088198239069
1.1465725562038,1.56,-48.582369134387
1.1465725562038,1.565,-48.4566158848908
1.1465725562038,1.57,-48.3315524481879
1.1465725562038,1.575,-48.2071712781799
1.1465725562038,1.58,-48.0834649116473
1.1465725562038,1.585,-47.9604259697234
1.1465725562038,1.59,-47.8380471591208
1.1465725562038,1.595,-47.7163212731298
1.1465725562038,1.6,-47.5952411924095
1.1465725562038,1.605,-47.4747998855887
1.1465725562038,1.61,-47.3549904096945
1.1465725562038,1.615,-47.2358059104221
1.1465725562038,1.62,-47.117239622262
1.1465725562038,1.625,-46.9992848684968
1.1465725562038,1.63,-46.8819350610782
1.1465725562038,1.635,-46.7651837003985
1.1465725562038,1.64,-46.6490243749636
1.1465725562038,1.645,-46.5334507609783
1.1465725562038,1.65,-46.4184566218536
1.1465725562038,1.655,-46.3040358076416
1.1465725562038,1.66,-46.1901822544072
1.1465725562038,1.665,-46.0768899835427
1.1465725562038,1.67,-45.9641531010317
1.1465725562038,1.675,-45.8519657966679
1.1465725562038,1.68,-45.7403223432334
1.1465725562038,1.685,-45.629217095643
1.1465725562038,1.69,-45.5186444900575
1.1465725562038,1.695,-45.4085990429697
1.1465725562038,1.7,-45.2990753502693
1.1465725562038,1.705,-45.1900680862865
1.1465725562038,1.71,-45.0815720028209
1.1465725562038,1.715,-44.9735819281563
1.1465725562038,1.72,-44.866092766065
1.1465725562038,1.725,-44.7590994948034
1.1465725562038,1.73,-44.6525971661022
1.1465725562038,1.735,-44.5465809041518
1.1465725562038,1.74,-44.441045904586
1.1465725562038,1.745,-44.3359874334641
1.1465725562038,1.75,-44.231400826255
1.1465725562038,1.755,-44.127281486823
1.1465725562038,1.76,-44.023624886417
1.1465725562038,1.765,-43.9204265626642
1.1465725562038,1.77,-43.8176821185702
1.1465725562038,1.775,-43.7153872215247
1.1465725562038,1.78,-43.613537602315
1.1465725562038,1.785,-43.5121290541475
1.1465725562038,1.79,-43.4111574316782
1.1465725562038,1.795,-43.3106186500521
1.1465725562038,1.8,-43.2105086839526
1.1465725562038,1.805,-43.1108235666616
1.1465725562038,1.81,-43.0115593891294
1.1465725562038,1.815,-42.9127122990567
1.1465725562038,1.82,-42.814278499987
1.1465725562038,1.825,-42.7162542504115
1.1465725562038,1.83,-42.6186358628849
1.1465725562038,1.835,-42.5214197031536
1.1465725562038,1.84,-42.4246021892963
1.1465725562038,1.845,-42.3281797908765
1.1465725562038,1.85,-42.2321490281071
1.1465725562038,1.855,-42.1365064710279
1.1465725562038,1.86,-42.0412487386955
1.1465725562038,1.865,-41.9463724983847
1.1465725562038,1.87,-41.8518744648037
1.1465725562038,1.875,-41.7577513993206
1.1465725562038,1.88,-41.6640001092027
1.1465725562038,1.885,-41.5706174468681
1.1465725562038,1.89,-41.4776003091497
1.1465725562038,1.895,-41.3849456365705
1.1465725562038,1.9,-41.2926504126321
1.1465725562038,1.905,-41.2007116631142
1.1465725562038,1.91,-41.1091264553869
1.1465725562038,1.915,-41.0178918977334
1.1465725562038,1.92,-40.9270051386859
1.1465725562038,1.925,-40.8364633663714
1.1465725562038,1.93,-40.74626380787
1.1465725562038,1.935,-40.6564037285839
1.1465725562038,1.94,-40.5668804316174
1.1465725562038,1.945,-40.477691257168
1.1465725562038,1.95,-40.3888335819281
1.1465725562038,1.955,-40.3003048184974
1.1465725562038,1.96,-40.2121024148058
1.1465725562038,1.965,-40.1242238535463
1.1465725562038,1.97,-40.0366666516185
1.1465725562038,1.975,-39.9494283595815
1.1465725562038,1.98,-39.8625065611172
1.1465725562038,1.985,-39.7758988725028
1.1465725562038,1.99,-39.6896029420932
1.1465725562038,1.995,-39.6036164498122
1.1465725562038,2,-39.5179371066534
1.1465725562038,2.005,-39.4325626541903
1.1465725562038,2.01,-39.3474908640941
1.1465725562038,2.015,-39.2627195376619
1.1465725562038,2.02,-39.1782465053518
1.1465725562038,2.025,-39.094069626328
1.1465725562038,2.03,-39.0101867880127
1.1465725562038,2.035,-38.9265959056474
1.1465725562038,2.04,-38.8432949218609
1.1465725562038,2.045,-38.7602818062462
1.1465725562038,2.05,-38.6775545549446
1.1465725562038,2.055,-38.5951111902374
1.1465725562038,2.06,-38.5129497601446
1.1465725562038,2.065,-38.4310683380319
1.1465725562038,2.07,-38.3494650222233
1.1465725562038,2.075,-38.2681379356224
1.1465725562038,2.08,-38.1870852253389
1.1465725562038,2.085,-38.1063050623231
1.1465725562038,2.09,-38.0257956410062
1.1465725562038,2.095,-37.9455551789476
1.1465725562038,2.1,-37.8655819164878
1.1465725562038,2.105,-37.7858741164087
1.1465725562038,2.11,-37.7064300635985
1.1465725562038,2.115,-37.6272480647241
1.1465725562038,2.12,-37.5483264479081
1.1465725562038,2.125,-37.4696635624124
1.1465725562038,2.13,-37.3912577783269
1.1465725562038,2.135,-37.3131074862642
1.1465725562038,2.14,-37.2352110970592
1.1465725562038,2.145,-37.1575670414742
1.1465725562038,2.15,-37.0801737699098
1.1465725562038,2.155,-37.0030297521198
1.1465725562038,2.16,-36.926133476932
1.1465725562038,2.165,-36.8494834519736
1.1465725562038,2.17,-36.7730782034012
1.1465725562038,2.175,-36.696916275636
1.1465725562038,2.18,-36.6209962311031
1.1465725562038,2.185,-36.5453166499758
1.1465725562038,2.19,-36.469876129924
1.1465725562038,2.195,-36.394673285867
1.1465725562038,2.2,-36.319706749731
1.1465725562038,2.205,-36.2449751702099
1.1465725562038,2.21,-36.1704772125314
1.1465725562038,2.215,-36.0962115582258
1.1465725562038,2.22,-36.0221769048999
1.1465725562038,2.225,-35.9483719660141
1.1465725562038,2.23,-35.8747954706635
1.1465725562038,2.235,-35.8014461633626
1.1465725562038,2.24,-35.7283228038339
1.1465725562038,2.245,-35.6554241667999
1.1465725562038,2.25,-35.5827490417783
1.1465725562038,2.255,-35.5102962328816
1.1465725562038,2.26,-35.4380645586185
1.1465725562038,2.265,-35.3660528517006
1.1465725562038,2.27,-35.2942599588501
1.1465725562038,2.275,-35.222684740613
1.1465725562038,2.28,-35.1513260711733
1.1465725562038,2.285,-35.0801828381717
1.1465725562038,2.29,-35.0092539425267
1.1465725562038,2.295,-34.9385382982587
1.1465725562038,2.3,-34.8680348323171
1.1465725562038,2.305,-34.7977424844098
1.1465725562038,2.31,-34.7276602068363
1.1465725562038,2.315,-34.6577869643229
1.1465725562038,2.32,-34.5881217338602
1.1465725562038,2.325,-34.5186635045444
1.1465725562038,2.33,-34.4494112774199
1.1465725562038,2.335,-34.3803640653256
1.1465725562038,2.34,-34.3115208927422
1.1465725562038,2.345,-34.2428807956434
1.1465725562038,2.35,-34.1744428213488
1.1465725562038,2.355,-34.1062060283789
1.1465725562038,2.36,-34.0381694863126
1.1465725562038,2.365,-33.9703322756475
1.1465725562038,2.37,-33.9026934876612
1.1465725562038,2.375,-33.835252224276
1.1465725562038,2.38,-33.7680075979247
1.1465725562038,2.385,-33.7009587314195
1.1465725562038,2.39,-33.6341047578217
1.1465725562038,2.395,-33.5674448203146
1.1465725562038,2.4,-33.5009780720775
1.1465725562038,2.405,-33.4347036761623
1.1465725562038,2.41,-33.3686208053711
1.1465725562038,2.415,-33.3027286421369
1.1465725562038,2.42,-33.2370263784048
1.1465725562038,2.425,-33.171513215516
1.1465725562038,2.43,-33.1061883640928
1.1465725562038,2.435,-33.0410510439261
1.1465725562038,2.44,-32.9761004838638
1.1465725562038,2.445,-32.9113359217015
1.1465725562038,2.45,-32.8467566040744
1.1465725562038,2.455,-32.7823617863509
1.1465725562038,2.46,-32.718150732528
1.1465725562038,2.465,-32.6541227151277
1.1465725562038,2.47,-32.5902770150959
1.1465725562038,2.475,-32.5266129217014
1.1465725562038,2.48,-32.4631297324376
1.1465725562038,2.485,-32.3998267529252
1.1465725562038,2.49,-32.3367032968157
1.1465725562038,2.495,-32.2737586856975
1.1465725562038,2.5,-32.2109922490022
1.1465725562038,2.505,-32.1484033239129
1.1465725562038,2.51,-32.0859912552735
1.1465725562038,2.515,-32.0237553954997
1.1465725562038,2.52,-31.9616951044906
1.1465725562038,2.525,-31.8998097495421
1.1465725562038,2.53,-31.8380987052611
1.1465725562038,2.535,-31.7765613534815
1.1465725562038,2.54,-31.7151970831806
1.1465725562038,2.545,-31.6540052903972
1.1465725562038,2.55,-31.5929853781508
1.1465725562038,2.555,-31.5321367563614
1.1465725562038,2.56,-31.4714588417713
1.1465725562038,2.565,-31.4109510578669
1.1465725562038,2.57,-31.3506128348023
1.1465725562038,2.575,-31.2904436093242
1.1465725562038,2.58,-31.2304428246965
1.1465725562038,2.585,-31.1706099306274
1.1465725562038,2.59,-31.1109443831968
1.1465725562038,2.595,-31.0514456447843
1.1465725562038,2.6,-30.9921131839989
1.1465725562038,2.605,-30.9329464756094
1.1465725562038,2.61,-30.8739450004751
1.1465725562038,2.615,-30.8151082454784
1.1465725562038,2.62,-30.7564357034577
1.1465725562038,2.625,-30.6979268731411
1.1465725562038,2.63,-30.6395812590812
1.1465725562038,2.635,-30.5813983715907
1.1465725562038,2.64,-30.523377726679
1.1465725562038,2.645,-30.4655188459888
1.1465725562038,2.65,-30.4078212567347
1.1465725562038,2.655,-30.3502844916419
1.1465725562038,2.66,-30.2929080888856
1.1465725562038,2.665,-30.2356915920312
1.1465725562038,2.67,-30.1786345499758
1.1465725562038,2.675,-30.1217365168897
1.1465725562038,2.68,-30.0649970521589
1.1465725562038,2.685,-30.0084157203286
1.1465725562038,2.69,-29.9519920910469
1.1465725562038,2.695,-29.8957257390095
1.1465725562038,2.7,-29.8396162439051
1.1465725562038,2.705,-29.7836631903612
1.1465725562038,2.71,-29.7278661678909
1.1465725562038,2.715,-29.67222477084
1.1465725562038,2.72,-29.6167385983349
1.1465725562038,2.725,-29.5614072542313
1.1465725562038,2.73,-29.5062303470633
1.1465725562038,2.735,-29.4512074899929
1.1465725562038,2.74,-29.3963383007604
1.1465725562038,2.745,-29.3416224016356
1.1465725562038,2.75,-29.2870594193688
1.1465725562038,2.755,-29.2326489851433
1.1465725562038,2.76,-29.1783907345278
1.1465725562038,2.765,-29.1242843074292
1.1465725562038,2.77,-29.0703293480471
1.1465725562038,2.775,-29.0165255048271
1.1465725562038,2.78,-28.962872430416
1.1465725562038,2.785,-28.9093697816172
1.1465725562038,2.79,-28.8560172193459
1.1465725562038,2.795,-28.8028144085858
1.1465725562038,2.8,-28.7497610183456
1.1465725562038,2.805,-28.6968567216163
1.1465725562038,2.81,-28.6441011953286
1.1465725562038,2.815,-28.5914941203114
1.1465725562038,2.82,-28.5390351812503
1.1465725562038,2.825,-28.4867240666463
1.1465725562038,2.83,-28.4345604687756
1.1465725562038,2.835,-28.3825440836497
1.1465725562038,2.84,-28.3306746109752
1.1465725562038,2.845,-28.2789517541148
1.1465725562038,2.85,-28.2273752200487
1.1465725562038,2.855,-28.1759447193358
1.1465725562038,2.86,-28.124659966076
1.1465725562038,2.865,-28.0735206778724
1.1465725562038,2.87,-28.022526575794
1.1465725562038,2.875,-27.9716773843391
1.1465725562038,2.88,-27.9209728313985
1.1465725562038,2.885,-27.8704126482198
1.1465725562038,2.89,-27.8199965693711
1.1465725562038,2.895,-27.7697243327062
1.1465725562038,2.9,-27.7195956793291
1.1465725562038,2.905,-27.6696103535596
1.1465725562038,2.91,-27.6197681028989
1.1465725562038,2.915,-27.5700686779955
1.1465725562038,2.92,-27.5205118326116
1.1465725562038,2.925,-27.4710973235897
1.1465725562038,2.93,-27.4218249108196
1.1465725562038,2.935,-27.3726943572058
1.1465725562038,2.94,-27.3237054286347
1.1465725562038,2.945,-27.274857893943
1.1465725562038,2.95,-27.2261515248857
1.1465725562038,2.955,-27.1775860961044
1.1465725562038,2.96,-27.1291613850964
1.1465725562038,2.965,-27.0808771721835
1.1465725562038,2.97,-27.0327332404817
1.1465725562038,2.975,-26.9847293758705
1.1465725562038,2.98,-26.9368653669627
1.1465725562038,2.985,-26.8891410050753
1.1465725562038,2.99,-26.841556084199
1.1465725562038,2.995,-26.7941104009695
1.1465725562038,3,-26.7468037546384
1.1465725562038,3.005,-26.699635947044
1.1465725562038,3.01,-26.6526067825834
1.1465725562038,3.015,-26.6057160681835
1.1465725562038,3.02,-26.5589636132735
1.1465725562038,3.025,-26.5123492297569
1.1465725562038,3.03,-26.4658727319837
1.1465725562038,3.035,-26.4195339367232
1.1465725562038,3.04,-26.3733326631368
1.1465725562038,3.045,-26.3272687327513
1.1465725562038,3.05,-26.2813419694318
1.1465725562038,3.055,-26.2355521993555
1.1465725562038,3.06,-26.1898992509853
1.1465725562038,3.065,-26.1443829550438
1.1465725562038,3.07,-26.0990031444873
1.1465725562038,3.075,-26.0537596544801
1.1465725562038,3.08,-26.0086523223692
1.1465725562038,3.085,-25.9636809876591
1.1465725562038,3.09,-25.9188454919861
1.1465725562038,3.095,-25.8741456790941
1.1465725562038,3.1,-25.8295813948095
1.1465725562038,3.105,-25.7851524870168
1.1465725562038,3.11,-25.7408588056338
1.1465725562038,3.115,-25.6967002025883
1.1465725562038,3.12,-25.6526765317929
1.1465725562038,3.125,-25.6087876491221
1.1465725562038,3.13,-25.5650334123883
1.1465725562038,3.135,-25.5214136813179
1.1465725562038,3.14,-25.4779283175284
1.1465725562038,3.145,-25.4345771845051
1.1465725562038,3.15,-25.3913601475777
1.1465725562038,3.155,-25.3482770738977
1.1465725562038,3.16,-25.3053278324156
1.1465725562038,3.165,-25.2625122938581
1.1465725562038,3.17,-25.2198303307057
1.1465725562038,3.175,-25.1772818171705
1.1465725562038,3.18,-25.1348666291738
1.1465725562038,3.185,-25.0925846443239
1.1465725562038,3.19,-25.0504357418946
1.1465725562038,3.195,-25.008419802803
1.1465725562038,3.2,-24.9665367095878
1.1465725562038,3.205,-24.924786346388
1.1465725562038,3.21,-24.8831685989214
1.1465725562038,3.215,-24.841683354463
1.1465725562038,3.22,-24.800330501824
1.1465725562038,3.225,-24.7591099313308
1.1465725562038,3.23,-24.718021534804
1.1465725562038,3.235,-24.6770652055371
1.1465725562038,3.24,-24.6362408382763
1.1465725562038,3.245,-24.5955483291997
1.1465725562038,3.25,-24.5549875758965
1.1465725562038,3.255,-24.5145584773468
1.1465725562038,3.26,-24.4742609339011
1.1465725562038,3.265,-24.4340948472602
1.1465725562038,3.27,-24.3940601204548
1.1465725562038,3.275,-24.3541566578257
1.1465725562038,3.28,-24.3143843650037
1.1465725562038,3.285,-24.2747431488895
1.1465725562038,3.29,-24.2352329176344
1.1465725562038,3.295,-24.1958535806201
1.1465725562038,3.3,-24.1566050484394
1.1465725562038,3.305,-24.1174872328763
1.1465725562038,3.31,-24.0785000468869
1.1465725562038,3.315,-24.0396434045798
1.1465725562038,3.32,-24.0009172211968
1.1465725562038,3.325,-23.9623214130936
1.1465725562038,3.33,-23.923855897721
1.1465725562038,3.335,-23.885520593605
1.1465725562038,3.34,-23.8473154203287
1.1465725562038,3.345,-23.8092402985128
1.1465725562038,3.35,-23.7712951497966
1.1465725562038,3.355,-23.7334798968196
1.1465725562038,3.36,-23.6957944632023
1.1465725562038,3.365,-23.6582387735278
1.1465725562038,3.37,-23.620812753323
1.1465725562038,3.375,-23.5835163290401
1.1465725562038,3.38,-23.5463494280377
1.1465725562038,3.385,-23.5093119785629
1.1465725562038,3.39,-23.4724039097325
1.1465725562038,3.395,-23.4356251515146
1.1465725562038,3.4,-23.3989756347104
1.1465725562038,3.405,-23.362455290936
1.1465725562038,3.41,-23.326064052604
1.1465725562038,3.415,-23.2898018529052
1.1465725562038,3.42,-23.2536686257909
1.1465725562038,3.425,-23.2176643059544
1.1465725562038,3.43,-23.1817888288131
1.1465725562038,3.435,-23.1460421304906
1.1465725562038,3.44,-23.1104241477984
1.1465725562038,3.445,-23.0749348182186
1.1465725562038,3.45,-23.0395740798851
1.1465725562038,3.455,-23.0043418715667
1.1465725562038,3.46,-22.9692381326487
1.1465725562038,3.465,-22.9342628031151
1.1465725562038,3.47,-22.8994158235314
1.1465725562038,3.475,-22.8646971350263
1.1465725562038,3.48,-22.8301066792743
1.1465725562038,3.485,-22.7956443984781
1.1465725562038,3.49,-22.7613102353507
1.1465725562038,3.495,-22.7271041330984
1.1465725562038,3.5,-22.6930260354026
1.1465725562038,3.505,-22.6590758864028
1.1465725562038,3.51,-22.6252536306786
1.1465725562038,3.515,-22.5915592132328
1.1465725562038,3.52,-22.5579925794736
1.1465725562038,3.525,-22.5245536751973
1.1465725562038,3.53,-22.4912424465709
1.1465725562038,3.535,-22.4580588401148
1.1465725562038,3.54,-22.4250028026854
1.1465725562038,3.545,-22.3920742814579
1.1465725562038,3.55,-22.3592732239088
1.1465725562038,3.555,-22.326599577799
1.1465725562038,3.56,-22.2940532911563
1.1465725562038,3.565,-22.2616343122582
1.1465725562038,3.57,-22.229342589615
1.1465725562038,3.575,-22.197178071952
1.1465725562038,3.58,-22.1651407081933
1.1465725562038,3.585,-22.1332304474439
1.1465725562038,3.59,-22.1014472389729
1.1465725562038,3.595,-22.0697910321965
1.1465725562038,3.6,-22.0382617766608
1.1465725562038,3.605,-22.0068594220249
1.1465725562038,3.61,-21.9755839180438
1.1465725562038,3.615,-21.9444352145516
1.1465725562038,3.62,-21.9134132614442
1.1465725562038,3.625,-21.8825180086629
1.1465725562038,3.63,-21.8517494061767
1.1465725562038,3.635,-21.8211074039664
1.1465725562038,3.64,-21.7905919520069
1.1465725562038,3.645,-21.7602030002508
1.1465725562038,3.65,-21.7299404986113
1.1465725562038,3.655,-21.6998043969458
1.1465725562038,3.66,-21.6697946450388
1.1465725562038,3.665,-21.6399111925852
1.1465725562038,3.67,-21.6101539891736
1.1465725562038,3.675,-21.5805229842699
1.1465725562038,3.68,-21.5510181272001
1.1465725562038,3.685,-21.521639367134
1.1465725562038,3.69,-21.4923866530686
1.1465725562038,3.695,-21.4632599338115
1.1465725562038,3.7,-21.434259157964
1.1465725562038,3.705,-21.4053842739051
1.1465725562038,3.71,-21.3766352297747
1.1465725562038,3.715,-21.3480119734573
1.1465725562038,3.72,-21.3195144525652
1.1465725562038,3.725,-21.2911426144225
1.1465725562038,3.73,-21.2628964060486
1.1465725562038,3.735,-21.2347757741419
1.1465725562038,3.74,-21.2067806650633
1.1465725562038,3.745,-21.1789110248202
1.1465725562038,3.75,-21.1511667990502
1.1465725562038,3.755,-21.1235479330047
1.1465725562038,3.76,-21.096054371533
1.1465725562038,3.765,-21.0686860590663
1.1465725562038,3.77,-21.0414429396011
1.1465725562038,3.775,-21.0143249566838
1.1465725562038,3.78,-20.9873320533943
1.1465725562038,3.785,-20.9604641723303
1.1465725562038,3.79,-20.9337212555911
1.1465725562038,3.795,-20.9071032447621
1.1465725562038,3.8,-20.880610080899
1.1465725562038,3.805,-20.8542417045117
1.1465725562038,3.81,-20.827998055549
1.1465725562038,3.815,-20.8018790733826
1.1465725562038,3.82,-20.7758846967918
1.1465725562038,3.825,-20.750014863948
1.1465725562038,3.83,-20.724269512399
1.1465725562038,3.835,-20.6986485790535
1.1465725562038,3.84,-20.6731520001663
1.1465725562038,3.845,-20.6477797113223
1.1465725562038,3.85,-20.6225316474219
1.1465725562038,3.855,-20.5974077426653
1.1465725562038,3.86,-20.5724079305378
1.1465725562038,3.865,-20.5475321437946
1.1465725562038,3.87,-20.5227803144459
1.1465725562038,3.875,-20.4981523737419
1.1465725562038,3.88,-20.4736482521581
1.1465725562038,3.885,-20.4492678793807
1.1465725562038,3.89,-20.4250111842915
1.1465725562038,3.895,-20.4008780949539
1.1465725562038,3.9,-20.3768685385977
1.1465725562038,3.905,-20.3529824416056
1.1465725562038,3.91,-20.3292197294979
1.1465725562038,3.915,-20.305580326919
1.1465725562038,3.92,-20.2820641576228
1.1465725562038,3.925,-20.2586711444589
1.1465725562038,3.93,-20.2354012093584
1.1465725562038,3.935,-20.2122542733202
1.1465725562038,3.94,-20.1892302563972
1.1465725562038,3.945,-20.1663290776826
1.1465725562038,3.95,-20.1435506552961
1.1465725562038,3.955,-20.1208949063708
1.1465725562038,3.96,-20.0983617470396
1.1465725562038,3.965,-20.0759510924218
1.1465725562038,3.97,-20.0536628566104
1.1465725562038,3.975,-20.0314969526585
1.1465725562038,3.98,-20.0094532925666
1.1465725562038,3.985,-19.98753178727
1.1465725562038,3.99,-19.9657323466257
1.1465725562038,3.995,-19.9440548794001
1.1465725562038,4,-19.9224992932562
1.1465725562038,4.005,-19.9010654947418
1.1465725562038,4.01,-19.8797533892767
1.1465725562038,4.015,-19.858562881141
1.1465725562038,4.02,-19.8374938734629
1.1465725562038,4.025,-19.8165462682071
1.1465725562038,4.03,-19.7957199661628
1.1465725562038,4.035,-19.7750148669324
1.1465725562038,4.04,-19.7544308689201
1.1465725562038,4.045,-19.7339678693202
1.1465725562038,4.05,-19.7136257641064
1.1465725562038,4.055,-19.6934044480208
1.1465725562038,4.06,-19.6733038145626
1.1465725562038,4.065,-19.6533237559778
1.1465725562038,4.07,-19.6334641632486
1.1465725562038,4.075,-19.6137249260829
1.1465725562038,4.08,-19.5941059329039
1.1465725562038,4.085,-19.5746070708403
1.1465725562038,4.09,-19.5552282257163
1.1465725562038,4.095,-19.5359692820416
1.1465725562038,4.1,-19.516830123002
1.1465725562038,4.105,-19.4978106304498
1.1465725562038,4.11,-19.4789106848948
1.1465725562038,4.115,-19.4601301654948
1.1465725562038,4.12,-19.4414689500468
1.1465725562038,4.125,-19.4229269149783
1.1465725562038,4.13,-19.4045039353387
1.1465725562038,4.135,-19.3861998847906
1.1465725562038,4.14,-19.3680146356021
1.1465725562038,4.145,-19.349948058638
1.1465725562038,4.15,-19.3320000233525
1.1465725562038,4.155,-19.3141703977811
1.1465725562038,4.16,-19.2964590485335
1.1465725562038,4.165,-19.2788658407857
1.1465725562038,4.17,-19.2613906382732
1.1465725562038,4.175,-19.2440333032842
1.1465725562038,4.18,-19.2267936966522
1.1465725562038,4.185,-19.2096716777501
1.1465725562038,4.19,-19.1926671044833
1.1465725562038,4.195,-19.1757798332839
1.1465725562038,4.2,-19.1590097191043
1.1465725562038,4.205,-19.1423566154116
1.1465725562038,4.21,-19.1258203741821
1.1465725562038,4.215,-19.1094008458958
1.1465725562038,4.22,-19.093097879531
1.1465725562038,4.225,-19.0769113225595
1.1465725562038,4.23,-19.060841020942
1.1465725562038,4.235,-19.044886819123
1.1465725562038,4.24,-19.0290485600267
1.1465725562038,4.245,-19.013326085053
1.1465725562038,4.25,-18.9977192340732
1.1465725562038,4.255,-18.9822278454264
1.1465725562038,4.26,-18.9668517559158
1.1465725562038,4.265,-18.9515908008058
1.1465725562038,4.27,-18.9364448138181
1.1465725562038,4.275,-18.9214136271297
1.1465725562038,4.28,-18.9064970713694
1.1465725562038,4.285,-18.8916949756158
1.1465725562038,4.29,-18.8770071673949
1.1465725562038,4.295,-18.8624334726778
1.1465725562038,4.3,-18.8479737158794
1.1465725562038,4.305,-18.8336277198563
1.1465725562038,4.31,-18.8193953059054
1.1465725562038,4.315,-18.8052762937633
1.1465725562038,4.32,-18.7912705016044
1.1465725562038,4.325,-18.7773777460411
1.1465725562038,4.33,-18.7635978421225
1.1465725562038,4.335,-18.7499306033345
1.1465725562038,4.34,-18.7363758415998
1.1465725562038,4.345,-18.7229333672776
1.1465725562038,4.35,-18.7096029891644
1.1465725562038,4.355,-18.6963845144943
1.1465725562038,4.36,-18.6832777489398
1.1465725562038,4.365,-18.6702824966129
1.1465725562038,4.37,-18.6573985600663
1.1465725562038,4.375,-18.644625740295
1.1465725562038,4.38,-18.6319638367375
1.1465725562038,4.385,-18.6194126472783
1.1465725562038,4.39,-18.6069719682496
1.1465725562038,4.395,-18.5946415944336
1.1465725562038,4.4,-18.5824213190654
1.1465725562038,4.405,-18.5703109338353
1.1465725562038,4.41,-18.5583102288921
1.1465725562038,4.415,-18.5464189928463
1.1465725562038,4.42,-18.5346370127733
1.1465725562038,4.425,-18.5229640742172
1.1465725562038,4.43,-18.5113999611943
1.1465725562038,4.435,-18.4999444561979
1.1465725562038,4.44,-18.4885973402016
1.1465725562038,4.445,-18.4773583926646
1.1465725562038,4.45,-18.4662273915359
1.1465725562038,4.455,-18.4552041132594
1.1465725562038,4.46,-18.4442883327788
1.1465725562038,4.465,-18.4334798235433
1.1465725562038,4.47,-18.4227783575127
1.1465725562038,4.475,-18.4121837051634
1.1465725562038,4.48,-18.4016956354942
1.1465725562038,4.485,-18.3913139160325
1.1465725562038,4.49,-18.3810383128406
1.1465725562038,4.495,-18.3708685905222
1.1465725562038,4.5,-18.3608045122293
1.1465725562038,4.505,-18.3508458396688
1.1465725562038,4.51,-18.34099233311
1.1465725562038,4.515,-18.3312437513917
1.1465725562038,4.52,-18.3215998519298
1.1465725562038,4.525,-18.3120603907249
1.1465725562038,4.53,-18.3026251223703
1.1465725562038,4.535,-18.2932938000601
1.1465725562038,4.54,-18.2840661755973
1.1465725562038,4.545,-18.2749419994025
1.1465725562038,4.55,-18.2659210205222
1.1465725562038,4.555,-18.2570029866381
1.1465725562038,4.56,-18.2481876440754
1.1465725562038,4.565,-18.2394747378127
1.1465725562038,4.57,-18.2308640114909
1.1465725562038,4.575,-18.2223552074227
1.1465725562038,4.58,-18.2139480666026
1.1465725562038,4.585,-18.2056423287163
1.1465725562038,4.59,-18.1974377321512
1.1465725562038,4.595,-18.1893340140062
1.1465725562038,4.6,-18.1813309101021
1.1465725562038,4.605,-18.1734281549924
1.1465725562038,4.61,-18.1656254819736
1.1465725562038,4.615,-18.1579226230961
1.1465725562038,4.62,-18.1503193091751
1.1465725562038,4.625,-18.1428152698021
1.1465725562038,4.63,-18.1354102333557
1.1465725562038,4.635,-18.128103927013
1.1465725562038,4.64,-18.1208960767615
1.1465725562038,4.645,-18.1137864074106
1.1465725562038,4.65,-18.1067746426032
1.1465725562038,4.655,-18.099860504828
1.1465725562038,4.66,-18.0930437154315
1.1465725562038,4.665,-18.0863239946299
1.1465725562038,4.67,-18.0797010615218
1.1465725562038,4.675,-18.0731746341007
1.1465725562038,4.68,-18.0667444292671
1.1465725562038,4.685,-18.0604101628418
1.1465725562038,4.69,-18.0541715495782
1.1465725562038,4.695,-18.0480283031758
1.1465725562038,4.7,-18.0419801362926
1.1465725562038,4.705,-18.0360267605586
1.1465725562038,4.71,-18.0301678865891
1.1465725562038,4.715,-18.0244032239979
1.1465725562038,4.72,-18.0187324814108
1.1465725562038,4.725,-18.0131553664792
1.1465725562038,4.73,-18.0076715858936
1.1465725562038,4.735,-18.0022808453975
1.1465725562038,4.74,-17.9969828498009
1.1465725562038,4.745,-17.9917773029949
1.1465725562038,4.75,-17.9866639079648
1.1465725562038,4.755,-17.9816423668047
1.1465725562038,4.76,-17.9767123807316
1.1465725562038,4.765,-17.9718736500995
1.1465725562038,4.77,-17.9671258744137
1.1465725562038,4.775,-17.9624687523451
1.1465725562038,4.78,-17.9579019817447
1.1465725562038,4.785,-17.9534252596582
1.1465725562038,4.79,-17.9490382823402
1.1465725562038,4.795,-17.944740745269
1.1465725562038,4.8,-17.9405323431614
1.1465725562038,4.805,-17.936412769987
1.1465725562038,4.81,-17.9323817189832
1.1465725562038,4.815,-17.92843888267
1.1465725562038,4.82,-17.9245839528648
1.1465725562038,4.825,-17.9208166206971
1.1465725562038,4.83,-17.9171365766237
1.1465725562038,4.835,-17.9135435104432
1.1465725562038,4.84,-17.9100371113115
1.1465725562038,4.845,-17.9066170677565
1.1465725562038,4.85,-17.9032830676929
1.1465725562038,4.855,-17.9000347984378
1.1465725562038,4.86,-17.8968719467252
1.1465725562038,4.865,-17.8937941987215
1.1465725562038,4.87,-17.8908012400402
1.1465725562038,4.875,-17.8878927557574
1.1465725562038,4.88,-17.8850684304266
1.1465725562038,4.885,-17.882327948094
1.1465725562038,4.89,-17.8796709923135
1.1465725562038,4.895,-17.8770972461617
1.1465725562038,4.9,-17.8746063922536
1.1465725562038,4.905,-17.8721981127567
1.1465725562038,4.91,-17.8698720894073
1.1465725562038,4.915,-17.8676280035246
1.1465725562038,4.92,-17.8654655360262
1.1465725562038,4.925,-17.8633843674431
1.1465725562038,4.93,-17.8613841779351
1.1465725562038,4.935,-17.859464647305
1.1465725562038,4.94,-17.8576254550145
1.1465725562038,4.945,-17.8558662801986
1.1465725562038,4.95,-17.8541868016808
1.1465725562038,4.955,-17.8525866979879
1.1465725562038,4.96,-17.851065647365
1.1465725562038,4.965,-17.8496233277903
1.1465725562038,4.97,-17.84825941699
1.1465725562038,4.975,-17.8469735924529
1.1465725562038,4.98,-17.8457655314452
1.1465725562038,4.985,-17.8446349110255
1.1465725562038,4.99,-17.843581408059
1.1465725562038,4.995,-17.8426046992323
1.1465725562038,5,-17.8417044610679
1.1465725562038,5.005,-17.840880369939
1.1465725562038,5.01,-17.8401321020835
1.1465725562038,5.015,-17.8394593336186
1.1465725562038,5.02,-17.8388617405553
1.1465725562038,5.025,-17.8383389988123
1.1465725562038,5.03,-17.8378907842305
1.1465725562038,5.035,-17.8375167725871
1.1465725562038,5.04,-17.8372166396095
1.1465725562038,5.045,-17.8369900609897
1.1465725562038,5.05,-17.8368367123979
1.1465725562038,5.055,-17.8367562694964
1.1465725562038,5.06,-17.8367484079535
1.1465725562038,5.065,-17.8368128034574
1.1465725562038,5.07,-17.8369491317293
1.1465725562038,5.075,-17.8371570685378
1.1465725562038,5.08,-17.8374362897116
1.1465725562038,5.085,-17.8377864711533
1.1465725562038,5.09,-17.8382072888528
1.1465725562038,5.095,-17.8386984189002
1.1465725562038,5.1,-17.8392595374995
1.1465725562038,5.105,-17.8398903209809
1.1465725562038,5.11,-17.8405904458148
1.1465725562038,5.115,-17.8413595886236
1.1465725562038,5.12,-17.8421974261955
1.1465725562038,5.125,-17.8431036354963
1.1465725562038,5.13,-17.8440778936829
1.1465725562038,5.135,-17.8451198781152
1.1465725562038,5.14,-17.8462292663686
1.1465725562038,5.145,-17.8474057362467
1.1465725562038,5.15,-17.848648965793
1.1465725562038,5.155,-17.8499586333037
1.1465725562038,5.16,-17.851334417339
1.1465725562038,5.165,-17.8527759967354
1.1465725562038,5.17,-17.8542830506179
1.1465725562038,5.175,-17.8558552584107
1.1465725562038,5.18,-17.8574922998501
1.1465725562038,5.185,-17.8591938549948
1.1465725562038,5.19,-17.8609596042382
1.1465725562038,5.195,-17.8627892283193
1.1465725562038,5.2,-17.864682408334
1.1465725562038,5.205,-17.8666388257459
1.1465725562038,5.21,-17.8686581623979
1.1465725562038,5.215,-17.8707401005224
1.1465725562038,5.22,-17.8728843227524
1.1465725562038,5.225,-17.8750905121321
1.1465725562038,5.23,-17.8773583521275
1.1465725562038,5.235,-17.8796875266365
1.1465725562038,5.24,-17.8820777199995
1.1465725562038,5.245,-17.8845286170098
1.1465725562038,5.25,-17.8870399029229
1.1465725562038,5.255,-17.8896112634673
1.1465725562038,5.26,-17.8922423848538
1.1465725562038,5.265,-17.8949329537857
1.1465725562038,5.27,-17.8976826574677
1.1465725562038,5.275,-17.9004911836163
1.1465725562038,5.28,-17.9033582204683
1.1465725562038,5.285,-17.9062834567908
1.1465725562038,5.29,-17.9092665818899
1.1465725562038,5.295,-17.9123072856197
1.1465725562038,5.3,-17.9154052583917
1.1465725562038,5.305,-17.9185601911829
1.1465725562038,5.31,-17.921771775545
1.1465725562038,5.315,-17.9250397036129
1.1465725562038,5.32,-17.9283636681127
1.1465725562038,5.325,-17.9317433623708
1.1465725562038,5.33,-17.9351784803211
1.1465725562038,5.335,-17.9386687165142
1.1465725562038,5.34,-17.9422137661244
1.1465725562038,5.345,-17.9458133249581
1.1465725562038,5.35,-17.9494670894613
1.1465725562038,5.355,-17.9531747567274
1.1465725562038,5.36,-17.9569360245044
1.1465725562038,5.365,-17.9607505912026
1.1465725562038,5.37,-17.9646181559017
1.1465725562038,5.375,-17.9685384183579
1.1465725562038,5.38,-17.9725110790109
1.1465725562038,5.385,-17.9765358389909
1.1465725562038,5.39,-17.9806124001255
1.1465725562038,5.395,-17.984740464946
1.1465725562038,5.4,-17.9889197366944
1.1465725562038,5.405,-17.9931499193293
1.1465725562038,5.41,-17.9974307175329
1.1465725562038,5.415,-18.0017618367166
1.1465725562038,5.42,-18.0061429830274
1.1465725562038,5.425,-18.0105738633537
1.1465725562038,5.43,-18.0150541853315
1.1465725562038,5.435,-18.0195836573496
1.1465725562038,5.44,-18.0241619885557
1.1465725562038,5.445,-18.0287888888618
1.1465725562038,5.45,-18.0334640689494
1.1465725562038,5.455,-18.038187240275
1.1465725562038,5.46,-18.0429581150754
1.1465725562038,5.465,-18.0477764063723
1.1465725562038,5.47,-18.0526418279778
1.1465725562038,5.475,-18.0575540944988
1.1465725562038,5.48,-18.0625129213421
1.1465725562038,5.485,-18.0675180247189
1.1465725562038,5.49,-18.072569121649
1.1465725562038,5.495,-18.0776659299657
1.1465725562038,5.5,-18.08280816832
1.1465725562038,5.505,-18.0879955561844
1.1465725562038,5.51,-18.0932278138575
1.1465725562038,5.515,-18.0985046624677
1.1465725562038,5.52,-18.1038258239771
1.1465725562038,5.525,-18.1091910211853
1.1465725562038,5.53,-18.1145999777331
1.1465725562038,5.535,-18.1200524181061
1.1465725562038,5.54,-18.1255480676381
1.1465725562038,5.545,-18.1310866525143
1.1465725562038,5.55,-18.1366678997749
1.1465725562038,5.555,-18.142291537318
1.1465725562038,5.56,-18.1479572939028
1.1465725562038,5.565,-18.1536648991526
1.1465725562038,5.57,-18.1594140835572
1.1465725562038,5.575,-18.1652045784765
1.1465725562038,5.58,-18.1710361161423
1.1465725562038,5.585,-18.1769084296616
1.1465725562038,5.59,-18.1828212530185
1.1465725562038,5.595,-18.1887743210769
1.1465725562038,5.6,-18.1947673695827
1.1465725562038,5.605,-18.2008001351662
1.1465725562038,5.61,-18.2068723553436
1.1465725562038,5.615,-18.2129837685198
1.1465725562038,5.62,-18.2191341139899
1.1465725562038,5.625,-18.2253231319408
1.1465725562038,5.63,-18.2315505634534
1.1465725562038,5.635,-18.2378161505042
1.1465725562038,5.64,-18.2441196359665
1.1465725562038,5.645,-18.2504607636122
1.1465725562038,5.65,-18.2568392781131
1.1465725562038,5.655,-18.2632549250422
1.1465725562038,5.66,-18.269707450875
1.1465725562038,5.665,-18.2761966029905
1.1465725562038,5.67,-18.2827221296724
1.1465725562038,5.675,-18.2892837801099
1.1465725562038,5.68,-18.2958813043988
1.1465725562038,5.685,-18.3025144535424
1.1465725562038,5.69,-18.3091829794516
1.1465725562038,5.695,-18.3158866349465
1.1465725562038,5.7,-18.3226251737563
1.1465725562038,5.705,-18.3293983505199
1.1465725562038,5.71,-18.3362059207866
1.1465725562038,5.715,-18.3430476410163
1.1465725562038,5.72,-18.3499232685796
1.1465725562038,5.725,-18.3568325617585
1.1465725562038,5.73,-18.3637752797459
1.1465725562038,5.735,-18.370751182646
1.1465725562038,5.74,-18.3777600314746
1.1465725562038,5.745,-18.3848015881583
1.1465725562038,5.75,-18.391875615535
1.1465725562038,5.755,-18.3989818773534
1.1465725562038,5.76,-18.4061201382726
1.1465725562038,5.765,-18.4132901638621
1.1465725562038,5.77,-18.4204917206011
1.1465725562038,5.775,-18.4277245758782
1.1465725562038,5.78,-18.4349884979906
1.1465725562038,5.785,-18.442283256144
1.1465725562038,5.79,-18.4496086204513
1.1465725562038,5.795,-18.4569643619322
1.1465725562038,5.8,-18.4643502525127
1.1465725562038,5.805,-18.4717660650236
1.1465725562038,5.81,-18.4792115732
1.1465725562038,5.815,-18.4866865516805
1.1465725562038,5.82,-18.4941907760057
1.1465725562038,5.825,-18.5017240226176
1.1465725562038,5.83,-18.5092860688579
1.1465725562038,5.835,-18.5168766929675
1.1465725562038,5.84,-18.5244956740848
1.1465725562038,5.845,-18.5321427922445
1.1465725562038,5.85,-18.5398178283762
1.1465725562038,5.855,-18.547520564303
1.1465725562038,5.86,-18.5552507827405
1.1465725562038,5.865,-18.5630082672945
1.1465725562038,5.87,-18.57079280246
1.1465725562038,5.875,-18.5786041736196
1.1465725562038,5.88,-18.5864421670416
1.1465725562038,5.885,-18.5943065698783
1.1465725562038,5.89,-18.6021971701648
1.1465725562038,5.895,-18.6101137568163
1.1465725562038,5.9,-18.6180561196271
1.1465725562038,5.905,-18.6260240492684
1.1465725562038,5.91,-18.6340173372864
1.1465725562038,5.915,-18.6420357761001
1.1465725562038,5.92,-18.6500791589999
1.1465725562038,5.925,-18.6581472801449
1.1465725562038,5.93,-18.6662399345612
1.1465725562038,5.935,-18.6743569181398
1.1465725562038,5.94,-18.6824980276343
1.1465725562038,5.945,-18.6906630606586
1.1465725562038,5.95,-18.6988518156851
1.1465725562038,5.955,-18.7070640920419
1.1465725562038,5.96,-18.7152996899108
1.1465725562038,5.965,-18.7235584103249
1.1465725562038,5.97,-18.7318400551663
1.1465725562038,5.975,-18.7401444271636
1.1465725562038,5.98,-18.7484713298894
1.1465725562038,5.985,-18.7568205677579
1.1465725562038,5.99,-18.7651919460224
1.1465725562038,5.995,-18.7735852707729
1.1465725562038,6,-18.7820003489332
1.15805365096369,0.5,-68.903647508658
1.15805365096369,0.505,-68.7694781795302
1.15805365096369,0.51,-68.6357398308838
1.15805365096369,0.515,-68.5024275945709
1.15805365096369,0.52,-68.3695367348908
1.15805365096369,0.525,-68.2370626451585
1.15805365096369,0.53,-68.1050008442744
1.15805365096369,0.535,-67.9733469733103
1.15805365096369,0.54,-67.8420967921158
1.15805365096369,0.545,-67.7112461759585
1.15805365096369,0.55,-67.5807911121992
1.15805365096369,0.555,-67.450727697013
1.15805365096369,0.56,-67.3210521321574
1.15805365096369,0.565,-67.1917607217959
1.15805365096369,0.57,-67.062849869376
1.15805365096369,0.575,-66.934316074569
1.15805365096369,0.58,-66.8061559302712
1.15805365096369,0.585,-66.6783661196704
1.15805365096369,0.59,-66.5509434133776
1.15805365096369,0.595,-66.423884666627
1.15805365096369,0.6,-66.297186816543
1.15805365096369,0.605,-66.1708468794769
1.15805365096369,0.61,-66.0448619484122
1.15805365096369,0.615,-65.9192291904383
1.15805365096369,0.62,-65.7939458442942
1.15805365096369,0.625,-65.6690092179795
1.15805365096369,0.63,-65.5444166864342
1.15805365096369,0.635,-65.4201656892848
1.15805365096369,0.64,-65.2962537286576
1.15805365096369,0.645,-65.1726783670573
1.15805365096369,0.65,-65.04943722531
1.15805365096369,0.655,-64.9265279805688
1.15805365096369,0.66,-64.8039483643839
1.15805365096369,0.665,-64.6816961608309
1.15805365096369,0.67,-64.5597692047012
1.15805365096369,0.675,-64.4381653797498
1.15805365096369,0.68,-64.3168826170001
1.15805365096369,0.685,-64.1959188931053
1.15805365096369,0.69,-64.0752722287637
1.15805365096369,0.695,-63.9549406871878
1.15805365096369,0.7,-63.834922372624
1.15805365096369,0.705,-63.715215428924
1.15805365096369,0.71,-63.5958180381643
1.15805365096369,0.715,-63.4767284193138
1.15805365096369,0.72,-63.357944826948
1.15805365096369,0.725,-63.2394655500071
1.15805365096369,0.73,-63.1212889105995
1.15805365096369,0.735,-63.0034132628459
1.15805365096369,0.74,-62.8858369917661
1.15805365096369,0.745,-62.7685585122042
1.15805365096369,0.75,-62.6515762677939
1.15805365096369,0.755,-62.5348887299606
1.15805365096369,0.76,-62.4184943969585
1.15805365096369,0.765,-62.3023917929454
1.15805365096369,0.77,-62.1865794670896
1.15805365096369,0.775,-62.0710559927092
1.15805365096369,0.78,-61.9558199664452
1.15805365096369,0.785,-61.8408700074637
1.15805365096369,0.79,-61.7262047566883
1.15805365096369,0.795,-61.611822876061
1.15805365096369,0.8,-61.4977230478314
1.15805365096369,0.805,-61.3839039738714
1.15805365096369,0.81,-61.2703643750179
1.15805365096369,0.815,-61.157102990438
1.15805365096369,0.82,-61.0441185770199
1.15805365096369,0.825,-60.9314099087867
1.15805365096369,0.83,-60.8189757763323
1.15805365096369,0.835,-60.7068149862793
1.15805365096369,0.84,-60.5949263607576
1.15805365096369,0.845,-60.4833087369031
1.15805365096369,0.85,-60.3719609663757
1.15805365096369,0.855,-60.2608819148963
1.15805365096369,0.86,-60.1500704618016
1.15805365096369,0.865,-60.0395254996162
1.15805365096369,0.87,-59.9292459336415
1.15805365096369,0.875,-59.8192306815607
1.15805365096369,0.88,-59.7094786730597
1.15805365096369,0.885,-59.5999888494617
1.15805365096369,0.89,-59.490760163378
1.15805365096369,0.895,-59.3817915783709
1.15805365096369,0.9,-59.2730820686312
1.15805365096369,0.905,-59.1646306186679
1.15805365096369,0.91,-59.05643622301
1.15805365096369,0.915,-58.9484978859212
1.15805365096369,0.92,-58.8408146211246
1.15805365096369,0.925,-58.7333854515396
1.15805365096369,0.93,-58.626209409029
1.15805365096369,0.935,-58.5192855341555
1.15805365096369,0.94,-58.4126128759492
1.15805365096369,0.945,-58.3061904916838
1.15805365096369,0.95,-58.2000174466616
1.15805365096369,0.955,-58.0940928140074
1.15805365096369,0.96,-57.9884156744716
1.15805365096369,0.965,-57.8829851162395
1.15805365096369,0.97,-57.7778002347499
1.15805365096369,0.975,-57.6728601325203
1.15805365096369,0.98,-57.5681639189793
1.15805365096369,0.985,-57.463710710306
1.15805365096369,0.99,-57.3594996292757
1.15805365096369,0.995,-57.2555298051121
1.15805365096369,1,-57.1518003733454
1.15805365096369,1.005,-57.048310475676
1.15805365096369,1.01,-56.9450592598443
1.15805365096369,1.015,-56.842045879505
1.15805365096369,1.02,-56.7392694941076
1.15805365096369,1.025,-56.6367292687807
1.15805365096369,1.03,-56.5344243742214
1.15805365096369,1.035,-56.4323539865898
1.15805365096369,1.04,-56.3305172874069
1.15805365096369,1.045,-56.2289134634572
1.15805365096369,1.05,-56.1275417066951
1.15805365096369,1.055,-56.026401214155
1.15805365096369,1.06,-55.9254911878654
1.15805365096369,1.065,-55.8248108347661
1.15805365096369,1.07,-55.7243593666291
1.15805365096369,1.075,-55.6241359999823
1.15805365096369,1.08,-55.5241399560366
1.15805365096369,1.085,-55.4243704606158
1.15805365096369,1.09,-55.3248267440895
1.15805365096369,1.095,-55.2255080413084
1.15805365096369,1.1,-55.1264135915422
1.15805365096369,1.105,-55.0275426384205
1.15805365096369,1.11,-54.9288944298752
1.15805365096369,1.115,-54.8304682180858
1.15805365096369,1.12,-54.7322632594269
1.15805365096369,1.125,-54.6342788144171
1.15805365096369,1.13,-54.5365141476707
1.15805365096369,1.135,-54.4389685278505
1.15805365096369,1.14,-54.3416412276232
1.15805365096369,1.145,-54.2445315236159
1.15805365096369,1.15,-54.1476386963746
1.15805365096369,1.155,-54.050962030324
1.15805365096369,1.16,-53.954500813729
1.15805365096369,1.165,-53.8582543386577
1.15805365096369,1.17,-53.7622219009454
1.15805365096369,1.175,-53.6664028001604
1.15805365096369,1.18,-53.5707963395706
1.15805365096369,1.185,-53.4754018261118
1.15805365096369,1.19,-53.3802185703563
1.15805365096369,1.195,-53.2852458864837
1.15805365096369,1.2,-53.1904830922516
1.15805365096369,1.205,-53.0959295089682
1.15805365096369,1.21,-53.0015844614651
1.15805365096369,1.215,-52.9074472780717
1.15805365096369,1.22,-52.8135172905899
1.15805365096369,1.225,-52.7197938342697
1.15805365096369,1.23,-52.6262762477857
1.15805365096369,1.235,-52.5329638732145
1.15805365096369,1.24,-52.4398560560122
1.15805365096369,1.245,-52.3469521449932
1.15805365096369,1.25,-52.2542514923095
1.15805365096369,1.255,-52.1617534534301
1.15805365096369,1.26,-52.0694573871215
1.15805365096369,1.265,-51.9773626554285
1.15805365096369,1.27,-51.8854686236558
1.15805365096369,1.275,-51.7937746603496
1.15805365096369,1.28,-51.7022801372799
1.15805365096369,1.285,-51.6109844294236
1.15805365096369,1.29,-51.5198869149472
1.15805365096369,1.295,-51.4289869751906
1.15805365096369,1.3,-51.338283994651
1.15805365096369,1.305,-51.2477773609673
1.15805365096369,1.31,-51.1574664649042
1.15805365096369,1.315,-51.0673507003378
1.15805365096369,1.32,-50.9774294642403
1.15805365096369,1.325,-50.8877021566656
1.15805365096369,1.33,-50.7981681807354
1.15805365096369,1.335,-50.7088269426245
1.15805365096369,1.34,-50.6196778515476
1.15805365096369,1.345,-50.5307203197458
1.15805365096369,1.35,-50.4419537624725
1.15805365096369,1.355,-50.3533775979813
1.15805365096369,1.36,-50.2649912475122
1.15805365096369,1.365,-50.1767941352794
1.15805365096369,1.37,-50.0887856884581
1.15805365096369,1.375,-50.0009653371725
1.15805365096369,1.38,-49.9133325144833
1.15805365096369,1.385,-49.8258866563754
1.15805365096369,1.39,-49.7386272017461
1.15805365096369,1.395,-49.6515535923928
1.15805365096369,1.4,-49.5646652730012
1.15805365096369,1.405,-49.477961691134
1.15805365096369,1.41,-49.3914422972187
1.15805365096369,1.415,-49.3051065445362
1.15805365096369,1.42,-49.2189538892095
1.15805365096369,1.425,-49.1329837901923
1.15805365096369,1.43,-49.0471957092572
1.15805365096369,1.435,-48.9615891109852
1.15805365096369,1.44,-48.8761634627537
1.15805365096369,1.445,-48.790918234726
1.15805365096369,1.45,-48.7058528998399
1.15805365096369,1.455,-48.6209669337967
1.15805365096369,1.46,-48.5362598150502
1.15805365096369,1.465,-48.4517310247958
1.15805365096369,1.47,-48.3673800469596
1.15805365096369,1.475,-48.2832063681873
1.15805365096369,1.48,-48.1992094778337
1.15805365096369,1.485,-48.1153888679516
1.15805365096369,1.49,-48.0317440332812
1.15805365096369,1.495,-47.9482744712392
1.15805365096369,1.5,-47.864979681908
1.15805365096369,1.505,-47.7818591680253
1.15805365096369,1.51,-47.698912434973
1.15805365096369,1.515,-47.6161389907668
1.15805365096369,1.52,-47.5335383460455
1.15805365096369,1.525,-47.4511100140599
1.15805365096369,1.53,-47.368853510663
1.15805365096369,1.535,-47.2867683542986
1.15805365096369,1.54,-47.2048540659911
1.15805365096369,1.545,-47.1231101693347
1.15805365096369,1.55,-47.041536190483
1.15805365096369,1.555,-46.960131658138
1.15805365096369,1.56,-46.8788961035401
1.15805365096369,1.565,-46.797829060457
1.15805365096369,1.57,-46.7169300651736
1.15805365096369,1.575,-46.6361986564808
1.15805365096369,1.58,-46.5556343756658
1.15805365096369,1.585,-46.4752367665006
1.15805365096369,1.59,-46.3950053752322
1.15805365096369,1.595,-46.3149397505718
1.15805365096369,1.6,-46.2350394436842
1.15805365096369,1.605,-46.1553040081772
1.15805365096369,1.61,-46.0757330000914
1.15805365096369,1.615,-45.9963259778894
1.15805365096369,1.62,-45.9170825024453
1.15805365096369,1.625,-45.8380021370344
1.15805365096369,1.63,-45.7590844473225
1.15805365096369,1.635,-45.6803290013553
1.15805365096369,1.64,-45.6017353695485
1.15805365096369,1.645,-45.5233031246765
1.15805365096369,1.65,-45.4450318418625
1.15805365096369,1.655,-45.3669210985678
1.15805365096369,1.66,-45.2889704745816
1.15805365096369,1.665,-45.2111795520101
1.15805365096369,1.67,-45.1335479152666
1.15805365096369,1.675,-45.0560751510605
1.15805365096369,1.68,-44.9787608483874
1.15805365096369,1.685,-44.9016045985184
1.15805365096369,1.69,-44.8246059949899
1.15805365096369,1.695,-44.747764633593
1.15805365096369,1.7,-44.6710801123632
1.15805365096369,1.705,-44.5945520315702
1.15805365096369,1.71,-44.5181799937072
1.15805365096369,1.715,-44.4419636034812
1.15805365096369,1.72,-44.3659024678019
1.15805365096369,1.725,-44.289996195772
1.15805365096369,1.73,-44.2142443986768
1.15805365096369,1.735,-44.1386466899736
1.15805365096369,1.74,-44.063202685282
1.15805365096369,1.745,-43.9879120023733
1.15805365096369,1.75,-43.9127742611601
1.15805365096369,1.755,-43.8377890836869
1.15805365096369,1.76,-43.762956094119
1.15805365096369,1.765,-43.6882749187331
1.15805365096369,1.77,-43.6137451859067
1.15805365096369,1.775,-43.5393665261081
1.15805365096369,1.78,-43.4651385718865
1.15805365096369,1.785,-43.391060957862
1.15805365096369,1.79,-43.317133320715
1.15805365096369,1.795,-43.243355299177
1.15805365096369,1.8,-43.16972653402
1.15805365096369,1.805,-43.0962466680469
1.15805365096369,1.81,-43.0229153460815
1.15805365096369,1.815,-42.9497322149585
1.15805365096369,1.82,-42.8766969235137
1.15805365096369,1.825,-42.8038091225743
1.15805365096369,1.83,-42.7310684649487
1.15805365096369,1.835,-42.6584746054174
1.15805365096369,1.84,-42.5860272007226
1.15805365096369,1.845,-42.5137259095589
1.15805365096369,1.85,-42.4415703925632
1.15805365096369,1.855,-42.3695603123058
1.15805365096369,1.86,-42.29769533328
1.15805365096369,1.865,-42.2259751218929
1.15805365096369,1.87,-42.154399346456
1.15805365096369,1.875,-42.0829676771753
1.15805365096369,1.88,-42.0116797861423
1.15805365096369,1.885,-41.9405353473242
1.15805365096369,1.89,-41.8695340365546
1.15805365096369,1.895,-41.7986755315244
1.15805365096369,1.9,-41.7279595117722
1.15805365096369,1.905,-41.6573856586751
1.15805365096369,1.91,-41.5869536554394
1.15805365096369,1.915,-41.5166631870917
1.15805365096369,1.92,-41.4465139404696
1.15805365096369,1.925,-41.3765056042123
1.15805365096369,1.93,-41.306637868752
1.15805365096369,1.935,-41.2369104263047
1.15805365096369,1.94,-41.1673229708611
1.15805365096369,1.945,-41.0978751981778
1.15805365096369,1.95,-41.0285668057684
1.15805365096369,1.955,-40.9593974928948
1.15805365096369,1.96,-40.8903669605579
1.15805365096369,1.965,-40.8214749114896
1.15805365096369,1.97,-40.7527210501434
1.15805365096369,1.975,-40.6841050826864
1.15805365096369,1.98,-40.61562671699
1.15805365096369,1.985,-40.5472856626219
1.15805365096369,1.99,-40.4790816308373
1.15805365096369,1.995,-40.4110143345706
1.15805365096369,2,-40.3430834884269
1.15805365096369,2.005,-40.2752888086736
1.15805365096369,2.01,-40.2076300132322
1.15805365096369,2.015,-40.14010682167
1.15805365096369,2.02,-40.072718955192
1.15805365096369,2.025,-40.0054661366323
1.15805365096369,2.03,-39.9383480904467
1.15805365096369,2.035,-39.871364542704
1.15805365096369,2.04,-39.8045152210786
1.15805365096369,2.045,-39.7377998548419
1.15805365096369,2.05,-39.6712181748549
1.15805365096369,2.055,-39.6047699135604
1.15805365096369,2.06,-39.5384548049748
1.15805365096369,2.065,-39.4722725846806
1.15805365096369,2.07,-39.406222989819
1.15805365096369,2.075,-39.3403057590817
1.15805365096369,2.08,-39.2745206327039
1.15805365096369,2.085,-39.2088673524566
1.15805365096369,2.09,-39.1433456616389
1.15805365096369,2.095,-39.077955305071
1.15805365096369,2.1,-39.0126960290866
1.15805365096369,2.105,-38.9475675815259
1.15805365096369,2.11,-38.8825697117281
1.15805365096369,2.115,-38.8177021705242
1.15805365096369,2.12,-38.7529647102303
1.15805365096369,2.125,-38.6883570846402
1.15805365096369,2.13,-38.6238790490184
1.15805365096369,2.135,-38.5595303600935
1.15805365096369,2.14,-38.4953107760511
1.15805365096369,2.145,-38.4312200565268
1.15805365096369,2.15,-38.3672579626
1.15805365096369,2.155,-38.3034242567867
1.15805365096369,2.16,-38.239718703033
1.15805365096369,2.165,-38.1761410667088
1.15805365096369,2.17,-38.112691114601
1.15805365096369,2.175,-38.049368614907
1.15805365096369,2.18,-37.9861733372287
1.15805365096369,2.185,-37.9231050525658
1.15805365096369,2.19,-37.8601635333097
1.15805365096369,2.195,-37.7973485532372
1.15805365096369,2.2,-37.7346598875047
1.15805365096369,2.205,-37.6720973126414
1.15805365096369,2.21,-37.6096606065441
1.15805365096369,2.215,-37.5473495484708
1.15805365096369,2.22,-37.4851639190349
1.15805365096369,2.225,-37.4231035001991
1.15805365096369,2.23,-37.3611680752704
1.15805365096369,2.235,-37.2993574288933
1.15805365096369,2.24,-37.2376713470451
1.15805365096369,2.245,-37.1761096170299
1.15805365096369,2.25,-37.1146720274731
1.15805365096369,2.255,-37.0533583683158
1.15805365096369,2.26,-36.9921684308099
1.15805365096369,2.265,-36.9311020075121
1.15805365096369,2.27,-36.8701588922792
1.15805365096369,2.275,-36.8093388802627
1.15805365096369,2.28,-36.7486417679033
1.15805365096369,2.285,-36.6880673529265
1.15805365096369,2.29,-36.6276154343369
1.15805365096369,2.295,-36.5672858124138
1.15805365096369,2.3,-36.5070782887058
1.15805365096369,2.305,-36.4469926660264
1.15805365096369,2.31,-36.387028748449
1.15805365096369,2.315,-36.3271863413022
1.15805365096369,2.32,-36.2674652511652
1.15805365096369,2.325,-36.2078652858631
1.15805365096369,2.33,-36.1483862544628
1.15805365096369,2.335,-36.0890279672677
1.15805365096369,2.34,-36.0297902358142
1.15805365096369,2.345,-35.9706728728668
1.15805365096369,2.35,-35.9116756924141
1.15805365096369,2.355,-35.8527985096644
1.15805365096369,2.36,-35.7940411410415
1.15805365096369,2.365,-35.735403404181
1.15805365096369,2.37,-35.6768851179257
1.15805365096369,2.375,-35.6184861023221
1.15805365096369,2.38,-35.5602061786162
1.15805365096369,2.385,-35.5020451692498
1.15805365096369,2.39,-35.4440028978567
1.15805365096369,2.395,-35.3860791892588
1.15805365096369,2.4,-35.3282738694627
1.15805365096369,2.405,-35.2705867656557
1.15805365096369,2.41,-35.2130177062027
1.15805365096369,2.415,-35.1555665206425
1.15805365096369,2.42,-35.0982330396841
1.15805365096369,2.425,-35.0410170952037
1.15805365096369,2.43,-34.9839185202414
1.15805365096369,2.435,-34.9269371489976
1.15805365096369,2.44,-34.8700728168299
1.15805365096369,2.445,-34.8133253602502
1.15805365096369,2.45,-34.7566946169214
1.15805365096369,2.455,-34.7001804256542
1.15805365096369,2.46,-34.6437826264045
1.15805365096369,2.465,-34.5875010602703
1.15805365096369,2.47,-34.5313355694887
1.15805365096369,2.475,-34.4752859974331
1.15805365096369,2.48,-34.4193521886108
1.15805365096369,2.485,-34.3635339886599
1.15805365096369,2.49,-34.3078312443466
1.15805365096369,2.495,-34.252243803563
1.15805365096369,2.5,-34.1967715153242
1.15805365096369,2.505,-34.141414229766
1.15805365096369,2.51,-34.0861717981422
1.15805365096369,2.515,-34.0310440728225
1.15805365096369,2.52,-33.9760309072901
1.15805365096369,2.525,-33.9211321561391
1.15805365096369,2.53,-33.8663476750728
1.15805365096369,2.535,-33.8116773209008
1.15805365096369,2.54,-33.7571209515377
1.15805365096369,2.545,-33.7026784260002
1.15805365096369,2.55,-33.6483496044054
1.15805365096369,2.555,-33.594134347969
1.15805365096369,2.56,-33.5400325190029
1.15805365096369,2.565,-33.4860439809136
1.15805365096369,2.57,-33.4321685982003
1.15805365096369,2.575,-33.3784062364527
1.15805365096369,2.58,-33.3247567623499
1.15805365096369,2.585,-33.2712200436581
1.15805365096369,2.59,-33.2177959492289
1.15805365096369,2.595,-33.1644843489982
1.15805365096369,2.6,-33.1112851139838
1.15805365096369,2.605,-33.0581981162845
1.15805365096369,2.61,-33.0052232290781
1.15805365096369,2.615,-32.9523603266202
1.15805365096369,2.62,-32.8996092842424
1.15805365096369,2.625,-32.8469699783514
1.15805365096369,2.63,-32.794442286427
1.15805365096369,2.635,-32.7420260870212
1.15805365096369,2.64,-32.6897212597565
1.15805365096369,2.645,-32.6375276853251
1.15805365096369,2.65,-32.5854452454871
1.15805365096369,2.655,-32.5334738230697
1.15805365096369,2.66,-32.4816133019658
1.15805365096369,2.665,-32.4298635671329
1.15805365096369,2.67,-32.3782245045917
1.15805365096369,2.675,-32.3266960014255
1.15805365096369,2.68,-32.2752779457787
1.15805365096369,2.685,-32.223970226856
1.15805365096369,2.69,-32.1727727349212
1.15805365096369,2.695,-32.1216853612961
1.15805365096369,2.7,-32.0707079983599
1.15805365096369,2.705,-32.0198405395479
1.15805365096369,2.71,-31.9690828793506
1.15805365096369,2.715,-31.9184349133128
1.15805365096369,2.72,-31.867896538033
1.15805365096369,2.725,-31.8174676511619
1.15805365096369,2.73,-31.7671481514022
1.15805365096369,2.735,-31.7169379385073
1.15805365096369,2.74,-31.6668369132805
1.15805365096369,2.745,-31.6168449775743
1.15805365096369,2.75,-31.5669620342897
1.15805365096369,2.755,-31.5171879873752
1.15805365096369,2.76,-31.467522741826
1.15805365096369,2.765,-31.4179662036834
1.15805365096369,2.77,-31.3685182800336
1.15805365096369,2.775,-31.3191788790077
1.15805365096369,2.78,-31.2699479097802
1.15805365096369,2.785,-31.2208252825685
1.15805365096369,2.79,-31.1718109086322
1.15805365096369,2.795,-31.1229047002726
1.15805365096369,2.8,-31.0741065708311
1.15805365096369,2.805,-31.0254164346895
1.15805365096369,2.81,-30.9768342072685
1.15805365096369,2.815,-30.9283598050271
1.15805365096369,2.82,-30.8799931454622
1.15805365096369,2.825,-30.8317341471073
1.15805365096369,2.83,-30.783582729532
1.15805365096369,2.835,-30.7355388133413
1.15805365096369,2.84,-30.6876023201745
1.15805365096369,2.845,-30.6397731727046
1.15805365096369,2.85,-30.5920512946374
1.15805365096369,2.855,-30.5444366107109
1.15805365096369,2.86,-30.496929046694
1.15805365096369,2.865,-30.4495285293859
1.15805365096369,2.87,-30.4022349866153
1.15805365096369,2.875,-30.3550483472392
1.15805365096369,2.88,-30.3079685411421
1.15805365096369,2.885,-30.2609954992354
1.15805365096369,2.89,-30.2141291534555
1.15805365096369,2.895,-30.167369436764
1.15805365096369,2.9,-30.1207162831456
1.15805365096369,2.905,-30.0741696276076
1.15805365096369,2.91,-30.0277294061787
1.15805365096369,2.915,-29.9813955559079
1.15805365096369,2.92,-29.9351680148631
1.15805365096369,2.925,-29.8890467221303
1.15805365096369,2.93,-29.8430316178121
1.15805365096369,2.935,-29.7971226430262
1.15805365096369,2.94,-29.7513197399049
1.15805365096369,2.945,-29.7056228515927
1.15805365096369,2.95,-29.6600319222458
1.15805365096369,2.955,-29.6145468970299
1.15805365096369,2.96,-29.5691677221195
1.15805365096369,2.965,-29.5238943446956
1.15805365096369,2.97,-29.4787267129446
1.15805365096369,2.975,-29.4336647760565
1.15805365096369,2.98,-29.3887084842233
1.15805365096369,2.985,-29.3438577886371
1.15805365096369,2.99,-29.2991126414885
1.15805365096369,2.995,-29.2544729959644
1.15805365096369,3,-29.2099388062466
1.15805365096369,3.005,-29.1655100275094
1.15805365096369,3.01,-29.1211866159176
1.15805365096369,3.015,-29.0769685286246
1.15805365096369,3.02,-29.0328557237701
1.15805365096369,3.025,-28.9888481604778
1.15805365096369,3.03,-28.9449457988534
1.15805365096369,3.035,-28.9011485999816
1.15805365096369,3.04,-28.8574565259244
1.15805365096369,3.045,-28.813869539718
1.15805365096369,3.05,-28.7703876053704
1.15805365096369,3.055,-28.727010687859
1.15805365096369,3.06,-28.6837387531271
1.15805365096369,3.065,-28.640571768082
1.15805365096369,3.07,-28.5975097005913
1.15805365096369,3.075,-28.5545525194804
1.15805365096369,3.08,-28.5117001945289
1.15805365096369,3.085,-28.4689526964682
1.15805365096369,3.09,-28.4263099969773
1.15805365096369,3.095,-28.3837720686802
1.15805365096369,3.1,-28.3413388851421
1.15805365096369,3.105,-28.2990104208657
1.15805365096369,3.11,-28.256786651288
1.15805365096369,3.115,-28.2146675527762
1.15805365096369,3.12,-28.1726531026241
1.15805365096369,3.125,-28.1307432790479
1.15805365096369,3.13,-28.0889380611824
1.15805365096369,3.135,-28.0472374290768
1.15805365096369,3.14,-28.0056413636901
1.15805365096369,3.145,-27.9641498468875
1.15805365096369,3.15,-27.9227628614353
1.15805365096369,3.155,-27.8814803909964
1.15805365096369,3.16,-27.8403024201258
1.15805365096369,3.165,-27.7992289342658
1.15805365096369,3.17,-27.7582599197409
1.15805365096369,3.175,-27.717395363753
1.15805365096369,3.18,-27.6766352543761
1.15805365096369,3.185,-27.6359795805509
1.15805365096369,3.19,-27.5954283320799
1.15805365096369,3.195,-27.5549814996211
1.15805365096369,3.2,-27.5146390746833
1.15805365096369,3.205,-27.4744010496197
1.15805365096369,3.21,-27.434267417622
1.15805365096369,3.215,-27.3942381727148
1.15805365096369,3.22,-27.3543133097491
1.15805365096369,3.225,-27.3144928243964
1.15805365096369,3.23,-27.2747767131416
1.15805365096369,3.235,-27.2351649732774
1.15805365096369,3.24,-27.1956576028969
1.15805365096369,3.245,-27.1562546008869
1.15805365096369,3.25,-27.1169559669214
1.15805365096369,3.255,-27.077761701454
1.15805365096369,3.26,-27.038671805711
1.15805365096369,3.265,-26.9996862816838
1.15805365096369,3.27,-26.9608051321216
1.15805365096369,3.275,-26.9220283605236
1.15805365096369,3.28,-26.8833559711315
1.15805365096369,3.285,-26.8447879689209
1.15805365096369,3.29,-26.8063243595942
1.15805365096369,3.295,-26.7679651495714
1.15805365096369,3.3,-26.7297103459824
1.15805365096369,3.305,-26.6915599566581
1.15805365096369,3.31,-26.6535139901218
1.15805365096369,3.315,-26.6155724555807
1.15805365096369,3.32,-26.5777353629164
1.15805365096369,3.325,-26.540002722676
1.15805365096369,3.33,-26.502374546063
1.15805365096369,3.335,-26.4648508449276
1.15805365096369,3.34,-26.4274316317571
1.15805365096369,3.345,-26.3901169196664
1.15805365096369,3.35,-26.352906722388
1.15805365096369,3.355,-26.3158010542615
1.15805365096369,3.36,-26.2787999302243
1.15805365096369,3.365,-26.2419033658003
1.15805365096369,3.37,-26.2051113770899
1.15805365096369,3.375,-26.1684239807592
1.15805365096369,3.38,-26.1318411940289
1.15805365096369,3.385,-26.0953630346638
1.15805365096369,3.39,-26.0589895209611
1.15805365096369,3.395,-26.0227206717393
1.15805365096369,3.4,-25.9865565063268
1.15805365096369,3.405,-25.9504970445501
1.15805365096369,3.41,-25.9145423067221
1.15805365096369,3.415,-25.8786923136298
1.15805365096369,3.42,-25.8429470865227
1.15805365096369,3.425,-25.8073066471002
1.15805365096369,3.43,-25.771771017499
1.15805365096369,3.435,-25.7363402202807
1.15805365096369,3.44,-25.701014278419
1.15805365096369,3.445,-25.6657932152869
1.15805365096369,3.45,-25.6306770546431
1.15805365096369,3.455,-25.5956658206193
1.15805365096369,3.46,-25.5607595377064
1.15805365096369,3.465,-25.5259582307412
1.15805365096369,3.47,-25.4912619248924
1.15805365096369,3.475,-25.4566706456471
1.15805365096369,3.48,-25.4221844187961
1.15805365096369,3.485,-25.3878032704204
1.15805365096369,3.49,-25.3535272268763
1.15805365096369,3.495,-25.3193563147811
1.15805365096369,3.5,-25.2852905609986
1.15805365096369,3.505,-25.2513299926239
1.15805365096369,3.51,-25.2174746369684
1.15805365096369,3.515,-25.1837245215453
1.15805365096369,3.52,-25.1500796740535
1.15805365096369,3.525,-25.1165401223627
1.15805365096369,3.53,-25.0831058944974
1.15805365096369,3.535,-25.0497770186216
1.15805365096369,3.54,-25.0165535230227
1.15805365096369,3.545,-24.9834354360954
1.15805365096369,3.55,-24.9504227863256
1.15805365096369,3.555,-24.9175156022741
1.15805365096369,3.56,-24.8847139125601
1.15805365096369,3.565,-24.8520177458447
1.15805365096369,3.57,-24.819427130814
1.15805365096369,3.575,-24.7869420961624
1.15805365096369,3.58,-24.7545626705754
1.15805365096369,3.585,-24.7222888827127
1.15805365096369,3.59,-24.6901207611908
1.15805365096369,3.595,-24.6580583345653
1.15805365096369,3.6,-24.6261016313142
1.15805365096369,3.605,-24.5942506798191
1.15805365096369,3.61,-24.5625055083486
1.15805365096369,3.615,-24.5308661450395
1.15805365096369,3.62,-24.4993326178792
1.15805365096369,3.625,-24.4679049546874
1.15805365096369,3.63,-24.4365831830981
1.15805365096369,3.635,-24.4053673305411
1.15805365096369,3.64,-24.3742574242232
1.15805365096369,3.645,-24.3432534911103
1.15805365096369,3.65,-24.312355557908
1.15805365096369,3.655,-24.2815636510435
1.15805365096369,3.66,-24.2508777966462
1.15805365096369,3.665,-24.2202980205288
1.15805365096369,3.67,-24.1898243481686
1.15805365096369,3.675,-24.1594568046879
1.15805365096369,3.68,-24.1291954148348
1.15805365096369,3.685,-24.0990402029642
1.15805365096369,3.69,-24.0689911930182
1.15805365096369,3.695,-24.0390484085063
1.15805365096369,3.7,-24.0092118724862
1.15805365096369,3.705,-23.9794816075443
1.15805365096369,3.71,-23.9498576357753
1.15805365096369,3.715,-23.9203399787633
1.15805365096369,3.72,-23.8909286575612
1.15805365096369,3.725,-23.8616236926713
1.15805365096369,3.73,-23.8324251040251
1.15805365096369,3.735,-23.8033329109634
1.15805365096369,3.74,-23.7743471322162
1.15805365096369,3.745,-23.7454677858827
1.15805365096369,3.75,-23.7166948894108
1.15805365096369,3.755,-23.6880284595775
1.15805365096369,3.76,-23.6594685124682
1.15805365096369,3.765,-23.6310150634568
1.15805365096369,3.77,-23.6026681271851
1.15805365096369,3.775,-23.574427717543
1.15805365096369,3.78,-23.5462938476475
1.15805365096369,3.785,-23.5182665298232
1.15805365096369,3.79,-23.4903457755811
1.15805365096369,3.795,-23.4625315955992
1.15805365096369,3.8,-23.4348239997013
1.15805365096369,3.805,-23.4072229968374
1.15805365096369,3.81,-23.3797285950627
1.15805365096369,3.815,-23.3523408015179
1.15805365096369,3.82,-23.3250596224085
1.15805365096369,3.825,-23.2978850629847
1.15805365096369,3.83,-23.2708171275212
1.15805365096369,3.835,-23.2438558192968
1.15805365096369,3.84,-23.2170011405742
1.15805365096369,3.845,-23.1902530925802
1.15805365096369,3.85,-23.1636116754852
1.15805365096369,3.855,-23.1370768883833
1.15805365096369,3.86,-23.1106487292722
1.15805365096369,3.865,-23.0843271950337
1.15805365096369,3.87,-23.0581122814129
1.15805365096369,3.875,-23.0320039829992
1.15805365096369,3.88,-23.0060022932064
1.15805365096369,3.885,-22.9801072042526
1.15805365096369,3.89,-22.9543187071409
1.15805365096369,3.895,-22.9286367916401
1.15805365096369,3.9,-22.9030614462646
1.15805365096369,3.905,-22.8775926582559
1.15805365096369,3.91,-22.8522304135627
1.15805365096369,3.915,-22.8269746968219
1.15805365096369,3.92,-22.80182549134
1.15805365096369,3.925,-22.7767827790737
1.15805365096369,3.93,-22.751846540611
1.15805365096369,3.935,-22.7270167551532
1.15805365096369,3.94,-22.7022934004956
1.15805365096369,3.945,-22.6776764530095
1.15805365096369,3.95,-22.6531658876238
1.15805365096369,3.955,-22.6287616778069
1.15805365096369,3.96,-22.6044637955484
1.15805365096369,3.965,-22.580272211342
1.15805365096369,3.97,-22.5561868941667
1.15805365096369,3.975,-22.5322078114702
1.15805365096369,3.98,-22.5083349291512
1.15805365096369,3.985,-22.4845682115421
1.15805365096369,3.99,-22.4609076213919
1.15805365096369,3.995,-22.4373531198495
1.15805365096369,4,-22.4139046664473
1.15805365096369,4.005,-22.3905622190839
1.15805365096369,4.01,-22.3673257340087
1.15805365096369,4.015,-22.3441951658052
1.15805365096369,4.02,-22.3211704673753
1.15805365096369,4.025,-22.2982515899235
1.15805365096369,4.03,-22.2754384829416
1.15805365096369,4.035,-22.2527310941933
1.15805365096369,4.04,-22.2301293696989
1.15805365096369,4.045,-22.2076332537209
1.15805365096369,4.05,-22.1852426887492
1.15805365096369,4.055,-22.1629576154864
1.15805365096369,4.06,-22.140777972834
1.15805365096369,4.065,-22.1187036978785
1.15805365096369,4.07,-22.0967347258776
1.15805365096369,4.075,-22.0748709902464
1.15805365096369,4.08,-22.053112422545
1.15805365096369,4.085,-22.0314589524649
1.15805365096369,4.09,-22.0099105078166
1.15805365096369,4.095,-21.9884670145171
1.15805365096369,4.1,-21.9671283965779
1.15805365096369,4.105,-21.9458945760927
1.15805365096369,4.11,-21.9247654732264
1.15805365096369,4.115,-21.9037410062032
1.15805365096369,4.12,-21.8828210912958
1.15805365096369,4.125,-21.8620056428145
1.15805365096369,4.13,-21.8412945730969
1.15805365096369,4.135,-21.8206877924975
1.15805365096369,4.14,-21.8001852093778
1.15805365096369,4.145,-21.7797867300965
1.15805365096369,4.15,-21.7594922590007
1.15805365096369,4.155,-21.7393016984161
1.15805365096369,4.16,-21.719214948639
1.15805365096369,4.165,-21.6992319079274
1.15805365096369,4.17,-21.6793524724929
1.15805365096369,4.175,-21.6595765364931
1.15805365096369,4.18,-21.6399039920239
1.15805365096369,4.185,-21.6203347291124
1.15805365096369,4.19,-21.6008686357101
1.15805365096369,4.195,-21.5815055976859
1.15805365096369,4.2,-21.5622454988206
1.15805365096369,4.205,-21.5430882208003
1.15805365096369,4.21,-21.5240336432113
1.15805365096369,4.215,-21.5050816435342
1.15805365096369,4.22,-21.4862320971398
1.15805365096369,4.225,-21.4674848772838
1.15805365096369,4.23,-21.4488398551028
1.15805365096369,4.235,-21.4302968996103
1.15805365096369,4.24,-21.4118558776932
1.15805365096369,4.245,-21.3935166541081
1.15805365096369,4.25,-21.375279091479
1.15805365096369,4.255,-21.357143050294
1.15805365096369,4.26,-21.3391083889037
1.15805365096369,4.265,-21.3211749635184
1.15805365096369,4.27,-21.3033426282076
1.15805365096369,4.275,-21.2856112348976
1.15805365096369,4.28,-21.2679806333714
1.15805365096369,4.285,-21.2504506712677
1.15805365096369,4.29,-21.2330211940808
1.15805365096369,4.295,-21.2156920451608
1.15805365096369,4.3,-21.1984630657136
1.15805365096369,4.305,-21.1813340948021
1.15805365096369,4.31,-21.1643049693474
1.15805365096369,4.315,-21.1473755241297
1.15805365096369,4.32,-21.1305455917905
1.15805365096369,4.325,-21.1138150028348
1.15805365096369,4.33,-21.0971835856332
1.15805365096369,4.335,-21.0806511664253
1.15805365096369,4.34,-21.0642175693219
1.15805365096369,4.345,-21.0478826163096
1.15805365096369,4.35,-21.0316461272536
1.15805365096369,4.355,-21.0155079199027
1.15805365096369,4.36,-20.9994678098932
1.15805365096369,4.365,-20.9835256107537
1.15805365096369,4.37,-20.9676811339109
1.15805365096369,4.375,-20.9519341886941
1.15805365096369,4.38,-20.9362845823419
1.15805365096369,4.385,-20.9207321200077
1.15805365096369,4.39,-20.9052766047665
1.15805365096369,4.395,-20.8899178376215
1.15805365096369,4.4,-20.8746556175112
1.15805365096369,4.405,-20.8594897413169
1.15805365096369,4.41,-20.8444200038702
1.15805365096369,4.415,-20.8294461979615
1.15805365096369,4.42,-20.8145681143478
1.15805365096369,4.425,-20.7997855417617
1.15805365096369,4.43,-20.7850982669203
1.15805365096369,4.435,-20.7705060745342
1.15805365096369,4.44,-20.7560087473176
1.15805365096369,4.445,-20.7416060659979
1.15805365096369,4.45,-20.7272978093254
1.15805365096369,4.455,-20.7130837540848
1.15805365096369,4.46,-20.6989636751049
1.15805365096369,4.465,-20.6849373452703
1.15805365096369,4.47,-20.6710045355323
1.15805365096369,4.475,-20.6571650149209
1.15805365096369,4.48,-20.6434185505564
1.15805365096369,4.485,-20.6297649076617
1.15805365096369,4.49,-20.6162038495744
1.15805365096369,4.495,-20.6027351377601
1.15805365096369,4.5,-20.5893585318248
1.15805365096369,4.505,-20.5760737895283
1.15805365096369,4.51,-20.5628806667977
1.15805365096369,4.515,-20.5497789177412
1.15805365096369,4.52,-20.536768294662
1.15805365096369,4.525,-20.5238485480722
1.15805365096369,4.53,-20.511019426708
1.15805365096369,4.535,-20.4982806775438
1.15805365096369,4.54,-20.4856320458071
1.15805365096369,4.545,-20.4730732749942
1.15805365096369,4.55,-20.460604106885
1.15805365096369,4.555,-20.4482242815591
1.15805365096369,4.56,-20.4359335374112
1.15805365096369,4.565,-20.4237316111673
1.15805365096369,4.57,-20.4116182379013
1.15805365096369,4.575,-20.3995931510507
1.15805365096369,4.58,-20.3876560824341
1.15805365096369,4.585,-20.3758067622674
1.15805365096369,4.59,-20.3640449191811
1.15805365096369,4.595,-20.3523702802377
1.15805365096369,4.6,-20.3407825709488
1.15805365096369,4.605,-20.3292815152927
1.15805365096369,4.61,-20.3178668357326
1.15805365096369,4.615,-20.306538253234
1.15805365096369,4.62,-20.2952954872829
1.15805365096369,4.625,-20.2841382559045
1.15805365096369,4.63,-20.2730662756811
1.15805365096369,4.635,-20.2620792617708
1.15805365096369,4.64,-20.2511769279264
1.15805365096369,4.645,-20.240358986514
1.15805365096369,4.65,-20.2296251485322
1.15805365096369,4.655,-20.2189751236309
1.15805365096369,4.66,-20.2084086201311
1.15805365096369,4.665,-20.1979253450437
1.15805365096369,4.67,-20.1875250040893
1.15805365096369,4.675,-20.1772073017177
1.15805365096369,4.68,-20.1669719411277
1.15805365096369,4.685,-20.1568186242867
1.15805365096369,4.69,-20.146747051951
1.15805365096369,4.695,-20.1367569236854
1.15805365096369,4.7,-20.1268479378836
1.15805365096369,4.705,-20.1170197917881
1.15805365096369,4.71,-20.1072721815107
1.15805365096369,4.715,-20.0976048020528
1.15805365096369,4.72,-20.0880173473258
1.15805365096369,4.725,-20.0785095101715
1.15805365096369,4.73,-20.0690809823826
1.15805365096369,4.735,-20.0597314547237
1.15805365096369,4.74,-20.0504606169513
1.15805365096369,4.745,-20.0412681578351
1.15805365096369,4.75,-20.0321537651784
1.15805365096369,4.755,-20.0231171258389
1.15805365096369,4.76,-20.0141579257499
1.15805365096369,4.765,-20.0052758499405
1.15805365096369,4.77,-19.996470582557
1.15805365096369,4.775,-19.9877418068838
1.15805365096369,4.78,-19.9790892053637
1.15805365096369,4.785,-19.9705124596198
1.15805365096369,4.79,-19.9620112504756
1.15805365096369,4.795,-19.9535852579763
1.15805365096369,4.8,-19.9452341614099
1.15805365096369,4.805,-19.9369576393276
1.15805365096369,4.81,-19.9287553695656
1.15805365096369,4.815,-19.920627029265
1.15805365096369,4.82,-19.9125722948935
1.15805365096369,4.825,-19.9045908422661
1.15805365096369,4.83,-19.8966823465655
1.15805365096369,4.835,-19.8888464823637
1.15805365096369,4.84,-19.8810829236422
1.15805365096369,4.845,-19.8733913438131
1.15805365096369,4.85,-19.8657714157395
1.15805365096369,4.855,-19.8582228117567
1.15805365096369,4.86,-19.8507452036924
1.15805365096369,4.865,-19.8433382628873
1.15805365096369,4.87,-19.836001660216
1.15805365096369,4.875,-19.8287350661071
1.15805365096369,4.88,-19.8215381505639
1.15805365096369,4.885,-19.8144105831845
1.15805365096369,4.89,-19.8073520331823
1.15805365096369,4.895,-19.800362169406
1.15805365096369,4.9,-19.7934406603602
1.15805365096369,4.905,-19.7865871742247
1.15805365096369,4.91,-19.7798013788753
1.15805365096369,4.915,-19.7730829419031
1.15805365096369,4.92,-19.7664315306346
1.15805365096369,4.925,-19.7598468121514
1.15805365096369,4.93,-19.7533284533099
1.15805365096369,4.935,-19.7468761207605
1.15805365096369,4.94,-19.7404894809673
1.15805365096369,4.945,-19.7341682002278
1.15805365096369,4.95,-19.7279119446912
1.15805365096369,4.955,-19.7217203803785
1.15805365096369,4.96,-19.7155931732009
1.15805365096369,4.965,-19.7095299889789
1.15805365096369,4.97,-19.7035304934612
1.15805365096369,4.975,-19.697594352343
1.15805365096369,4.98,-19.6917212312853
1.15805365096369,4.985,-19.6859107959324
1.15805365096369,4.99,-19.6801627119309
1.15805365096369,4.995,-19.6744766449476
1.15805365096369,5,-19.6688522606877
1.15805365096369,5.005,-19.6632892249126
1.15805365096369,5.01,-19.6577872034577
1.15805365096369,5.015,-19.6523458622502
1.15805365096369,5.02,-19.6469648673265
1.15805365096369,5.025,-19.6416438848495
1.15805365096369,5.03,-19.6363825811262
1.15805365096369,5.035,-19.6311806226246
1.15805365096369,5.04,-19.6260376759903
1.15805365096369,5.045,-19.6209534080641
1.15805365096369,5.05,-19.615927485898
1.15805365096369,5.055,-19.6109595767722
1.15805365096369,5.06,-19.606049348211
1.15805365096369,5.065,-19.6011964679995
1.15805365096369,5.07,-19.5964006041993
1.15805365096369,5.075,-19.5916614251648
1.15805365096369,5.08,-19.5869785995586
1.15805365096369,5.085,-19.5823517963674
1.15805365096369,5.09,-19.5777806849172
1.15805365096369,5.095,-19.573264934889
1.15805365096369,5.1,-19.5688042163334
1.15805365096369,5.105,-19.564398199686
1.15805365096369,5.11,-19.5600465557821
1.15805365096369,5.115,-19.5557489558714
1.15805365096369,5.12,-19.5515050716323
1.15805365096369,5.125,-19.5473145751866
1.15805365096369,5.13,-19.5431771391133
1.15805365096369,5.135,-19.5390924364629
1.15805365096369,5.14,-19.5350601407709
1.15805365096369,5.145,-19.531079926072
1.15805365096369,5.15,-19.5271514669132
1.15805365096369,5.155,-19.5232744383671
1.15805365096369,5.16,-19.5194485160455
1.15805365096369,5.165,-19.5156733761118
1.15805365096369,5.17,-19.5119486952947
1.15805365096369,5.175,-19.5082741508998
1.15805365096369,5.18,-19.5046494208232
1.15805365096369,5.185,-19.501074183563
1.15805365096369,5.19,-19.4975481182319
1.15805365096369,5.195,-19.4940709045691
1.15805365096369,5.2,-19.4906422229521
1.15805365096369,5.205,-19.4872617544085
1.15805365096369,5.21,-19.4839291806274
1.15805365096369,5.215,-19.4806441839705
1.15805365096369,5.22,-19.4774064474839
1.15805365096369,5.225,-19.4742156549083
1.15805365096369,5.23,-19.4710714906905
1.15805365096369,5.235,-19.4679736399936
1.15805365096369,5.24,-19.4649217887078
1.15805365096369,5.245,-19.4619156234606
1.15805365096369,5.25,-19.4589548316267
1.15805365096369,5.255,-19.4560391013385
1.15805365096369,5.26,-19.4531681214955
1.15805365096369,5.265,-19.4503415817743
1.15805365096369,5.27,-19.4475591726378
1.15805365096369,5.275,-19.4448205853445
1.15805365096369,5.28,-19.4421255119579
1.15805365096369,5.285,-19.4394736453556
1.15805365096369,5.29,-19.4368646792376
1.15805365096369,5.295,-19.4342983081355
1.15805365096369,5.3,-19.4317742274208
1.15805365096369,5.305,-19.4292921333131
1.15805365096369,5.31,-19.4268517228886
1.15805365096369,5.315,-19.424452694088
1.15805365096369,5.32,-19.4220947457243
1.15805365096369,5.325,-19.4197775774905
1.15805365096369,5.33,-19.4175008899672
1.15805365096369,5.335,-19.4152643846302
1.15805365096369,5.34,-19.4130677638573
1.15805365096369,5.345,-19.4109107309357
1.15805365096369,5.35,-19.4087929900689
1.15805365096369,5.355,-19.4067142463834
1.15805365096369,5.36,-19.4046742059354
1.15805365096369,5.365,-19.4026725757171
1.15805365096369,5.37,-19.4007090636633
1.15805365096369,5.375,-19.3987833786572
1.15805365096369,5.38,-19.396895230537
1.15805365096369,5.385,-19.395044330101
1.15805365096369,5.39,-19.393230389114
1.15805365096369,5.395,-19.3914531203125
1.15805365096369,5.4,-19.3897122374103
1.15805365096369,5.405,-19.3880074551038
1.15805365096369,5.41,-19.386338489077
1.15805365096369,5.415,-19.3847050560067
1.15805365096369,5.42,-19.3831068735673
1.15805365096369,5.425,-19.3815436604353
1.15805365096369,5.43,-19.3800151362943
1.15805365096369,5.435,-19.3785210218393
1.15805365096369,5.44,-19.3770610387809
1.15805365096369,5.445,-19.3756349098494
1.15805365096369,5.45,-19.3742423587992
1.15805365096369,5.455,-19.3728831104125
1.15805365096369,5.46,-19.3715568905032
1.15805365096369,5.465,-19.3702634259203
1.15805365096369,5.47,-19.3690024445517
1.15805365096369,5.475,-19.3677736753274
1.15805365096369,5.48,-19.3665768482232
1.15805365096369,5.485,-19.3654116942632
1.15805365096369,5.49,-19.3642779455232
1.15805365096369,5.495,-19.3631753351338
1.15805365096369,5.5,-19.3621035972828
1.15805365096369,5.505,-19.3610624672179
1.15805365096369,5.51,-19.3600516812496
1.15805365096369,5.515,-19.3590709767533
1.15805365096369,5.52,-19.3581200921716
1.15805365096369,5.525,-19.3571987670166
1.15805365096369,5.53,-19.3563067418723
1.15805365096369,5.535,-19.3554437583958
1.15805365096369,5.54,-19.3546095593199
1.15805365096369,5.545,-19.3538038884545
1.15805365096369,5.55,-19.3530264906883
1.15805365096369,5.555,-19.3522771119904
1.15805365096369,5.56,-19.3515554994115
1.15805365096369,5.565,-19.3508614010856
1.15805365096369,5.57,-19.3501945662309
1.15805365096369,5.575,-19.349554745151
1.15805365096369,5.58,-19.348941689236
1.15805365096369,5.585,-19.3483551509634
1.15805365096369,5.59,-19.3477948838989
1.15805365096369,5.595,-19.347260642697
1.15805365096369,5.6,-19.3467521831019
1.15805365096369,5.605,-19.3462692619477
1.15805365096369,5.61,-19.3458116371592
1.15805365096369,5.615,-19.3453790677519
1.15805365096369,5.62,-19.3449713138325
1.15805365096369,5.625,-19.344588136599
1.15805365096369,5.63,-19.3442292983406
1.15805365096369,5.635,-19.3438945624381
1.15805365096369,5.64,-19.3435836933635
1.15805365096369,5.645,-19.3432964566798
1.15805365096369,5.65,-19.3430326190409
1.15805365096369,5.655,-19.3427919481912
1.15805365096369,5.66,-19.342574212965
1.15805365096369,5.665,-19.3423791832864
1.15805365096369,5.67,-19.3422066301684
1.15805365096369,5.675,-19.3420563257122
1.15805365096369,5.68,-19.3419280431068
1.15805365096369,5.685,-19.3418215566278
1.15805365096369,5.69,-19.3417366416368
1.15805365096369,5.695,-19.3416730745803
1.15805365096369,5.7,-19.3416306329887
1.15805365096369,5.705,-19.3416090954754
1.15805365096369,5.71,-19.3416082417353
1.15805365096369,5.715,-19.3416278525436
1.15805365096369,5.72,-19.3416677097549
1.15805365096369,5.725,-19.3417275963015
1.15805365096369,5.73,-19.3418072961919
1.15805365096369,5.735,-19.3419065945096
1.15805365096369,5.74,-19.3420252774114
1.15805365096369,5.745,-19.3421631321257
1.15805365096369,5.75,-19.3423199469508
1.15805365096369,5.755,-19.3424955112536
1.15805365096369,5.76,-19.3426896154673
1.15805365096369,5.765,-19.3429020510896
1.15805365096369,5.77,-19.3431326106813
1.15805365096369,5.775,-19.3433810878636
1.15805365096369,5.78,-19.3436472773166
1.15805365096369,5.785,-19.3439309747774
1.15805365096369,5.79,-19.3442319770372
1.15805365096369,5.795,-19.3445500819401
1.15805365096369,5.8,-19.3448850883802
1.15805365096369,5.805,-19.3452367962994
1.15805365096369,5.81,-19.3456050066856
1.15805365096369,5.815,-19.3459895215698
1.15805365096369,5.82,-19.3463901440239
1.15805365096369,5.825,-19.3468066781583
1.15805365096369,5.83,-19.3472389291194
1.15805365096369,5.835,-19.347686703087
1.15805365096369,5.84,-19.3481498072717
1.15805365096369,5.845,-19.3486280499125
1.15805365096369,5.85,-19.3491212402738
1.15805365096369,5.855,-19.3496291886432
1.15805365096369,5.86,-19.3501517063283
1.15805365096369,5.865,-19.350688605654
1.15805365096369,5.87,-19.3512396999602
1.15805365096369,5.875,-19.3518048035981
1.15805365096369,5.88,-19.3523837319283
1.15805365096369,5.885,-19.352976301317
1.15805365096369,5.89,-19.3535823291338
1.15805365096369,5.895,-19.3542016337481
1.15805365096369,5.9,-19.3548340345267
1.15805365096369,5.905,-19.3554793518302
1.15805365096369,5.91,-19.3561374070105
1.15805365096369,5.915,-19.3568080224073
1.15805365096369,5.92,-19.357491021345
1.15805365096369,5.925,-19.3581862281299
1.15805365096369,5.93,-19.3588934680466
1.15805365096369,5.935,-19.3596125673551
1.15805365096369,5.94,-19.3603433532877
1.15805365096369,5.945,-19.3610856540452
1.15805365096369,5.95,-19.3618392987942
1.15805365096369,5.955,-19.3626041176636
1.15805365096369,5.96,-19.3633799417412
1.15805365096369,5.965,-19.3641666030706
1.15805365096369,5.97,-19.3649639346476
1.15805365096369,5.975,-19.3657717704171
1.15805365096369,5.98,-19.3665899452693
1.15805365096369,5.985,-19.3674182950368
1.15805365096369,5.99,-19.3682566564907
1.15805365096369,5.995,-19.3691048673377
1.15805365096369,6,-19.3699627662161
1.18277333686726,0.5,-52.3194307548
1.18277333686726,0.505,-52.2270525625796
1.18277333686726,0.51,-52.1354628671482
1.18277333686726,0.515,-52.0446451157434
1.18277333686726,0.52,-51.9545832334264
1.18277333686726,0.525,-51.8652616048816
1.18277333686726,0.53,-51.7766650570744
1.18277333686726,0.535,-51.6887788427211
1.18277333686726,0.54,-51.6015886245239
1.18277333686726,0.545,-51.5150804601304
1.18277333686726,0.55,-51.4292407877763
1.18277333686726,0.555,-51.3440564125771
1.18277333686726,0.56,-51.2595144934311
1.18277333686726,0.565,-51.1756025305032
1.18277333686726,0.57,-51.0923083532585
1.18277333686726,0.575,-51.0096201090168
1.18277333686726,0.58,-50.9275262520008
1.18277333686726,0.585,-50.8460155328536
1.18277333686726,0.59,-50.7650769886007
1.18277333686726,0.595,-50.6846999330351
1.18277333686726,0.6,-50.6048739475028
1.18277333686726,0.605,-50.5255888720705
1.18277333686726,0.61,-50.4468347970561
1.18277333686726,0.615,-50.3686020549036
1.18277333686726,0.62,-50.2908812123868
1.18277333686726,0.625,-50.2136630631255
1.18277333686726,0.63,-50.1369386203992
1.18277333686726,0.635,-50.0606991102448
1.18277333686726,0.64,-49.9849359648242
1.18277333686726,0.645,-49.9096408160498
1.18277333686726,0.65,-49.834805489456
1.18277333686726,0.655,-49.7604219983051
1.18277333686726,0.66,-49.6864825379173
1.18277333686726,0.665,-49.6129794802144
1.18277333686726,0.67,-49.5399053684677
1.18277333686726,0.675,-49.4672529122412
1.18277333686726,0.68,-49.3950149825213
1.18277333686726,0.685,-49.3231846070249
1.18277333686726,0.69,-49.2517549656778
1.18277333686726,0.695,-49.1807193862573
1.18277333686726,0.7,-49.1100713401896
1.18277333686726,0.705,-49.0398044384983
1.18277333686726,0.71,-48.969912427895
1.18277333686726,0.715,-48.9003891870078
1.18277333686726,0.72,-48.8312287227412
1.18277333686726,0.725,-48.7624251667622
1.18277333686726,0.73,-48.6939727721069
1.18277333686726,0.735,-48.6258659099033
1.18277333686726,0.74,-48.558099066206
1.18277333686726,0.745,-48.4906668389362
1.18277333686726,0.75,-48.4235639349259
1.18277333686726,0.755,-48.3567851670592
1.18277333686726,0.76,-48.290325451509
1.18277333686726,0.765,-48.2241798050638
1.18277333686726,0.77,-48.1583433425426
1.18277333686726,0.775,-48.0928112742929
1.18277333686726,0.78,-48.02757890377
1.18277333686726,0.785,-47.9626416251937
1.18277333686726,0.79,-47.8979949212791
1.18277333686726,0.795,-47.8336343610403
1.18277333686726,0.8,-47.769555597662
1.18277333686726,0.805,-47.7057543664388
1.18277333686726,0.81,-47.6422264827775
1.18277333686726,0.815,-47.5789678402622
1.18277333686726,0.82,-47.5159744087775
1.18277333686726,0.825,-47.4532422326904
1.18277333686726,0.83,-47.3907674290864
1.18277333686726,0.835,-47.3285461860594
1.18277333686726,0.84,-47.2665747610523
1.18277333686726,0.845,-47.204849479248
1.18277333686726,0.85,-47.143366732007
1.18277333686726,0.855,-47.0821229753521
1.18277333686726,0.86,-47.021114728497
1.18277333686726,0.865,-46.9603385724178
1.18277333686726,0.87,-46.899791148466
1.18277333686726,0.875,-46.8394691570219
1.18277333686726,0.88,-46.7793693561856
1.18277333686726,0.885,-46.7194885605065
1.18277333686726,0.89,-46.659823639748
1.18277333686726,0.895,-46.6003715176874
1.18277333686726,0.9,-46.5411291709496
1.18277333686726,0.905,-46.4820936278726
1.18277333686726,0.91,-46.4232619674059
1.18277333686726,0.915,-46.3646313180377
1.18277333686726,0.92,-46.3061988567524
1.18277333686726,0.925,-46.2479618080172
1.18277333686726,0.93,-46.1899174427944
1.18277333686726,0.935,-46.1320630775824
1.18277333686726,0.94,-46.0743960734814
1.18277333686726,0.945,-46.0169138352838
1.18277333686726,0.95,-45.9596138105901
1.18277333686726,0.955,-45.9024934889468
1.18277333686726,0.96,-45.8455504010078
1.18277333686726,0.965,-45.7887821177179
1.18277333686726,0.97,-45.7321862495167
1.18277333686726,0.975,-45.675760445564
1.18277333686726,0.98,-45.6195023929851
1.18277333686726,0.985,-45.5634098161351
1.18277333686726,0.99,-45.5074804758823
1.18277333686726,0.995,-45.4517121689094
1.18277333686726,1,-45.3961027270332
1.18277333686726,1.005,-45.3406500165405
1.18277333686726,1.01,-45.2853519375412
1.18277333686726,1.015,-45.2302064233374
1.18277333686726,1.02,-45.1752114398081
1.18277333686726,1.025,-45.1203649848089
1.18277333686726,1.03,-45.0656650875869
1.18277333686726,1.035,-45.0111098082093
1.18277333686726,1.04,-44.9566972370067
1.18277333686726,1.045,-44.9024254940288
1.18277333686726,1.05,-44.8482927285144
1.18277333686726,1.055,-44.7942971183727
1.18277333686726,1.06,-44.7404368696785
1.18277333686726,1.065,-44.6867102161784
1.18277333686726,1.07,-44.6331154188086
1.18277333686726,1.075,-44.5796507652245
1.18277333686726,1.08,-44.5263145693411
1.18277333686726,1.085,-44.4731051708843
1.18277333686726,1.09,-44.4200209349518
1.18277333686726,1.095,-44.3670602515852
1.18277333686726,1.1,-44.3142215353514
1.18277333686726,1.105,-44.2615032249332
1.18277333686726,1.11,-44.2089037827296
1.18277333686726,1.115,-44.1564216944654
1.18277333686726,1.12,-44.1040554688088
1.18277333686726,1.125,-44.0518036369983
1.18277333686726,1.13,-43.9996647524775
1.18277333686726,1.135,-43.9476373905377
1.18277333686726,1.14,-43.8957201479695
1.18277333686726,1.145,-43.8439116427204
1.18277333686726,1.15,-43.7922105135615
1.18277333686726,1.155,-43.7406154197601
1.18277333686726,1.16,-43.6891250407602
1.18277333686726,1.165,-43.6377380758697
1.18277333686726,1.17,-43.5864532439537
1.18277333686726,1.175,-43.5352692831356
1.18277333686726,1.18,-43.4841849505028
1.18277333686726,1.185,-43.4331990218203
1.18277333686726,1.19,-43.3823102912489
1.18277333686726,1.195,-43.3315175710703
1.18277333686726,1.2,-43.2808196914173
1.18277333686726,1.205,-43.2302155000095
1.18277333686726,1.21,-43.1797038618951
1.18277333686726,1.215,-43.1292836591971
1.18277333686726,1.22,-43.0789537908651
1.18277333686726,1.225,-43.0287131724323
1.18277333686726,1.23,-42.9785607357768
1.18277333686726,1.235,-42.9284954288881
1.18277333686726,1.24,-42.8785162156382
1.18277333686726,1.245,-42.828622075557
1.18277333686726,1.25,-42.778812003612
1.18277333686726,1.255,-42.7290850099932
1.18277333686726,1.26,-42.6794401199006
1.18277333686726,1.265,-42.6298763733373
1.18277333686726,1.27,-42.5803928249059
1.18277333686726,1.275,-42.5309885436084
1.18277333686726,1.28,-42.4816626126508
1.18277333686726,1.285,-42.4324141292505
1.18277333686726,1.29,-42.3832422044481
1.18277333686726,1.295,-42.3341459629217
1.18277333686726,1.3,-42.2851245428061
1.18277333686726,1.305,-42.2361770955134
1.18277333686726,1.31,-42.1873027855588
1.18277333686726,1.315,-42.1385007903883
1.18277333686726,1.32,-42.0897703002098
1.18277333686726,1.325,-42.0411105178275
1.18277333686726,1.33,-41.9925206584792
1.18277333686726,1.335,-41.9439999496758
1.18277333686726,1.34,-41.8955476310449
1.18277333686726,1.345,-41.8471629541756
1.18277333686726,1.35,-41.7988451824676
1.18277333686726,1.355,-41.7505935909814
1.18277333686726,1.36,-41.7024074662921
1.18277333686726,1.365,-41.6542861063452
1.18277333686726,1.37,-41.6062288203151
1.18277333686726,1.375,-41.5582349284657
1.18277333686726,1.38,-41.5103037620134
1.18277333686726,1.385,-41.4624346629925
1.18277333686726,1.39,-41.414626984123
1.18277333686726,1.395,-41.3668800886796
1.18277333686726,1.4,-41.3191933503641
1.18277333686726,1.405,-41.2715661531791
1.18277333686726,1.41,-41.2239978913035
1.18277333686726,1.415,-41.1764879689709
1.18277333686726,1.42,-41.1290358003488
1.18277333686726,1.425,-41.0816408094206
1.18277333686726,1.43,-41.0343024298687
1.18277333686726,1.435,-40.98702010496
1.18277333686726,1.44,-40.9397932874327
1.18277333686726,1.445,-40.8926214393851
1.18277333686726,1.45,-40.8455040321657
1.18277333686726,1.455,-40.7984405462656
1.18277333686726,1.46,-40.7514304712114
1.18277333686726,1.465,-40.7044733054611
1.18277333686726,1.47,-40.6575685563002
1.18277333686726,1.475,-40.6107157397398
1.18277333686726,1.48,-40.5639143804166
1.18277333686726,1.485,-40.5171640114936
1.18277333686726,1.49,-40.4704641745623
1.18277333686726,1.495,-40.423814419547
1.18277333686726,1.5,-40.3772143046093
1.18277333686726,1.505,-40.3306633960548
1.18277333686726,1.51,-40.2841612682405
1.18277333686726,1.515,-40.2377075034841
1.18277333686726,1.52,-40.1913016919734
1.18277333686726,1.525,-40.1449434316784
1.18277333686726,1.53,-40.0986323282629
1.18277333686726,1.535,-40.0523679949988
1.18277333686726,1.54,-40.0061500526803
1.18277333686726,1.545,-39.9599781295399
1.18277333686726,1.55,-39.9138518611652
1.18277333686726,1.555,-39.8677708904165
1.18277333686726,1.56,-39.8217348673463
1.18277333686726,1.565,-39.7757434491185
1.18277333686726,1.57,-39.7297962999297
1.18277333686726,1.575,-39.683893090931
1.18277333686726,1.58,-39.6380335001505
1.18277333686726,1.585,-39.5922172124171
1.18277333686726,1.59,-39.5464439192853
1.18277333686726,1.595,-39.5007133189602
1.18277333686726,1.6,-39.4550251162242
1.18277333686726,1.605,-39.4093790223637
1.18277333686726,1.61,-39.3637747550975
1.18277333686726,1.615,-39.3182120385055
1.18277333686726,1.62,-39.2726906029581
1.18277333686726,1.625,-39.2272101850465
1.18277333686726,1.63,-39.1817705275139
1.18277333686726,1.635,-39.1363713791875
1.18277333686726,1.64,-39.0910124949109
1.18277333686726,1.645,-39.0456936354772
1.18277333686726,1.65,-39.0004145675635
1.18277333686726,1.655,-38.955175063665
1.18277333686726,1.66,-38.9099749020308
1.18277333686726,1.665,-38.8648138665997
1.18277333686726,1.67,-38.8196917469369
1.18277333686726,1.675,-38.7746083381713
1.18277333686726,1.68,-38.7295634409334
1.18277333686726,1.685,-38.6845568612938
1.18277333686726,1.69,-38.6395884107026
1.18277333686726,1.695,-38.5946579059286
1.18277333686726,1.7,-38.5497651690004
1.18277333686726,1.705,-38.5049100271463
1.18277333686726,1.71,-38.4600923127366
1.18277333686726,1.715,-38.4153118632252
1.18277333686726,1.72,-38.3705685210919
1.18277333686726,1.725,-38.3258621337861
1.18277333686726,1.73,-38.2811925536697
1.18277333686726,1.735,-38.2365596379615
1.18277333686726,1.74,-38.1919632486821
1.18277333686726,1.745,-38.1474032525983
1.18277333686726,1.75,-38.1028795211693
1.18277333686726,1.755,-38.0583919304923
1.18277333686726,1.76,-38.0139403612494
1.18277333686726,1.765,-37.9695246986544
1.18277333686726,1.77,-37.9251448324001
1.18277333686726,1.775,-37.8808006566067
1.18277333686726,1.78,-37.8364920697695
1.18277333686726,1.785,-37.7922189747083
1.18277333686726,1.79,-37.747981278516
1.18277333686726,1.795,-37.7037788925087
1.18277333686726,1.8,-37.6596117321756
1.18277333686726,1.805,-37.6154797171294
1.18277333686726,1.81,-37.5713827710573
1.18277333686726,1.815,-37.5273208216719
1.18277333686726,1.82,-37.4832938006635
1.18277333686726,1.825,-37.4393016436516
1.18277333686726,1.83,-37.3953442901375
1.18277333686726,1.835,-37.3514216834572
1.18277333686726,1.84,-37.3075337707345
1.18277333686726,1.845,-37.2636805028346
1.18277333686726,1.85,-37.219861834318
1.18277333686726,1.855,-37.1760777233947
1.18277333686726,1.86,-37.1323281318791
1.18277333686726,1.865,-37.0886130251446
1.18277333686726,1.87,-37.0449323720794
1.18277333686726,1.875,-37.0012861450417
1.18277333686726,1.88,-36.9576743198161
1.18277333686726,1.885,-36.9140968755699
1.18277333686726,1.89,-36.8705537948095
1.18277333686726,1.895,-36.827045063338
1.18277333686726,1.9,-36.7835706702119
1.18277333686726,1.905,-36.7401306076992
1.18277333686726,1.91,-36.6967248712373
1.18277333686726,1.915,-36.6533534593913
1.18277333686726,1.92,-36.6100163738127
1.18277333686726,1.925,-36.5667136191983
1.18277333686726,1.93,-36.5234452032491
1.18277333686726,1.935,-36.4802111366306
1.18277333686726,1.94,-36.4370114329322
1.18277333686726,1.945,-36.3938461086272
1.18277333686726,1.95,-36.3507151830337
1.18277333686726,1.955,-36.307618678275
1.18277333686726,1.96,-36.264556619241
1.18277333686726,1.965,-36.2215290335493
1.18277333686726,1.97,-36.1785359515068
1.18277333686726,1.975,-36.1355774060718
1.18277333686726,1.98,-36.0926534328163
1.18277333686726,1.985,-36.0497640698882
1.18277333686726,1.99,-36.0069093579742
1.18277333686726,1.995,-35.9640893402633
1.18277333686726,2,-35.9213040624093
1.18277333686726,2.005,-35.8785535724953
1.18277333686726,2.01,-35.835837920997
1.18277333686726,2.015,-35.7931571607471
1.18277333686726,2.02,-35.7505113468999
1.18277333686726,2.025,-35.7079005368958
1.18277333686726,2.03,-35.6653247904266
1.18277333686726,2.035,-35.6227841694002
1.18277333686726,2.04,-35.5802787379068
1.18277333686726,2.045,-35.5378085621844
1.18277333686726,2.05,-35.4953737105849
1.18277333686726,2.055,-35.4529742535405
1.18277333686726,2.06,-35.4106102635302
1.18277333686726,2.065,-35.3682818150468
1.18277333686726,2.07,-35.3259889845641
1.18277333686726,2.075,-35.2837318505041
1.18277333686726,2.08,-35.2415104932048
1.18277333686726,2.085,-35.1993249948882
1.18277333686726,2.09,-35.1571754396282
1.18277333686726,2.095,-35.1150619133194
1.18277333686726,2.1,-35.0729845036456
1.18277333686726,2.105,-35.030943300049
1.18277333686726,2.11,-34.9889383936989
1.18277333686726,2.115,-34.9469698774618
1.18277333686726,2.12,-34.9050378458708
1.18277333686726,2.125,-34.8631423950956
1.18277333686726,2.13,-34.8212836229128
1.18277333686726,2.135,-34.7794616286766
1.18277333686726,2.14,-34.7376765132892
1.18277333686726,2.145,-34.695928379172
1.18277333686726,2.15,-34.6542173302369
1.18277333686726,2.155,-34.6125434718578
1.18277333686726,2.16,-34.5709069108423
1.18277333686726,2.165,-34.5293077554037
1.18277333686726,2.17,-34.4877461151335
1.18277333686726,2.175,-34.4462221009738
1.18277333686726,2.18,-34.4047358251899
1.18277333686726,2.185,-34.3632874013436
1.18277333686726,2.19,-34.3218769442663
1.18277333686726,2.195,-34.2805045700327
1.18277333686726,2.2,-34.2391703959345
1.18277333686726,2.205,-34.1978745404543
1.18277333686726,2.21,-34.15661712324
1.18277333686726,2.215,-34.1153982650795
1.18277333686726,2.22,-34.0742180878752
1.18277333686726,2.225,-34.0330767146191
1.18277333686726,2.23,-33.9919742693682
1.18277333686726,2.235,-33.9509108772199
1.18277333686726,2.24,-33.9098866642878
1.18277333686726,2.245,-33.8689017576777
1.18277333686726,2.25,-33.827956285464
1.18277333686726,2.255,-33.787050376666
1.18277333686726,2.26,-33.7461841612247
1.18277333686726,2.265,-33.7053577699802
1.18277333686726,2.27,-33.6645713346482
1.18277333686726,2.275,-33.6238249877983
1.18277333686726,2.28,-33.5831188628311
1.18277333686726,2.285,-33.5424530939566
1.18277333686726,2.29,-33.5018278161722
1.18277333686726,2.295,-33.4612431652413
1.18277333686726,2.3,-33.4206992776722
1.18277333686726,2.305,-33.3801962906964
1.18277333686726,2.31,-33.3397343422488
1.18277333686726,2.315,-33.2993135709463
1.18277333686726,2.32,-33.2589341160679
1.18277333686726,2.325,-33.2185961175346
1.18277333686726,2.33,-33.1782997158896
1.18277333686726,2.335,-33.1380450522786
1.18277333686726,2.34,-33.0978322684306
1.18277333686726,2.345,-33.0576615066387
1.18277333686726,2.35,-33.0175329097414
1.18277333686726,2.355,-32.977446621104
1.18277333686726,2.36,-32.9374027845999
1.18277333686726,2.365,-32.8974015445929
1.18277333686726,2.37,-32.8574430459191
1.18277333686726,2.375,-32.8175274338692
1.18277333686726,2.38,-32.7776548541713
1.18277333686726,2.385,-32.7378254529735
1.18277333686726,2.39,-32.6980393768272
1.18277333686726,2.395,-32.6582967726702
1.18277333686726,2.4,-32.6185977878102
1.18277333686726,2.405,-32.578942569909
1.18277333686726,2.41,-32.539331266966
1.18277333686726,2.415,-32.4997640273028
1.18277333686726,2.42,-32.4602409995473
1.18277333686726,2.425,-32.420762332619
1.18277333686726,2.43,-32.3813281757134
1.18277333686726,2.435,-32.3419386782876
1.18277333686726,2.44,-32.3025939900454
1.18277333686726,2.445,-32.263294260923
1.18277333686726,2.45,-32.2240396410752
1.18277333686726,2.455,-32.1848302808611
1.18277333686726,2.46,-32.1456663308308
1.18277333686726,2.465,-32.1065479417115
1.18277333686726,2.47,-32.0674752643949
1.18277333686726,2.475,-32.0284484499237
1.18277333686726,2.48,-31.9894676494792
1.18277333686726,2.485,-31.9505330143686
1.18277333686726,2.49,-31.9116446960127
1.18277333686726,2.495,-31.8728028459339
1.18277333686726,2.5,-31.8340076157446
1.18277333686726,2.505,-31.7952591571349
1.18277333686726,2.51,-31.7565576218618
1.18277333686726,2.515,-31.717903161738
1.18277333686726,2.52,-31.6792959286204
1.18277333686726,2.525,-31.6407360744
1.18277333686726,2.53,-31.6022237509909
1.18277333686726,2.535,-31.5637591103204
1.18277333686726,2.54,-31.5253423043185
1.18277333686726,2.545,-31.4869734849084
1.18277333686726,2.55,-31.4486528039963
1.18277333686726,2.555,-31.4103804134626
1.18277333686726,2.56,-31.3721564651522
1.18277333686726,2.565,-31.3339811108658
1.18277333686726,2.57,-31.2958545023507
1.18277333686726,2.575,-31.2577767912923
1.18277333686726,2.58,-31.219748129306
1.18277333686726,2.585,-31.1817686679287
1.18277333686726,2.59,-31.1438385586107
1.18277333686726,2.595,-31.1059579527083
1.18277333686726,2.6,-31.0681270014758
1.18277333686726,2.605,-31.0303458560583
1.18277333686726,2.61,-30.9926146674846
1.18277333686726,2.615,-30.9549335866598
1.18277333686726,2.62,-30.9173027643592
1.18277333686726,2.625,-30.8797223512209
1.18277333686726,2.63,-30.8421924977399
1.18277333686726,2.635,-30.8047133542617
1.18277333686726,2.64,-30.7672850709763
1.18277333686726,2.645,-30.7299077979123
1.18277333686726,2.65,-30.6925816849313
1.18277333686726,2.655,-30.6553068817226
1.18277333686726,2.66,-30.6180835377973
1.18277333686726,2.665,-30.580911802484
1.18277333686726,2.67,-30.5437918249233
1.18277333686726,2.675,-30.5067237540633
1.18277333686726,2.68,-30.4697077386548
1.18277333686726,2.685,-30.4327439272473
1.18277333686726,2.69,-30.3958324681843
1.18277333686726,2.695,-30.3589735095997
1.18277333686726,2.7,-30.3221671994136
1.18277333686726,2.705,-30.2854136853285
1.18277333686726,2.71,-30.2487131148263
1.18277333686726,2.715,-30.2120656351642
1.18277333686726,2.72,-30.1754713933721
1.18277333686726,2.725,-30.1389305362491
1.18277333686726,2.73,-30.1024432103607
1.18277333686726,2.735,-30.0660095620364
1.18277333686726,2.74,-30.0296297373665
1.18277333686726,2.745,-29.9933038822001
1.18277333686726,2.75,-29.9570321421429
1.18277333686726,2.755,-29.9208146625544
1.18277333686726,2.76,-29.8846515885467
1.18277333686726,2.765,-29.8485430649823
1.18277333686726,2.77,-29.8124892364723
1.18277333686726,2.775,-29.7764902473748
1.18277333686726,2.78,-29.7405462417938
1.18277333686726,2.785,-29.7046573635776
1.18277333686726,2.79,-29.6688237563178
1.18277333686726,2.795,-29.6330455633482
1.18277333686726,2.8,-29.5973229277437
1.18277333686726,2.805,-29.5616559923201
1.18277333686726,2.81,-29.5260448996327
1.18277333686726,2.815,-29.4904897919764
1.18277333686726,2.82,-29.4549908113849
1.18277333686726,2.825,-29.4195480996305
1.18277333686726,2.83,-29.3841617982242
1.18277333686726,2.835,-29.3488320484151
1.18277333686726,2.84,-29.313558991191
1.18277333686726,2.845,-29.278342767278
1.18277333686726,2.85,-29.2431835171414
1.18277333686726,2.855,-29.2080813809853
1.18277333686726,2.86,-29.1730364987539
1.18277333686726,2.865,-29.1380490101312
1.18277333686726,2.87,-29.1031190545424
1.18277333686726,2.875,-29.0682467711542
1.18277333686726,2.88,-29.0334322988758
1.18277333686726,2.885,-28.9986757763595
1.18277333686726,2.89,-28.9639773420025
1.18277333686726,2.895,-28.929337133947
1.18277333686726,2.9,-28.8947552900821
1.18277333686726,2.905,-28.8602319480446
1.18277333686726,2.91,-28.8257672452208
1.18277333686726,2.915,-28.7913613187473
1.18277333686726,2.92,-28.7570143055129
1.18277333686726,2.925,-28.72272634216
1.18277333686726,2.93,-28.6884975650862
1.18277333686726,2.935,-28.6543281104458
1.18277333686726,2.94,-28.6202181141517
1.18277333686726,2.945,-28.5861677118771
1.18277333686726,2.95,-28.5521770390575
1.18277333686726,2.955,-28.5182462308922
1.18277333686726,2.96,-28.4843754223465
1.18277333686726,2.965,-28.4505647481534
1.18277333686726,2.97,-28.4168143428159
1.18277333686726,2.975,-28.3831243406091
1.18277333686726,2.98,-28.3494948755818
1.18277333686726,2.985,-28.315926081559
1.18277333686726,2.99,-28.2824180921439
1.18277333686726,2.995,-28.2489710407203
1.18277333686726,3,-28.2155850604544
1.18277333686726,3.005,-28.1822602842972
1.18277333686726,3.01,-28.1489968449869
1.18277333686726,3.015,-28.115794875051
1.18277333686726,3.02,-28.0826545068084
1.18277333686726,3.025,-28.049575872372
1.18277333686726,3.03,-28.0165591036508
1.18277333686726,3.035,-27.9836043323522
1.18277333686726,3.04,-27.9507116899842
1.18277333686726,3.045,-27.917881307858
1.18277333686726,3.05,-27.8851133170899
1.18277333686726,3.055,-27.8524078486039
1.18277333686726,3.06,-27.8197650331337
1.18277333686726,3.065,-27.7871850012252
1.18277333686726,3.07,-27.7546678832386
1.18277333686726,3.075,-27.7222138093506
1.18277333686726,3.08,-27.6898229095567
1.18277333686726,3.085,-27.6574953136735
1.18277333686726,3.09,-27.6252311513404
1.18277333686726,3.095,-27.5930305520222
1.18277333686726,3.1,-27.5608936450112
1.18277333686726,3.105,-27.5288205594286
1.18277333686726,3.11,-27.4968114242276
1.18277333686726,3.115,-27.4648663681942
1.18277333686726,3.12,-27.4329855199503
1.18277333686726,3.125,-27.4011690079545
1.18277333686726,3.13,-27.3694169605048
1.18277333686726,3.135,-27.33772950574
1.18277333686726,3.14,-27.3061067716415
1.18277333686726,3.145,-27.2745488860348
1.18277333686726,3.15,-27.2430559765915
1.18277333686726,3.155,-27.2116281708307
1.18277333686726,3.16,-27.1802655961203
1.18277333686726,3.165,-27.1489683796786
1.18277333686726,3.17,-27.1177366485759
1.18277333686726,3.175,-27.0865705297352
1.18277333686726,3.18,-27.055470149934
1.18277333686726,3.185,-27.024435635805
1.18277333686726,3.19,-26.9934671138375
1.18277333686726,3.195,-26.9625647103779
1.18277333686726,3.2,-26.9317285516313
1.18277333686726,3.205,-26.9009587636614
1.18277333686726,3.21,-26.8702554723921
1.18277333686726,3.215,-26.8396188036075
1.18277333686726,3.22,-26.8090488829524
1.18277333686726,3.225,-26.7785458359334
1.18277333686726,3.23,-26.7481097879181
1.18277333686726,3.235,-26.7177408641365
1.18277333686726,3.24,-26.6874391896803
1.18277333686726,3.245,-26.657204889503
1.18277333686726,3.25,-26.6270380884202
1.18277333686726,3.255,-26.596938911109
1.18277333686726,3.26,-26.5669074821077
1.18277333686726,3.265,-26.5369439258155
1.18277333686726,3.27,-26.5070483664919
1.18277333686726,3.275,-26.4772209282557
1.18277333686726,3.28,-26.4474617350846
1.18277333686726,3.285,-26.4177709108142
1.18277333686726,3.29,-26.3881485791365
1.18277333686726,3.295,-26.3585948635992
1.18277333686726,3.3,-26.3291098876043
1.18277333686726,3.305,-26.2996937744062
1.18277333686726,3.31,-26.2703466471106
1.18277333686726,3.315,-26.2410686286725
1.18277333686726,3.32,-26.2118598418945
1.18277333686726,3.325,-26.1827204094245
1.18277333686726,3.33,-26.1536504537539
1.18277333686726,3.335,-26.1246500972149
1.18277333686726,3.34,-26.0957194619785
1.18277333686726,3.345,-26.0668586700514
1.18277333686726,3.35,-26.0380678432736
1.18277333686726,3.355,-26.0093471033155
1.18277333686726,3.36,-25.9806965716746
1.18277333686726,3.365,-25.9521163696727
1.18277333686726,3.37,-25.9236066184519
1.18277333686726,3.375,-25.8951674389717
1.18277333686726,3.38,-25.8667989520052
1.18277333686726,3.385,-25.8385012781349
1.18277333686726,3.39,-25.8102745377492
1.18277333686726,3.395,-25.7821188510378
1.18277333686726,3.4,-25.7540343379877
1.18277333686726,3.405,-25.7260211183786
1.18277333686726,3.41,-25.6980793117781
1.18277333686726,3.415,-25.6702090375374
1.18277333686726,3.42,-25.6424104147855
1.18277333686726,3.425,-25.6146835624249
1.18277333686726,3.43,-25.5870285991256
1.18277333686726,3.435,-25.5594456433201
1.18277333686726,3.44,-25.5319348131974
1.18277333686726,3.445,-25.5044962266973
1.18277333686726,3.45,-25.4771300015047
1.18277333686726,3.455,-25.4498362550427
1.18277333686726,3.46,-25.4226151044671
1.18277333686726,3.465,-25.3954666666593
1.18277333686726,3.47,-25.3683910582199
1.18277333686726,3.475,-25.3413883954615
1.18277333686726,3.48,-25.3144587944021
1.18277333686726,3.485,-25.2876023707578
1.18277333686726,3.49,-25.2608192399351
1.18277333686726,3.495,-25.2341095170235
1.18277333686726,3.5,-25.2074733167881
1.18277333686726,3.505,-25.1809107536611
1.18277333686726,3.51,-25.1544219417342
1.18277333686726,3.515,-25.1280069947502
1.18277333686726,3.52,-25.1016660260946
1.18277333686726,3.525,-25.0753991487867
1.18277333686726,3.53,-25.0492064754713
1.18277333686726,3.535,-25.0230881184095
1.18277333686726,3.54,-24.9970441894697
1.18277333686726,3.545,-24.9710748001179
1.18277333686726,3.55,-24.945180061409
1.18277333686726,3.555,-24.9193600839765
1.18277333686726,3.56,-24.8936149780231
1.18277333686726,3.565,-24.8679448533103
1.18277333686726,3.57,-24.842349819149
1.18277333686726,3.575,-24.8168299843883
1.18277333686726,3.58,-24.7913854574058
1.18277333686726,3.585,-24.7660163460965
1.18277333686726,3.59,-24.7407227578624
1.18277333686726,3.595,-24.7155047996009
1.18277333686726,3.6,-24.6903625776946
1.18277333686726,3.605,-24.6652961979991
1.18277333686726,3.61,-24.6403057658323
1.18277333686726,3.615,-24.6153913859623
1.18277333686726,3.62,-24.5905531625961
1.18277333686726,3.625,-24.5657911993674
1.18277333686726,3.63,-24.5411055993245
1.18277333686726,3.635,-24.5164964649183
1.18277333686726,3.64,-24.4919638979901
1.18277333686726,3.645,-24.4675079997587
1.18277333686726,3.65,-24.4431288708081
1.18277333686726,3.655,-24.4188266110744
1.18277333686726,3.66,-24.3946013198334
1.18277333686726,3.665,-24.370453095687
1.18277333686726,3.67,-24.3463820365505
1.18277333686726,3.675,-24.3223882396389
1.18277333686726,3.68,-24.2984718014535
1.18277333686726,3.685,-24.2746328177686
1.18277333686726,3.69,-24.2508713836177
1.18277333686726,3.695,-24.2271875932793
1.18277333686726,3.7,-24.2035815402636
1.18277333686726,3.705,-24.1800533172978
1.18277333686726,3.71,-24.1566030163125
1.18277333686726,3.715,-24.133230728427
1.18277333686726,3.72,-24.109936543935
1.18277333686726,3.725,-24.0867205522902
1.18277333686726,3.73,-24.0635828420917
1.18277333686726,3.735,-24.0405235010692
1.18277333686726,3.74,-24.0175426160682
1.18277333686726,3.745,-23.9946402730352
1.18277333686726,3.75,-23.9718165570026
1.18277333686726,3.755,-23.9490715520737
1.18277333686726,3.76,-23.9264053414076
1.18277333686726,3.765,-23.9038180072039
1.18277333686726,3.77,-23.8813096306873
1.18277333686726,3.775,-23.8588802920925
1.18277333686726,3.78,-23.8365300706484
1.18277333686726,3.785,-23.8142590445627
1.18277333686726,3.79,-23.7920672910066
1.18277333686726,3.795,-23.7699548860988
1.18277333686726,3.8,-23.7479219048897
1.18277333686726,3.805,-23.7259684213464
1.18277333686726,3.81,-23.7040945083359
1.18277333686726,3.815,-23.6823002376102
1.18277333686726,3.82,-23.6605856797896
1.18277333686726,3.825,-23.6389509043475
1.18277333686726,3.83,-23.6173959795942
1.18277333686726,3.835,-23.5959209726605
1.18277333686726,3.84,-23.5745259494826
1.18277333686726,3.845,-23.5532109747854
1.18277333686726,3.85,-23.5319761120665
1.18277333686726,3.855,-23.5108214235809
1.18277333686726,3.86,-23.4897469703238
1.18277333686726,3.865,-23.4687528120158
1.18277333686726,3.87,-23.4478390070859
1.18277333686726,3.875,-23.427005612656
1.18277333686726,3.88,-23.4062526845247
1.18277333686726,3.885,-23.3855802771515
1.18277333686726,3.89,-23.3649884436405
1.18277333686726,3.895,-23.3444772357249
1.18277333686726,3.9,-23.3240467037506
1.18277333686726,3.905,-23.3036968966606
1.18277333686726,3.91,-23.2834278619793
1.18277333686726,3.915,-23.2632396457963
1.18277333686726,3.92,-23.243132292751
1.18277333686726,3.925,-23.2231058460166
1.18277333686726,3.93,-23.203160347285
1.18277333686726,3.935,-23.1832958367505
1.18277333686726,3.94,-23.1635123530949
1.18277333686726,3.945,-23.1438099334716
1.18277333686726,3.95,-23.1241886134908
1.18277333686726,3.955,-23.1046484272035
1.18277333686726,3.96,-23.085189407087
1.18277333686726,3.965,-23.0658115840293
1.18277333686726,3.97,-23.0465149873144
1.18277333686726,3.975,-23.0272996446072
1.18277333686726,3.98,-23.008165581939
1.18277333686726,3.985,-22.9891128236921
1.18277333686726,3.99,-22.9701413925862
1.18277333686726,3.995,-22.9512513096632
1.18277333686726,4,-22.9324425942731
1.18277333686726,4.005,-22.9137152640598
1.18277333686726,4.01,-22.895069334947
1.18277333686726,4.015,-22.8765048211244
1.18277333686726,4.02,-22.8580217350335
1.18277333686726,4.025,-22.8396200873543
1.18277333686726,4.03,-22.8212998869919
1.18277333686726,4.035,-22.8030611410625
1.18277333686726,4.04,-22.7849038548812
1.18277333686726,4.045,-22.7668280319478
1.18277333686726,4.05,-22.7488336739351
1.18277333686726,4.055,-22.7309207806753
1.18277333686726,4.06,-22.7130893501481
1.18277333686726,4.065,-22.6953393784677
1.18277333686726,4.07,-22.6776708598716
1.18277333686726,4.075,-22.6600837867076
1.18277333686726,4.08,-22.6425781494229
1.18277333686726,4.085,-22.625153936552
1.18277333686726,4.09,-22.6078111347054
1.18277333686726,4.095,-22.5905497285586
1.18277333686726,4.1,-22.5733697008412
1.18277333686726,4.105,-22.5562710323259
1.18277333686726,4.11,-22.5392537018179
1.18277333686726,4.115,-22.5223176861453
1.18277333686726,4.12,-22.505462960148
1.18277333686726,4.125,-22.4886894966687
1.18277333686726,4.13,-22.4719972665427
1.18277333686726,4.135,-22.4553862385889
1.18277333686726,4.14,-22.4388563796006
1.18277333686726,4.145,-22.4224076543362
1.18277333686726,4.15,-22.4060400255111
1.18277333686726,4.155,-22.3897534537888
1.18277333686726,4.16,-22.3735478977733
1.18277333686726,4.165,-22.3574233140005
1.18277333686726,4.17,-22.3413796569312
1.18277333686726,4.175,-22.3254168789432
1.18277333686726,4.18,-22.3095349303245
1.18277333686726,4.185,-22.2937337592664
1.18277333686726,4.19,-22.2780133118568
1.18277333686726,4.195,-22.262373532074
1.18277333686726,4.2,-22.2468143617804
1.18277333686726,4.205,-22.2313357407172
1.18277333686726,4.21,-22.2159376064986
1.18277333686726,4.215,-22.2006198946066
1.18277333686726,4.22,-22.185382538386
1.18277333686726,4.225,-22.1702254690402
1.18277333686726,4.23,-22.1551486156263
1.18277333686726,4.235,-22.1401519050516
1.18277333686726,4.24,-22.1252352620692
1.18277333686726,4.245,-22.110398609275
1.18277333686726,4.25,-22.0956418671047
1.18277333686726,4.255,-22.0809649538301
1.18277333686726,4.26,-22.0663677855575
1.18277333686726,4.265,-22.0518502762249
1.18277333686726,4.27,-22.0374123375998
1.18277333686726,4.275,-22.0230538792783
1.18277333686726,4.28,-22.0087748086829
1.18277333686726,4.285,-21.994575031062
1.18277333686726,4.29,-21.9804544494889
1.18277333686726,4.295,-21.9664129648614
1.18277333686726,4.3,-21.9524504759017
1.18277333686726,4.305,-21.9385668791565
1.18277333686726,4.31,-21.9247620689975
1.18277333686726,4.315,-21.9110359376221
1.18277333686726,4.32,-21.8973883750547
1.18277333686726,4.325,-21.883819269148
1.18277333686726,4.33,-21.8703285055846
1.18277333686726,4.335,-21.8569159678792
1.18277333686726,4.34,-21.8435815373808
1.18277333686726,4.345,-21.8303250932755
1.18277333686726,4.35,-21.8171465125892
1.18277333686726,4.355,-21.8040456701912
1.18277333686726,4.36,-21.7910224387975
1.18277333686726,4.365,-21.7780766889746
1.18277333686726,4.37,-21.7652082891442
1.18277333686726,4.375,-21.7524171055872
1.18277333686726,4.38,-21.7397030024486
1.18277333686726,4.385,-21.7270658417427
1.18277333686726,4.39,-21.7145054833586
1.18277333686726,4.395,-21.7020217850655
1.18277333686726,4.4,-21.6896146025195
1.18277333686726,4.405,-21.6772837892689
1.18277333686726,4.41,-21.6650291967618
1.18277333686726,4.415,-21.6528506743523
1.18277333686726,4.42,-21.640748069308
1.18277333686726,4.425,-21.6287212268178
1.18277333686726,4.43,-21.6167699899989
1.18277333686726,4.435,-21.6048941999059
1.18277333686726,4.44,-21.5930936955383
1.18277333686726,4.445,-21.5813683138497
1.18277333686726,4.45,-21.5697178897567
1.18277333686726,4.455,-21.5581422561479
1.18277333686726,4.46,-21.5466412438935
1.18277333686726,4.465,-21.5352146818555
1.18277333686726,4.47,-21.5238623968971
1.18277333686726,4.475,-21.5125842138935
1.18277333686726,4.48,-21.5013799557425
1.18277333686726,4.485,-21.4902494433754
1.18277333686726,4.49,-21.4791924957677
1.18277333686726,4.495,-21.4682089299513
1.18277333686726,4.5,-21.4572985610255
1.18277333686726,4.505,-21.4464612021694
1.18277333686726,4.51,-21.4356966646538
1.18277333686726,4.515,-21.4250047578538
1.18277333686726,4.52,-21.4143852892614
1.18277333686726,4.525,-21.4038380644984
1.18277333686726,4.53,-21.39336288733
1.18277333686726,4.535,-21.3829595596775
1.18277333686726,4.54,-21.3726278816326
1.18277333686726,4.545,-21.3623676514709
1.18277333686726,4.55,-21.3521786656663
1.18277333686726,4.555,-21.3420607189049
1.18277333686726,4.56,-21.3320136041001
1.18277333686726,4.565,-21.3220371124071
1.18277333686726,4.57,-21.3121310332379
1.18277333686726,4.575,-21.3022951542764
1.18277333686726,4.58,-21.2925292614942
1.18277333686726,4.585,-21.2828331391657
1.18277333686726,4.59,-21.2732065698844
1.18277333686726,4.595,-21.2636493345784
1.18277333686726,4.6,-21.254161212527
1.18277333686726,4.605,-21.2447419813771
1.18277333686726,4.61,-21.2353914171594
1.18277333686726,4.615,-21.2261092943054
1.18277333686726,4.62,-21.2168953856644
1.18277333686726,4.625,-21.2077494625204
1.18277333686726,4.63,-21.1986712946094
1.18277333686726,4.635,-21.1896606501369
1.18277333686726,4.64,-21.1807172957954
1.18277333686726,4.645,-21.1718409967823
1.18277333686726,4.65,-21.1630315168174
1.18277333686726,4.655,-21.1542886181614
1.18277333686726,4.66,-21.1456120616336
1.18277333686726,4.665,-21.1370016066307
1.18277333686726,4.67,-21.1284570111448
1.18277333686726,4.675,-21.1199780317822
1.18277333686726,4.68,-21.1115644237819
1.18277333686726,4.685,-21.1032159410347
1.18277333686726,4.69,-21.0949323361019
1.18277333686726,4.695,-21.0867133602344
1.18277333686726,4.7,-21.0785587633917
1.18277333686726,4.705,-21.0704682942613
1.18277333686726,4.71,-21.0624417002782
1.18277333686726,4.715,-21.0544787276438
1.18277333686726,4.72,-21.046579121346
1.18277333686726,4.725,-21.0387426251785
1.18277333686726,4.73,-21.0309689817603
1.18277333686726,4.735,-21.023257932556
1.18277333686726,4.74,-21.0156092178951
1.18277333686726,4.745,-21.0080225769923
1.18277333686726,4.75,-21.0004977479669
1.18277333686726,4.755,-20.9930344678637
1.18277333686726,4.76,-20.9856324726721
1.18277333686726,4.765,-20.978291497347
1.18277333686726,4.77,-20.9710112758283
1.18277333686726,4.775,-20.9637915410618
1.18277333686726,4.78,-20.9566320250189
1.18277333686726,4.785,-20.949532458717
1.18277333686726,4.79,-20.94249257224
1.18277333686726,4.795,-20.9355120947584
1.18277333686726,4.8,-20.9285907545498
1.18277333686726,4.805,-20.9217282790192
1.18277333686726,4.81,-20.9149243947194
1.18277333686726,4.815,-20.9081788273713
1.18277333686726,4.82,-20.9014913018845
1.18277333686726,4.825,-20.8948615423772
1.18277333686726,4.83,-20.8882892721975
1.18277333686726,4.835,-20.8817742139426
1.18277333686726,4.84,-20.8753160894803
1.18277333686726,4.845,-20.8689146199684
1.18277333686726,4.85,-20.8625695258757
1.18277333686726,4.855,-20.856280527002
1.18277333686726,4.86,-20.8500473424986
1.18277333686726,4.865,-20.843869690888
1.18277333686726,4.87,-20.837747290085
1.18277333686726,4.875,-20.831679857416
1.18277333686726,4.88,-20.8256671096397
1.18277333686726,4.885,-20.819708762967
1.18277333686726,4.89,-20.8138045330811
1.18277333686726,4.895,-20.8079541351574
1.18277333686726,4.9,-20.8021572838835
1.18277333686726,4.905,-20.7964136934792
1.18277333686726,4.91,-20.7907230777161
1.18277333686726,4.915,-20.7850851499374
1.18277333686726,4.92,-20.7794996230777
1.18277333686726,4.925,-20.7739662096825
1.18277333686726,4.93,-20.768484621928
1.18277333686726,4.935,-20.7630545716401
1.18277333686726,4.94,-20.7576757703142
1.18277333686726,4.945,-20.7523479291342
1.18277333686726,4.95,-20.7470707589921
1.18277333686726,4.955,-20.7418439705066
1.18277333686726,4.96,-20.7366672740426
1.18277333686726,4.965,-20.73154037973
1.18277333686726,4.97,-20.7264629974823
1.18277333686726,4.975,-20.7214348370156
1.18277333686726,4.98,-20.7164556078675
1.18277333686726,4.985,-20.7115250194149
1.18277333686726,4.99,-20.7066427808931
1.18277333686726,4.995,-20.7018086014139
1.18277333686726,5,-20.6970221899836
1.18277333686726,5.005,-20.6922832555214
1.18277333686726,5.01,-20.6875915068774
1.18277333686726,5.015,-20.6829466528501
1.18277333686726,5.02,-20.6783484022045
1.18277333686726,5.025,-20.6737964636896
1.18277333686726,5.03,-20.6692905460558
1.18277333686726,5.035,-20.6648303580723
1.18277333686726,5.04,-20.6604156085446
1.18277333686726,5.045,-20.6560460063313
1.18277333686726,5.05,-20.651721260361
1.18277333686726,5.055,-20.6474410796496
1.18277333686726,5.06,-20.6432051733166
1.18277333686726,5.065,-20.6390132506017
1.18277333686726,5.07,-20.6348650208814
1.18277333686726,5.075,-20.6307601936854
1.18277333686726,5.08,-20.6266984787122
1.18277333686726,5.085,-20.6226795858459
1.18277333686726,5.09,-20.6187032251712
1.18277333686726,5.095,-20.6147691069899
1.18277333686726,5.1,-20.610876941836
1.18277333686726,5.105,-20.6070264404913
1.18277333686726,5.11,-20.6032173140006
1.18277333686726,5.115,-20.5994492736867
1.18277333686726,5.12,-20.5957220311657
1.18277333686726,5.125,-20.5920352983616
1.18277333686726,5.13,-20.5883887875209
1.18277333686726,5.135,-20.5847822112274
1.18277333686726,5.14,-20.5812152824162
1.18277333686726,5.145,-20.5776877143881
1.18277333686726,5.15,-20.5741992208236
1.18277333686726,5.155,-20.5707495157969
1.18277333686726,5.16,-20.5673383137893
1.18277333686726,5.165,-20.5639653297032
1.18277333686726,5.17,-20.5606302788751
1.18277333686726,5.175,-20.5573328770893
1.18277333686726,5.18,-20.5540728405905
1.18277333686726,5.185,-20.5508498860971
1.18277333686726,5.19,-20.5476637308137
1.18277333686726,5.195,-20.544514092444
1.18277333686726,5.2,-20.5414006892029
1.18277333686726,5.205,-20.5383232398292
1.18277333686726,5.21,-20.5352814635971
1.18277333686726,5.215,-20.5322750803289
1.18277333686726,5.22,-20.5293038104063
1.18277333686726,5.225,-20.5263673747821
1.18277333686726,5.23,-20.5234654949918
1.18277333686726,5.235,-20.5205978931648
1.18277333686726,5.24,-20.5177642920356
1.18277333686726,5.245,-20.5149644149548
1.18277333686726,5.25,-20.5121979858997
1.18277333686726,5.255,-20.5094647294854
1.18277333686726,5.26,-20.5067643709747
1.18277333686726,5.265,-20.5040966362892
1.18277333686726,5.27,-20.5014612520186
1.18277333686726,5.275,-20.4988579454313
1.18277333686726,5.28,-20.4962864444841
1.18277333686726,5.285,-20.4937464778318
1.18277333686726,5.29,-20.491237774837
1.18277333686726,5.295,-20.4887600655789
1.18277333686726,5.3,-20.4863130808632
1.18277333686726,5.305,-20.4838965522306
1.18277333686726,5.31,-20.4815102119659
1.18277333686726,5.315,-20.4791537931067
1.18277333686726,5.32,-20.4768270294522
1.18277333686726,5.325,-20.4745296555712
1.18277333686726,5.33,-20.4722614068106
1.18277333686726,5.335,-20.4700220193034
1.18277333686726,5.34,-20.467811229977
1.18277333686726,5.345,-20.4656287765602
1.18277333686726,5.35,-20.4634743975918
1.18277333686726,5.355,-20.4613478324273
1.18277333686726,5.36,-20.4592488212467
1.18277333686726,5.365,-20.4571771050616
1.18277333686726,5.37,-20.4551324257219
1.18277333686726,5.375,-20.4531145259232
1.18277333686726,5.38,-20.4511231492131
1.18277333686726,5.385,-20.449158039998
1.18277333686726,5.39,-20.4472189435494
1.18277333686726,5.395,-20.4453056060104
1.18277333686726,5.4,-20.4434177744016
1.18277333686726,5.405,-20.4415551966272
1.18277333686726,5.41,-20.439717621481
1.18277333686726,5.415,-20.4379047986517
1.18277333686726,5.42,-20.4361164787288
1.18277333686726,5.425,-20.4343524132082
1.18277333686726,5.43,-20.4326123544969
1.18277333686726,5.435,-20.4308960559188
1.18277333686726,5.44,-20.429203271719
1.18277333686726,5.445,-20.4275337570695
1.18277333686726,5.45,-20.4258872680732
1.18277333686726,5.455,-20.4242635617688
1.18277333686726,5.46,-20.4226623961356
1.18277333686726,5.465,-20.4210835300971
1.18277333686726,5.47,-20.4195267235259
1.18277333686726,5.475,-20.4179917372473
1.18277333686726,5.48,-20.4164783330436
1.18277333686726,5.485,-20.4149862736575
1.18277333686726,5.49,-20.4135153227964
1.18277333686726,5.495,-20.4120652451353
1.18277333686726,5.5,-20.4106358063206
1.18277333686726,5.505,-20.4092267729734
1.18277333686726,5.51,-20.4078379126926
1.18277333686726,5.515,-20.4064689940582
1.18277333686726,5.52,-20.4051197866339
1.18277333686726,5.525,-20.4037900609701
1.18277333686726,5.53,-20.4024795886066
1.18277333686726,5.535,-20.4011881420754
1.18277333686726,5.54,-20.399915494903
1.18277333686726,5.545,-20.3986614216124
1.18277333686726,5.55,-20.3974256977263
1.18277333686726,5.555,-20.3962080997683
1.18277333686726,5.56,-20.3950084052654
1.18277333686726,5.565,-20.3938263927499
1.18277333686726,5.57,-20.3926618417612
1.18277333686726,5.575,-20.3915145328474
1.18277333686726,5.58,-20.390384247567
1.18277333686726,5.585,-20.3892707684905
1.18277333686726,5.59,-20.3881738792015
1.18277333686726,5.595,-20.3870933642984
1.18277333686726,5.6,-20.3860290093952
1.18277333686726,5.605,-20.3849806011229
1.18277333686726,5.61,-20.3839479271305
1.18277333686726,5.615,-20.3829307760855
1.18277333686726,5.62,-20.3819289376752
1.18277333686726,5.625,-20.3809422026073
1.18277333686726,5.63,-20.3799703626103
1.18277333686726,5.635,-20.3790132104342
1.18277333686726,5.64,-20.3780705398508
1.18277333686726,5.645,-20.3771421456544
1.18277333686726,5.65,-20.3762278236617
1.18277333686726,5.655,-20.3753273707119
1.18277333686726,5.66,-20.3744405846673
1.18277333686726,5.665,-20.3735672644128
1.18277333686726,5.67,-20.372707209856
1.18277333686726,5.675,-20.3718602219272
1.18277333686726,5.68,-20.3710261025787
1.18277333686726,5.685,-20.370204654785
1.18277333686726,5.69,-20.3693956825421
1.18277333686726,5.695,-20.3685989908671
1.18277333686726,5.7,-20.3678143857977
1.18277333686726,5.705,-20.3670416743912
1.18277333686726,5.71,-20.3662806647246
1.18277333686726,5.715,-20.3655311658928
1.18277333686726,5.72,-20.3647929880086
1.18277333686726,5.725,-20.3640659422013
1.18277333686726,5.73,-20.3633498406159
1.18277333686726,5.735,-20.3626444964119
1.18277333686726,5.74,-20.3619497237624
1.18277333686726,5.745,-20.3612653378526
1.18277333686726,5.75,-20.3605911548789
1.18277333686726,5.755,-20.3599269920473
1.18277333686726,5.76,-20.359272667572
1.18277333686726,5.765,-20.3586280006742
1.18277333686726,5.77,-20.3579928115804
1.18277333686726,5.775,-20.3573669215209
1.18277333686726,5.78,-20.3567501527281
1.18277333686726,5.785,-20.3561423284348
1.18277333686726,5.79,-20.3555432728727
1.18277333686726,5.795,-20.3549528112704
1.18277333686726,5.8,-20.3543707698514
1.18277333686726,5.805,-20.3537969758326
1.18277333686726,5.81,-20.353231257422
1.18277333686726,5.815,-20.3526734438167
1.18277333686726,5.82,-20.3521233652013
1.18277333686726,5.825,-20.351580852745
1.18277333686726,5.83,-20.3510457386002
1.18277333686726,5.835,-20.3505178558999
1.18277333686726,5.84,-20.3499970387555
1.18277333686726,5.845,-20.3494831222546
1.18277333686726,5.85,-20.3489759424583
1.18277333686726,5.855,-20.3484753363996
1.18277333686726,5.86,-20.3479811420801
1.18277333686726,5.865,-20.347493198468
1.18277333686726,5.87,-20.3470113454956
1.18277333686726,5.875,-20.3465354240565
1.18277333686726,5.88,-20.3460652760033
1.18277333686726,5.885,-20.3456007441446
1.18277333686726,5.89,-20.3451416722428
1.18277333686726,5.895,-20.344687905011
1.18277333686726,5.9,-20.3442392881105
1.18277333686726,5.905,-20.343795668148
1.18277333686726,5.91,-20.3433568926726
1.18277333686726,5.915,-20.342922810173
1.18277333686726,5.92,-20.3424932700751
1.18277333686726,5.925,-20.3420681227384
1.18277333686726,5.93,-20.3416472194535
1.18277333686726,5.935,-20.3412304124388
1.18277333686726,5.94,-20.3408175548382
1.18277333686726,5.945,-20.3404085007171
1.18277333686726,5.95,-20.34000310506
1.18277333686726,5.955,-20.3396012237675
1.18277333686726,5.96,-20.3392027136526
1.18277333686726,5.965,-20.3388074324383
1.18277333686726,5.97,-20.3384152387536
1.18277333686726,5.975,-20.3380259921313
1.18277333686726,5.98,-20.3376395530041
1.18277333686726,5.985,-20.3372557827013
1.18277333686726,5.99,-20.3368745434464
1.18277333686726,5.995,-20.3364956983526
1.18277333686726,6,-20.3361191114208
1.2,0.5,-50.8579888425303
1.2,0.505,-50.7674496737379
1.2,0.51,-50.6777177542179
1.2,0.515,-50.588776517241
1.2,0.52,-50.5006098741731
1.2,0.525,-50.4132021962372
1.2,0.53,-50.326538297138
1.2,0.535,-50.2406034164986
1.2,0.54,-50.1553832040646
1.2,0.545,-50.0708637046338
1.2,0.55,-49.9870313436718
1.2,0.555,-49.9038729135761
1.2,0.56,-49.8213755605543
1.2,0.565,-49.7395267720832
1.2,0.57,-49.6583143649196
1.2,0.575,-49.5777264736321
1.2,0.58,-49.4977515396282
1.2,0.585,-49.4183783006518
1.2,0.59,-49.3395957807249
1.2,0.595,-49.261393280514
1.2,0.6,-49.1837603680978
1.2,0.605,-49.106686870117
1.2,0.61,-49.0301628632878
1.2,0.615,-48.9541786662608
1.2,0.62,-48.8787248318088
1.2,0.625,-48.8037921393274
1.2,0.63,-48.7293715876346
1.2,0.635,-48.6554543880531
1.2,0.64,-48.5820319577649
1.2,0.645,-48.5090959134225
1.2,0.65,-48.4366380650078
1.2,0.655,-48.3646504099249
1.2,0.66,-48.2931251273174
1.2,0.665,-48.2220545726002
1.2,0.67,-48.1514312721954
1.2,0.675,-48.0812479184638
1.2,0.68,-48.0114973648233
1.2,0.685,-47.942172621046
1.2,0.69,-47.8732668487256
1.2,0.695,-47.8047733569092
1.2,0.7,-47.736685597885
1.2,0.705,-47.6689971631195
1.2,0.71,-47.6017017793389
1.2,0.715,-47.5347933047477
1.2,0.72,-47.4682657253787
1.2,0.725,-47.4021131515696
1.2,0.73,-47.3363298145607
1.2,0.735,-47.2709100632083
1.2,0.74,-47.2058483608102
1.2,0.745,-47.1411392820377
1.2,0.75,-47.07677750997
1.2,0.755,-47.0127578332279
1.2,0.76,-46.9490751432017
1.2,0.765,-46.8857244313697
1.2,0.77,-46.8227007867054
1.2,0.775,-46.7599993931668
1.2,0.78,-46.6976155272687
1.2,0.785,-46.6355445557307
1.2,0.79,-46.5737819332013
1.2,0.795,-46.5123232000535
1.2,0.8,-46.4511639802495
1.2,0.805,-46.3902999792719
1.2,0.81,-46.3297269821201
1.2,0.815,-46.2694408513669
1.2,0.82,-46.2094375252763
1.2,0.825,-46.1497130159774
1.2,0.83,-46.0902634076945
1.2,0.835,-46.0310848550299
1.2,0.84,-45.9721735812986
1.2,0.845,-45.9135258769123
1.2,0.85,-45.8551380978114
1.2,0.855,-45.7970066639432
1.2,0.86,-45.7391280577842
1.2,0.865,-45.6814988229063
1.2,0.87,-45.6241155625838
1.2,0.875,-45.5669749384403
1.2,0.88,-45.5100736691355
1.2,0.885,-45.4534085290881
1.2,0.89,-45.3969763472357
1.2,0.895,-45.3407740058293
1.2,0.9,-45.2847984392616
1.2,0.905,-45.2290466329282
1.2,0.91,-45.17351562212
1.2,0.915,-45.1182024909466
1.2,0.92,-45.0631043712887
1.2,0.925,-45.0082184417799
1.2,0.93,-44.9535419268152
1.2,0.935,-44.899072095587
1.2,0.94,-44.844806261147
1.2,0.945,-44.7907417794925
1.2,0.95,-44.7368760486781
1.2,0.955,-44.6832065079499
1.2,0.96,-44.6297306369035
1.2,0.965,-44.5764459546631
1.2,0.97,-44.5233500190829
1.2,0.975,-44.4704404259686
1.2,0.98,-44.4177148083195
1.2,0.985,-44.3651708355899
1.2,0.99,-44.3128062129696
1.2,0.995,-44.2606186806822
1.2,1,-44.2086060133019
1.2,1.005,-44.1567660190873
1.2,1.01,-44.105096539332
1.2,1.015,-44.053595447731
1.2,1.02,-44.0022606497637
1.2,1.025,-43.9510900820916
1.2,1.03,-43.9000817119711
1.2,1.035,-43.849233536681
1.2,1.04,-43.7985435829631
1.2,1.045,-43.7480099064779
1.2,1.05,-43.6976305912719
1.2,1.055,-43.6474037492592
1.2,1.06,-43.5973275197146
1.2,1.065,-43.5474000687795
1.2,1.07,-43.4976195889788
1.2,1.075,-43.4479842987505
1.2,1.08,-43.3984924419849
1.2,1.085,-43.3491422875763
1.2,1.09,-43.2999321289837
1.2,1.095,-43.250860283803
1.2,1.1,-43.2019250933484
1.2,1.105,-43.1531249222438
1.2,1.11,-43.1044581580235
1.2,1.115,-43.0559232107424
1.2,1.12,-43.0075185125947
1.2,1.125,-42.9592425175417
1.2,1.13,-42.9110937009478
1.2,1.135,-42.8630705592248
1.2,1.14,-42.8151716094844
1.2,1.145,-42.7673953891983
1.2,1.15,-42.7197404558659
1.2,1.155,-42.6722053866898
1.2,1.16,-42.6247887782578
1.2,1.165,-42.5774892462329
1.2,1.17,-42.5303054250491
1.2,1.175,-42.4832359676146
1.2,1.18,-42.4362795450216
1.2,1.185,-42.3894348462614
1.2,1.19,-42.3427005779474
1.2,1.195,-42.2960754640421
1.2,1.2,-42.249558245592
1.2,1.205,-42.2031476804665
1.2,1.21,-42.1568425431034
1.2,1.215,-42.1106416242597
1.2,1.22,-42.0645437307673
1.2,1.225,-42.0185476852944
1.2,1.23,-41.9726523261114
1.2,1.235,-41.9268565068624
1.2,1.24,-41.8811590963408
1.2,1.245,-41.8355589782699
1.2,1.25,-41.7900550510883
1.2,1.255,-41.7446462277396
1.2,1.26,-41.699331435466
1.2,1.265,-41.6541096156069
1.2,1.27,-41.6089797234011
1.2,1.275,-41.5639407277934
1.2,1.28,-41.5189916112447
1.2,1.285,-41.4741313695468
1.2,1.29,-41.4293590116398
1.2,1.295,-41.3846735594339
1.2,1.3,-41.3400740476353
1.2,1.305,-41.295559523574
1.2,1.31,-41.2511290470368
1.2,1.315,-41.2067816901025
1.2,1.32,-41.1625165369806
1.2,1.325,-41.1183326838536
1.2,1.33,-41.074229238722
1.2,1.335,-41.0302053212523
1.2,1.34,-40.9862600626283
1.2,1.345,-40.942392605405
1.2,1.35,-40.8986021033657
1.2,1.355,-40.8548877213812
1.2,1.36,-40.8112486352727
1.2,1.365,-40.7676840316761
1.2,1.37,-40.7241931079104
1.2,1.375,-40.680775071847
1.2,1.38,-40.6374291417826
1.2,1.385,-40.5941545463144
1.2,1.39,-40.5509505242171
1.2,1.395,-40.5078163243224
1.2,1.4,-40.4647512054015
1.2,1.405,-40.4217544360486
1.2,1.41,-40.3788252945671
1.2,1.415,-40.3359630688586
1.2,1.42,-40.2931670563124
1.2,1.425,-40.2504365636987
1.2,1.43,-40.2077709070624
1.2,1.435,-40.1651694116195
1.2,1.44,-40.1226314116553
1.2,1.445,-40.0801562504247
1.2,1.45,-40.0377432800533
1.2,1.455,-39.9953918614415
1.2,1.46,-39.9531013641693
1.2,1.465,-39.9108711664038
1.2,1.47,-39.868700654807
1.2,1.475,-39.8265892244465
1.2,1.48,-39.7845362787071
1.2,1.485,-39.7425412292037
1.2,1.49,-39.7006034956966
1.2,1.495,-39.6587225060071
1.2,1.5,-39.6168976959355
1.2,1.505,-39.57512850918
1.2,1.51,-39.5334143972571
1.2,1.515,-39.4917548194232
1.2,1.52,-39.4501492425976
1.2,1.525,-39.4085971412869
1.2,1.53,-39.3670979975105
1.2,1.535,-39.3256513007272
1.2,1.54,-39.2842565477634
1.2,1.545,-39.2429132427417
1.2,1.55,-39.2016208970117
1.2,1.555,-39.1603790290809
1.2,1.56,-39.119187164547
1.2,1.565,-39.0780448360321
1.2,1.57,-39.0369515831163
1.2,1.575,-38.9959069522736
1.2,1.58,-38.9549104968086
1.2,1.585,-38.9139617767934
1.2,1.59,-38.8730603590068
1.2,1.595,-38.8322058168726
1.2,1.6,-38.7913977304006
1.2,1.605,-38.7506356861274
1.2,1.61,-38.7099192770582
1.2,1.615,-38.6692481026097
1.2,1.62,-38.6286217685539
1.2,1.625,-38.588039886962
1.2,1.63,-38.5475020761498
1.2,1.635,-38.5070079606236
1.2,1.64,-38.466557171027
1.2,1.645,-38.426149344088
1.2,1.65,-38.3857841225669
1.2,1.655,-38.3454611552056
1.2,1.66,-38.3051800966767
1.2,1.665,-38.2649406075333
1.2,1.67,-38.2247423541601
1.2,1.675,-38.1845850087248
1.2,1.68,-38.1444682491293
1.2,1.685,-38.1043917589632
1.2,1.69,-38.064355227456
1.2,1.695,-38.0243583494312
1.2,1.7,-37.9844008252605
1.2,1.705,-37.9444823608181
1.2,1.71,-37.9046026674364
1.2,1.715,-37.8647614618614
1.2,1.72,-37.824958466209
1.2,1.725,-37.7851934079216
1.2,1.73,-37.7454660197253
1.2,1.735,-37.7057760395874
1.2,1.74,-37.6661232106747
1.2,1.745,-37.6265072813115
1.2,1.75,-37.5869280049387
1.2,1.755,-37.5473851400729
1.2,1.76,-37.5078784502663
1.2,1.765,-37.4684077040664
1.2,1.77,-37.4289726749764
1.2,1.775,-37.3895731414162
1.2,1.78,-37.3502088866832
1.2,1.785,-37.3108796989137
1.2,1.79,-37.2715853710446
1.2,1.795,-37.2323257007758
1.2,1.8,-37.193100490532
1.2,1.805,-37.1539095474256
1.2,1.81,-37.1147526832196
1.2,1.815,-37.0756297142907
1.2,1.82,-37.0365404615928
1.2,1.825,-36.9974847506207
1.2,1.83,-36.9584624113739
1.2,1.835,-36.919473278321
1.2,1.84,-36.880517190364
1.2,1.845,-36.8415939908029
1.2,1.85,-36.8027035273007
1.2,1.855,-36.763845651848
1.2,1.86,-36.725020220729
1.2,1.865,-36.6862270944861
1.2,1.87,-36.6474661378864
1.2,1.875,-36.6087372198864
1.2,1.88,-36.5700402135993
1.2,1.885,-36.5313749962598
1.2,1.89,-36.4927414491913
1.2,1.895,-36.4541394577719
1.2,1.9,-36.4155689114014
1.2,1.905,-36.3770297034671
1.2,1.91,-36.3385217313119
1.2,1.915,-36.3000448962001
1.2,1.92,-36.2615991032852
1.2,1.925,-36.2231842615768
1.2,1.93,-36.1848002839081
1.2,1.935,-36.146447086903
1.2,1.94,-36.1081245909438
1.2,1.945,-36.069832720139
1.2,1.95,-36.0315714022903
1.2,1.955,-35.9933405688612
1.2,1.96,-35.9551401549442
1.2,1.965,-35.916970099229
1.2,1.97,-35.8788303439706
1.2,1.975,-35.840720834957
1.2,1.98,-35.8026415214774
1.2,1.985,-35.7645923562907
1.2,1.99,-35.7265732955933
1.2,1.995,-35.6885842989876
1.2,2,-35.6506253294503
1.2,2.005,-35.6126963533004
1.2,2.01,-35.5747973401684
1.2,2.015,-35.5369282629638
1.2,2.02,-35.4990890978443
1.2,2.025,-35.461279824184
1.2,2.03,-35.4235004245417
1.2,2.035,-35.38575088463
1.2,2.04,-35.3480311932833
1.2,2.045,-35.310341342427
1.2,2.05,-35.2726813270455
1.2,2.055,-35.2350511451513
1.2,2.06,-35.1974507977536
1.2,2.065,-35.1598802888267
1.2,2.07,-35.1223396252789
1.2,2.075,-35.0848288169213
1.2,2.08,-35.047347876436
1.2,2.085,-35.0098968193455
1.2,2.09,-34.9724756639811
1.2,2.095,-34.9350844314513
1.2,2.1,-34.897723145611
1.2,2.105,-34.8603918330303
1.2,2.11,-34.8230905229628
1.2,2.115,-34.7858192473144
1.2,2.12,-34.7485780406126
1.2,2.125,-34.7113669399746
1.2,2.13,-34.6741859850763
1.2,2.135,-34.6370352181213
1.2,2.14,-34.5999146838093
1.2,2.145,-34.5628244293048
1.2,2.15,-34.5257645042064
1.2,2.155,-34.4887349605151
1.2,2.16,-34.4517358526031
1.2,2.165,-34.4147672371829
1.2,2.17,-34.3778291732756
1.2,2.175,-34.3409217221803
1.2,2.18,-34.3040449474423
1.2,2.185,-34.2671989148223
1.2,2.19,-34.230383692265
1.2,2.195,-34.1935993498681
1.2,2.2,-34.1568459598512
1.2,2.205,-34.1201235965243
1.2,2.21,-34.0834323362569
1.2,2.215,-34.046772257447
1.2,2.22,-34.0101434404899
1.2,2.225,-33.9735459677471
1.2,2.23,-33.9369799235151
1.2,2.235,-33.9004453939949
1.2,2.24,-33.8639424672603
1.2,2.245,-33.8274712332275
1.2,2.25,-33.7910317836239
1.2,2.255,-33.7546242119572
1.2,2.26,-33.7182486134846
1.2,2.265,-33.681905085182
1.2,2.27,-33.645593725713
1.2,2.275,-33.6093146353987
1.2,2.28,-33.5730679161862
1.2,2.285,-33.5368536716187
1.2,2.29,-33.5006720068044
1.2,2.295,-33.4645230283862
1.2,2.3,-33.4284068445113
1.2,2.305,-33.3923235648006
1.2,2.31,-33.3562733003184
1.2,2.315,-33.3202561635422
1.2,2.32,-33.2842722683323
1.2,2.325,-33.2483217299019
1.2,2.33,-33.2124046647871
1.2,2.335,-33.1765211908164
1.2,2.34,-33.1406714270815
1.2,2.345,-33.1048554939072
1.2,2.35,-33.0690735128216
1.2,2.355,-33.0333256065264
1.2,2.36,-32.9976118988681
1.2,2.365,-32.9619325148076
1.2,2.37,-32.9262875803916
1.2,2.375,-32.8906772227233
1.2,2.38,-32.8551015699332
1.2,2.385,-32.8195607511501
1.2,2.39,-32.7840548964727
1.2,2.395,-32.7485841369404
1.2,2.4,-32.7131486045051
1.2,2.405,-32.6777484320026
1.2,2.41,-32.6423837531244
1.2,2.415,-32.6070547023897
1.2,2.42,-32.5717614151171
1.2,2.425,-32.5365040273971
1.2,2.43,-32.5012826760643
1.2,2.435,-32.4660974986698
1.2,2.44,-32.430948633454
1.2,2.445,-32.3958362193196
1.2,2.45,-32.3607603958042
1.2,2.455,-32.3257213030536
1.2,2.46,-32.2907190817956
1.2,2.465,-32.2557538733131
1.2,2.47,-32.2208258194179
1.2,2.475,-32.1859350624248
1.2,2.48,-32.1510817451259
1.2,2.485,-32.1162660107645
1.2,2.49,-32.08148800301
1.2,2.495,-32.0467478659327
1.2,2.5,-32.0120457439787
1.2,2.505,-31.9773817819451
1.2,2.51,-31.9427561249556
1.2,2.515,-31.9081689184359
1.2,2.52,-31.8736203080898
1.2,2.525,-31.8391104398755
1.2,2.53,-31.8046394599818
1.2,2.535,-31.7702075148047
1.2,2.54,-31.7358147509244
1.2,2.545,-31.7014613150824
1.2,2.55,-31.667147354159
1.2,2.555,-31.6328730151509
1.2,2.56,-31.5986384451491
1.2,2.565,-31.5644437913172
1.2,2.57,-31.5302892008698
1.2,2.575,-31.4961748210512
1.2,2.58,-31.4621007991148
1.2,2.585,-31.4280672823018
1.2,2.59,-31.3940744178213
1.2,2.595,-31.3601223528302
1.2,2.6,-31.3262112344132
1.2,2.605,-31.2923412095632
1.2,2.61,-31.2585124251624
1.2,2.615,-31.2247250279632
1.2,2.62,-31.1909791645697
1.2,2.625,-31.1572749814193
1.2,2.63,-31.1236126247649
1.2,2.635,-31.0899922406571
1.2,2.64,-31.056413974927
1.2,2.645,-31.022877973169
1.2,2.65,-30.9893843807242
1.2,2.655,-30.9559333426641
1.2,2.66,-30.9225250037745
1.2,2.665,-30.8891595085399
1.2,2.67,-30.8558370011278
1.2,2.675,-30.8225576253741
1.2,2.68,-30.7893215247681
1.2,2.685,-30.7561288424382
1.2,2.69,-30.7229797211381
1.2,2.695,-30.6898743032325
1.2,2.7,-30.6568127306846
1.2,2.705,-30.6237951450425
1.2,2.71,-30.5908216874267
1.2,2.715,-30.557892498518
1.2,2.72,-30.5250077185452
1.2,2.725,-30.4921674872737
1.2,2.73,-30.4593719439945
1.2,2.735,-30.4266212275127
1.2,2.74,-30.3939154761374
1.2,2.745,-30.3612548276715
1.2,2.75,-30.3286394194015
1.2,2.755,-30.2960693880885
1.2,2.76,-30.2635448699587
1.2,2.765,-30.2310660006946
1.2,2.77,-30.1986329154269
1.2,2.775,-30.1662457487262
1.2,2.78,-30.1339046345951
1.2,2.785,-30.1016097064612
1.2,2.79,-30.0693610971697
1.2,2.795,-30.0371589389772
1.2,2.8,-30.0050033635448
1.2,2.805,-29.9728945019326
1.2,2.81,-29.9408324845938
1.2,2.815,-29.9088174413696
1.2,2.82,-29.876849501484
1.2,2.825,-29.8449287935397
1.2,2.83,-29.8130554455133
1.2,2.835,-29.7812295847516
1.2,2.84,-29.7494513379684
1.2,2.845,-29.7177208312406
1.2,2.85,-29.6860381900059
1.2,2.855,-29.6544035390598
1.2,2.86,-29.6228170025536
1.2,2.865,-29.5912787039926
1.2,2.87,-29.5597887662343
1.2,2.875,-29.5283473114871
1.2,2.88,-29.4969544613098
1.2,2.885,-29.4656103366103
1.2,2.89,-29.4343150576461
1.2,2.895,-29.4030687440235
1.2,2.9,-29.3718715146985
1.2,2.905,-29.3407234879774
1.2,2.91,-29.3096247815172
1.2,2.915,-29.2785755123275
1.2,2.92,-29.2475757967714
1.2,2.925,-29.2166257505679
1.2,2.93,-29.1857254887936
1.2,2.935,-29.154875125885
1.2,2.94,-29.1240747756416
1.2,2.945,-29.0933245512284
1.2,2.95,-29.0626245651792
1.2,2.955,-29.0319749294002
1.2,2.96,-29.0013757551738
1.2,2.965,-28.970827153162
1.2,2.97,-28.9403292334113
1.2,2.975,-28.9098821053571
1.2,2.98,-28.8794858778279
1.2,2.985,-28.8491406590507
1.2,2.99,-28.8188465566562
1.2,2.995,-28.7886036776839
1.2,3,-28.7584121285882
1.2,3.005,-28.7282720152436
1.2,3.01,-28.6981834429515
1.2,3.015,-28.6681465164459
1.2,3.02,-28.6381613399001
1.2,3.025,-28.6082280169333
1.2,3.03,-28.5783466506174
1.2,3.035,-28.5485173434843
1.2,3.04,-28.5187401975327
1.2,3.045,-28.4890153142357
1.2,3.05,-28.4593427945484
1.2,3.055,-28.4297227389153
1.2,3.06,-28.4001552472785
1.2,3.065,-28.3706404190856
1.2,3.07,-28.3411783532976
1.2,3.075,-28.3117691483973
1.2,3.08,-28.282412902398
1.2,3.085,-28.2531097128515
1.2,3.09,-28.223859676857
1.2,3.095,-28.1946628910699
1.2,3.1,-28.1655194517105
1.2,3.105,-28.1364294545728
1.2,3.11,-28.1073929950341
1.2,3.115,-28.0784101680633
1.2,3.12,-28.0494810682306
1.2,3.125,-28.0206057897167
1.2,3.13,-27.9917844263218
1.2,3.135,-27.9630170714756
1.2,3.14,-27.9343038182459
1.2,3.145,-27.9056447593486
1.2,3.15,-27.8770399871569
1.2,3.155,-27.8484895937112
1.2,3.16,-27.8199936707283
1.2,3.165,-27.7915523096108
1.2,3.17,-27.7631656014572
1.2,3.175,-27.734833637071
1.2,3.18,-27.7065565069704
1.2,3.185,-27.6783343013979
1.2,3.19,-27.6501671103298
1.2,3.195,-27.6220550234857
1.2,3.2,-27.5939981303377
1.2,3.205,-27.5659965201202
1.2,3.21,-27.5380502818394
1.2,3.215,-27.510159504282
1.2,3.22,-27.4823242760249
1.2,3.225,-27.4545446854445
1.2,3.23,-27.4268208207257
1.2,3.235,-27.3991527698706
1.2,3.24,-27.3715406207082
1.2,3.245,-27.3439844609026
1.2,3.25,-27.3164843779621
1.2,3.255,-27.2890404592479
1.2,3.26,-27.2616527919826
1.2,3.265,-27.2343214632584
1.2,3.27,-27.207046560046
1.2,3.275,-27.1798281692021
1.2,3.28,-27.1526663774781
1.2,3.285,-27.1255612715275
1.2,3.29,-27.0985129379142
1.2,3.295,-27.0715214631194
1.2,3.3,-27.0445869335498
1.2,3.305,-27.0177094355444
1.2,3.31,-26.9908890553818
1.2,3.315,-26.9641258792873
1.2,3.32,-26.9374199934392
1.2,3.325,-26.910771483976
1.2,3.33,-26.8841804370021
1.2,3.335,-26.8576469385948
1.2,3.34,-26.8311710748093
1.2,3.345,-26.8047529316854
1.2,3.35,-26.7783925952526
1.2,3.355,-26.7520901515354
1.2,3.36,-26.7258456865586
1.2,3.365,-26.699659286352
1.2,3.37,-26.6735310369554
1.2,3.375,-26.6474610244225
1.2,3.38,-26.6214493348258
1.2,3.385,-26.5954960542597
1.2,3.39,-26.5696012688448
1.2,3.395,-26.5437650647311
1.2,3.4,-26.5179875281011
1.2,3.405,-26.4922687451729
1.2,3.41,-26.4666088022028
1.2,3.415,-26.4410077854874
1.2,3.42,-26.4154657813659
1.2,3.425,-26.3899828762222
1.2,3.43,-26.3645591564859
1.2,3.435,-26.3391947086338
1.2,3.44,-26.3138896191909
1.2,3.445,-26.288643974731
1.2,3.45,-26.2634578618773
1.2,3.455,-26.2383313673019
1.2,3.46,-26.2132645777265
1.2,3.465,-26.1882575799208
1.2,3.47,-26.1633104607026
1.2,3.475,-26.1384233069362
1.2,3.48,-26.113596205531
1.2,3.485,-26.0888292434399
1.2,3.49,-26.064122507657
1.2,3.495,-26.0394760852155
1.2,3.5,-26.0148900631848
1.2,3.505,-25.9903645286677
1.2,3.51,-25.9658995687968
1.2,3.515,-25.9414952707309
1.2,3.52,-25.9171517216513
1.2,3.525,-25.8928690087572
1.2,3.53,-25.8686472192611
1.2,3.535,-25.8444864403843
1.2,3.54,-25.8203867593508
1.2,3.545,-25.7963482633825
1.2,3.55,-25.7723710396928
1.2,3.555,-25.7484551754808
1.2,3.56,-25.724600757924
1.2,3.565,-25.7008078741723
1.2,3.57,-25.6770766113401
1.2,3.575,-25.6534070564988
1.2,3.58,-25.6297992966696
1.2,3.585,-25.6062534188144
1.2,3.59,-25.5827695098278
1.2,3.595,-25.5593476565282
1.2,3.6,-25.5359879456486
1.2,3.605,-25.5126904638271
1.2,3.61,-25.4894552975971
1.2,3.615,-25.4662825333772
1.2,3.62,-25.4431722574606
1.2,3.625,-25.4201245560049
1.2,3.63,-25.3971395150202
1.2,3.635,-25.3742172203586
1.2,3.64,-25.3513577577018
1.2,3.645,-25.3285612125495
1.2,3.65,-25.3058276702073
1.2,3.655,-25.2831572157735
1.2,3.66,-25.2605499341268
1.2,3.665,-25.2380059099129
1.2,3.67,-25.2155252275311
1.2,3.675,-25.1931079711203
1.2,3.68,-25.1707542245454
1.2,3.685,-25.1484640713825
1.2,3.69,-25.1262375949049
1.2,3.695,-25.1040748780674
1.2,3.7,-25.0819760034921
1.2,3.705,-25.0599410534521
1.2,3.71,-25.0379701098565
1.2,3.715,-25.0160632542343
1.2,3.72,-24.9942205677179
1.2,3.725,-24.972442131027
1.2,3.73,-24.9507280244519
1.2,3.735,-24.9290783278365
1.2,3.74,-24.9074931205611
1.2,3.745,-24.8859724815251
1.2,3.75,-24.8645164891293
1.2,3.755,-24.8431252212582
1.2,3.76,-24.8217987552621
1.2,3.765,-24.8005371679382
1.2,3.77,-24.779340535513
1.2,3.775,-24.7582089336229
1.2,3.78,-24.7371424372959
1.2,3.785,-24.7161411209322
1.2,3.79,-24.6952050582852
1.2,3.795,-24.6743343224419
1.2,3.8,-24.6535289858037
1.2,3.805,-24.6327891200661
1.2,3.81,-24.6121147961994
1.2,3.815,-24.5915060844284
1.2,3.82,-24.5709630542119
1.2,3.825,-24.5504857742232
1.2,3.83,-24.5300743123287
1.2,3.835,-24.5097287355682
1.2,3.84,-24.4894491101334
1.2,3.845,-24.4692355013479
1.2,3.85,-24.4490879736456
1.2,3.855,-24.42900659055
1.2,3.86,-24.4089914146533
1.2,3.865,-24.3890425075947
1.2,3.87,-24.3691599300398
1.2,3.875,-24.3493437416588
1.2,3.88,-24.3295940011051
1.2,3.885,-24.3099107659944
1.2,3.89,-24.2902940928824
1.2,3.895,-24.2707440372441
1.2,3.9,-24.2512606534516
1.2,3.905,-24.2318439947529
1.2,3.91,-24.2124941132503
1.2,3.915,-24.1932110598786
1.2,3.92,-24.1739948843834
1.2,3.925,-24.1548456352999
1.2,3.93,-24.1357633599311
1.2,3.935,-24.116748104326
1.2,3.94,-24.0977999132587
1.2,3.945,-24.0789188302061
1.2,3.95,-24.0601048973269
1.2,3.955,-24.0413581554403
1.2,3.96,-24.0226786440045
1.2,3.965,-24.0040664010951
1.2,3.97,-23.9855214633844
1.2,3.975,-23.9670438661202
1.2,3.98,-23.9486336431045
1.2,3.985,-23.9302908266728
1.2,3.99,-23.912015447673
1.2,3.995,-23.8938075354452
1.2,4,-23.8756671178006
1.2,4.005,-23.8575942210012
1.2,4.01,-23.8395888697396
1.2,4.015,-23.8216510871186
1.2,4.02,-23.8037808946316
1.2,4.025,-23.785978312142
1.2,4.03,-23.7682433578641
1.2,4.035,-23.7505760483435
1.2,4.04,-23.7329763984374
1.2,4.045,-23.7154444212959
1.2,4.05,-23.6979801283424
1.2,4.055,-23.6805835292557
1.2,4.06,-23.6632546319506
1.2,4.065,-23.6459934425602
1.2,4.07,-23.6287999654171
1.2,4.075,-23.6116742030364
1.2,4.08,-23.5946161560972
1.2,4.085,-23.5776258234257
1.2,4.09,-23.5607032019779
1.2,4.095,-23.5438482868227
1.2,4.1,-23.5270610711253
1.2,4.105,-23.5103415461306
1.2,4.11,-23.4936897011475
1.2,4.115,-23.4771055235329
1.2,4.12,-23.4605889986761
1.2,4.125,-23.4441401099836
1.2,4.13,-23.4277588388642
1.2,4.135,-23.4114451647147
1.2,4.14,-23.3951990649049
1.2,4.145,-23.3790205147643
1.2,4.15,-23.3629094875679
1.2,4.155,-23.3468659545233
1.2,4.16,-23.3308898847574
1.2,4.165,-23.3149812453036
1.2,4.17,-23.2991400010901
1.2,4.175,-23.2833661149271
1.2,4.18,-23.2676595474959
1.2,4.185,-23.2520202573371
1.2,4.19,-23.2364482008401
1.2,4.195,-23.220943332232
1.2,4.2,-23.2055056035681
1.2,4.205,-23.1901349647216
1.2,4.21,-23.1748313633746
1.2,4.215,-23.1595947450087
1.2,4.22,-23.1444250528962
1.2,4.225,-23.1293222280924
1.2,4.23,-23.1142862094275
1.2,4.235,-23.0993169334987
1.2,4.24,-23.0844143346637
1.2,4.245,-23.0695783450338
1.2,4.25,-23.0548088944674
1.2,4.255,-23.0401059105644
1.2,4.26,-23.0254693186609
1.2,4.265,-23.0108990418236
1.2,4.27,-22.9963950008455
1.2,4.275,-22.9819571142418
1.2,4.28,-22.9675852982457
1.2,4.285,-22.9532794668054
1.2,4.29,-22.9390395315808
1.2,4.295,-22.9248654019414
1.2,4.3,-22.9107569849635
1.2,4.305,-22.8967141854291
1.2,4.31,-22.8827369058241
1.2,4.315,-22.868825046338
1.2,4.32,-22.8549785048631
1.2,4.325,-22.8411971769943
1.2,4.33,-22.82748095603
1.2,4.335,-22.8138297329726
1.2,4.34,-22.80024339653
1.2,4.345,-22.7867218331168
1.2,4.35,-22.7732649268571
1.2,4.355,-22.7598725595865
1.2,4.36,-22.7465446108551
1.2,4.365,-22.7332809579313
1.2,4.37,-22.720081475805
1.2,4.375,-22.7069460371923
1.2,4.38,-22.6938745125399
1.2,4.385,-22.6808667700301
1.2,4.39,-22.6679226755865
1.2,4.395,-22.6550420928795
1.2,4.4,-22.6422248833331
1.2,4.405,-22.6294709061311
1.2,4.41,-22.6167800182244
1.2,4.415,-22.6041520743387
1.2,4.42,-22.5915869269821
1.2,4.425,-22.5790844264535
1.2,4.43,-22.5666444208514
1.2,4.435,-22.5542667560828
1.2,4.44,-22.541951275873
1.2,4.445,-22.5296978217753
1.2,4.45,-22.5175062331809
1.2,4.455,-22.5053763473302
1.2,4.46,-22.4933079993234
1.2,4.465,-22.481301022132
1.2,4.47,-22.4693552466104
1.2,4.475,-22.4574705015083
1.2,4.48,-22.4456466134827
1.2,4.485,-22.4338834071116
1.2,4.49,-22.4221807049061
1.2,4.495,-22.4105383273248
1.2,4.5,-22.3989560927873
1.2,4.505,-22.3874338176883
1.2,4.51,-22.3759713164125
1.2,4.515,-22.3645684013493
1.2,4.52,-22.3532248829081
1.2,4.525,-22.3419405695334
1.2,4.53,-22.3307152677214
1.2,4.535,-22.3195487820355
1.2,4.54,-22.308440915123
1.2,4.545,-22.297391467732
1.2,4.55,-22.2864002387281
1.2,4.555,-22.275467025112
1.2,4.56,-22.2645916220372
1.2,4.565,-22.2537738228274
1.2,4.57,-22.2430134189954
1.2,4.575,-22.2323102002609
1.2,4.58,-22.2216639545696
1.2,4.585,-22.2110744681117
1.2,4.59,-22.2005415253418
1.2,4.595,-22.1900649089976
1.2,4.6,-22.1796444001201
1.2,4.605,-22.1692797780731
1.2,4.61,-22.1589708205637
1.2,4.615,-22.1487173036626
1.2,4.62,-22.1385190018242
1.2,4.625,-22.1283756879079
1.2,4.63,-22.118287133199
1.2,4.635,-22.1082531074297
1.2,4.64,-22.0982733788002
1.2,4.645,-22.088347714001
1.2,4.65,-22.0784758782337
1.2,4.655,-22.0686576352337
1.2,4.66,-22.0588927472915
1.2,4.665,-22.0491809752754
1.2,4.67,-22.0395220786536
1.2,4.675,-22.029915815517
1.2,4.68,-22.0203619426013
1.2,4.685,-22.0108602153103
1.2,4.69,-22.0014103877382
1.2,4.695,-21.9920122126934
1.2,4.7,-21.9826654417207
1.2,4.705,-21.9733698251253
1.2,4.71,-21.9641251119956
1.2,4.715,-21.9549310502268
1.2,4.72,-21.9457873865445
1.2,4.725,-21.936693866528
1.2,4.73,-21.9276502346344
1.2,4.735,-21.9186562342218
1.2,4.74,-21.9097116075736
1.2,4.745,-21.9008160959218
1.2,4.75,-21.8919694394714
1.2,4.755,-21.8831713774241
1.2,4.76,-21.8744216480023
1.2,4.765,-21.8657199884731
1.2,4.77,-21.8570661351725
1.2,4.775,-21.8484598235292
1.2,4.78,-21.8399007880888
1.2,4.785,-21.8313887625381
1.2,4.79,-21.8229234797287
1.2,4.795,-21.8145046717016
1.2,4.8,-21.8061320697112
1.2,4.805,-21.7978054042489
1.2,4.81,-21.7895244050677
1.2,4.815,-21.7812888012062
1.2,4.82,-21.7730983210122
1.2,4.825,-21.7649526921671
1.2,4.83,-21.7568516417094
1.2,4.835,-21.7487948960592
1.2,4.84,-21.7407821810414
1.2,4.845,-21.7328132219099
1.2,4.85,-21.7248877433713
1.2,4.855,-21.7170054696082
1.2,4.86,-21.7091661243032
1.2,4.865,-21.7013694306624
1.2,4.87,-21.6936151114386
1.2,4.875,-21.6859028889549
1.2,4.88,-21.6782324851276
1.2,4.885,-21.6706036214901
1.2,4.89,-21.6630160192151
1.2,4.895,-21.6554693991385
1.2,4.9,-21.6479634817813
1.2,4.905,-21.6404979873734
1.2,4.91,-21.6330726358756
1.2,4.915,-21.6256871470021
1.2,4.92,-21.6183412402435
1.2,4.925,-21.6110346348887
1.2,4.93,-21.6037670500469
1.2,4.935,-21.5965382046702
1.2,4.94,-21.589347817575
1.2,4.945,-21.5821956074642
1.2,4.95,-21.5750812929486
1.2,4.955,-21.5680045925682
1.2,4.96,-21.560965224814
1.2,4.965,-21.553962908149
1.2,4.97,-21.5469973610291
1.2,4.975,-21.540068301924
1.2,4.98,-21.5331754493383
1.2,4.985,-21.5263185218316
1.2,4.99,-21.5194972380392
1.2,4.995,-21.5127113166921
1.2,5,-21.5059604766373
1.2,5.005,-21.4992444368575
1.2,5.01,-21.492562916491
1.2,5.015,-21.4859156348508
1.2,5.02,-21.4793023114448
1.2,5.025,-21.4727226659941
1.2,5.03,-21.4661764184524
1.2,5.035,-21.4596632890248
1.2,5.04,-21.4531829981864
1.2,5.045,-21.4467352667008
1.2,5.05,-21.4403198156381
1.2,5.055,-21.4339363663931
1.2,5.06,-21.4275846407034
1.2,5.065,-21.4212643606665
1.2,5.07,-21.4149752487578
1.2,5.075,-21.4087170278476
1.2,5.08,-21.4024894212181
1.2,5.085,-21.3962921525805
1.2,5.09,-21.3901249460914
1.2,5.095,-21.3839875263696
1.2,5.1,-21.3778796185119
1.2,5.105,-21.3718009481096
1.2,5.11,-21.365751241264
1.2,5.115,-21.3597302246022
1.2,5.12,-21.3537376252925
1.2,5.125,-21.3477731710597
1.2,5.13,-21.3418365902
1.2,5.135,-21.3359276115958
1.2,5.14,-21.3300459647305
1.2,5.145,-21.3241913797024
1.2,5.15,-21.3183635872395
1.2,5.155,-21.3125623187131
1.2,5.16,-21.3067873061516
1.2,5.165,-21.3010382822541
1.2,5.17,-21.2953149804036
1.2,5.175,-21.2896171346803
1.2,5.18,-21.2839444798746
1.2,5.185,-21.2782967514994
1.2,5.19,-21.2726736858029
1.2,5.195,-21.2670750197808
1.2,5.2,-21.2615004911886
1.2,5.205,-21.2559498385529
1.2,5.21,-21.2504228011837
1.2,5.215,-21.2449191191855
1.2,5.22,-21.2394385334684
1.2,5.225,-21.2339807857595
1.2,5.23,-21.2285456186136
1.2,5.235,-21.2231327754234
1.2,5.24,-21.2177420004307
1.2,5.245,-21.2123730387359
1.2,5.25,-21.2070256363082
1.2,5.255,-21.2016995399958
1.2,5.26,-21.1963944975347
1.2,5.265,-21.1911102575589
1.2,5.27,-21.1858465696091
1.2,5.275,-21.1806031841417
1.2,5.28,-21.1753798525379
1.2,5.285,-21.1701763271119
1.2,5.29,-21.1649923611197
1.2,5.295,-21.159827708767
1.2,5.3,-21.1546821252171
1.2,5.305,-21.1495553665992
1.2,5.31,-21.1444471900155
1.2,5.315,-21.139357353549
1.2,5.32,-21.1342856162703
1.2,5.325,-21.1292317382452
1.2,5.33,-21.124195480541
1.2,5.335,-21.1191766052338
1.2,5.34,-21.1141748754142
1.2,5.345,-21.1091900551944
1.2,5.35,-21.1042219097136
1.2,5.355,-21.0992702051446
1.2,5.36,-21.0943347086989
1.2,5.365,-21.089415188633
1.2,5.37,-21.084511414253
1.2,5.375,-21.0796231559205
1.2,5.38,-21.0747501850575
1.2,5.385,-21.0698922741508
1.2,5.39,-21.0650491967575
1.2,5.395,-21.0602207275089
1.2,5.4,-21.0554066421151
1.2,5.405,-21.0506067173693
1.2,5.41,-21.0458207311518
1.2,5.415,-21.0410484624337
1.2,5.42,-21.0362896912808
1.2,5.425,-21.0315441988572
1.2,5.43,-21.0268117674285
1.2,5.435,-21.0220921803653
1.2,5.44,-21.0173852221461
1.2,5.445,-21.0126906783602
1.2,5.45,-21.0080083357107
1.2,5.455,-21.0033379820171
1.2,5.46,-20.9986794062175
1.2,5.465,-20.9940323983713
1.2,5.47,-20.9893967496612
1.2,5.475,-20.9847722523954
1.2,5.48,-20.9801587000093
1.2,5.485,-20.9755558870675
1.2,5.49,-20.9709636092652
1.2,5.495,-20.9663816634301
1.2,5.5,-20.9618098475233
1.2,5.505,-20.9572479606408
1.2,5.51,-20.9526958030146
1.2,5.515,-20.9481531760136
1.2,5.52,-20.9436198821445
1.2,5.525,-20.9390957250524
1.2,5.53,-20.9345805095216
1.2,5.535,-20.930074041476
1.2,5.54,-20.9255761279793
1.2,5.545,-20.9210865772355
1.2,5.55,-20.916605198589
1.2,5.555,-20.9121318025241
1.2,5.56,-20.9076662006657
1.2,5.565,-20.9032082057784
1.2,5.57,-20.8987576317667
1.2,5.575,-20.8943142936739
1.2,5.58,-20.8898780076823
1.2,5.585,-20.8854485911121
1.2,5.59,-20.8810258624207
1.2,5.595,-20.8766096412019
1.2,5.6,-20.8721997481849
1.2,5.605,-20.8677960052332
1.2,5.61,-20.8633982353438
1.2,5.615,-20.8590062626454
1.2,5.62,-20.8546199123974
1.2,5.625,-20.8502390109883
1.2,5.63,-20.8458633859344
1.2,5.635,-20.841492865878
1.2,5.64,-20.8371272805856
1.2,5.645,-20.8327664609466
1.2,5.65,-20.8284102389706
1.2,5.655,-20.8240584477864
1.2,5.66,-20.8197109216391
1.2,5.665,-20.8153674958887
1.2,5.67,-20.8110280070072
1.2,5.675,-20.8066922925771
1.2,5.68,-20.8023601912883
1.2,5.685,-20.7980315429363
1.2,5.69,-20.7937061884193
1.2,5.695,-20.7893839697359
1.2,5.7,-20.7850647299821
1.2,5.705,-20.7807483133491
1.2,5.71,-20.7764345651201
1.2,5.715,-20.7721233316678
1.2,5.72,-20.7678144604511
1.2,5.725,-20.7635078000127
1.2,5.73,-20.7592031999755
1.2,5.735,-20.7549005110399
1.2,5.74,-20.7505995849805
1.2,5.745,-20.7463002746429
1.2,5.75,-20.7420024339407
1.2,5.755,-20.7377059178517
1.2,5.76,-20.7334105824152
1.2,5.765,-20.7291162847278
1.2,5.77,-20.7248228829408
1.2,5.775,-20.7205302362558
1.2,5.78,-20.7162382049219
1.2,5.785,-20.7119466502318
1.2,5.79,-20.7076554345181
1.2,5.795,-20.7033644211495
1.2,5.8,-20.6990734745273
1.2,5.805,-20.6947824600816
1.2,5.81,-20.6904912442674
1.2,5.815,-20.6861996945608
1.2,5.82,-20.6819076794548
1.2,5.825,-20.6776150684558
1.2,5.83,-20.6733217320795
1.2,5.835,-20.6690275418468
1.2,5.84,-20.6647323702798
1.2,5.845,-20.6604360908975
1.2,5.85,-20.6561385782123
1.2,5.855,-20.6518397077252
1.2,5.86,-20.647539355922
1.2,5.865,-20.6432374002691
1.2,5.87,-20.6389337192089
1.2,5.875,-20.6346281921563
1.2,5.88,-20.6303206994935
1.2,5.885,-20.6260111225665
1.2,5.89,-20.6216993436803
1.2,5.895,-20.6173852460946
1.2,5.9,-20.6130687140197
1.2,5.905,-20.6087496326118
1.2,5.91,-20.6044278879687
1.2,5.915,-20.6001033671254
1.2,5.92,-20.5957759580498
1.2,5.925,-20.5914455496377
1.2,5.93,-20.5871120317089
1.2,5.935,-20.5827752950025
1.2,5.94,-20.5784352311723
1.2,5.945,-20.5740917327823
1.2,5.95,-20.5697446933021
1.2,5.955,-20.5653940071026
1.2,5.96,-20.5610395694511
1.2,5.965,-20.556681276507
1.2,5.97,-20.5523190253168
1.2,5.975,-20.5479527138102
1.2,5.98,-20.5435822407946
1.2,5.985,-20.5392075059513
1.2,5.99,-20.5348284098303
1.2,5.995,-20.530444853846
1.2,6,-20.5260567402723
1.21547816001749,0.5,-58.5406560412151
1.21547816001749,0.505,-58.4295176697097
1.21547816001749,0.51,-58.3190354685889
1.21547816001749,0.515,-58.2091953024708
1.21547816001749,0.52,-58.0999834833371
1.21547816001749,0.525,-57.991386753632
1.21547816001749,0.53,-57.8833922701151
1.21547816001749,0.535,-57.7759875884289
1.21547816001749,0.54,-57.6691606483423
1.21547816001749,0.545,-57.5628997596349
1.21547816001749,0.55,-57.4571935885888
1.21547816001749,0.555,-57.3520311450572
1.21547816001749,0.56,-57.2474017700794
1.21547816001749,0.565,-57.1432951240147
1.21547816001749,0.57,-57.0397011751699
1.21547816001749,0.575,-56.936610188895
1.21547816001749,0.58,-56.8340127171238
1.21547816001749,0.585,-56.7318995883389
1.21547816001749,0.59,-56.6302618979384
1.21547816001749,0.595,-56.529090998987
1.21547816001749,0.6,-56.4283784933317
1.21547816001749,0.605,-56.3281162230649
1.21547816001749,0.61,-56.22829626232
1.21547816001749,0.615,-56.1289109093813
1.21547816001749,0.62,-56.0299526790964
1.21547816001749,0.625,-55.9314142955753
1.21547816001749,0.63,-55.8332886851639
1.21547816001749,0.635,-55.7355689696795
1.21547816001749,0.64,-55.6382484598963
1.21547816001749,0.645,-55.5413206492694
1.21547816001749,0.65,-55.444779207888
1.21547816001749,0.655,-55.3486179766461
1.21547816001749,0.66,-55.2528309616229
1.21547816001749,0.665,-55.1574123286622
1.21547816001749,0.67,-55.0623563981439
1.21547816001749,0.675,-54.9676576399381
1.21547816001749,0.68,-54.8733106685348
1.21547816001749,0.685,-54.7793102383422
1.21547816001749,0.69,-54.6856512391453
1.21547816001749,0.695,-54.5923286917201
1.21547816001749,0.7,-54.4993377435953
1.21547816001749,0.705,-54.4066736649564
1.21547816001749,0.71,-54.3143318446871
1.21547816001749,0.715,-54.2223077865411
1.21547816001749,0.72,-54.1305971054402
1.21547816001749,0.725,-54.0391955238938
1.21547816001749,0.73,-53.9480988685347
1.21547816001749,0.735,-53.8573030667671
1.21547816001749,0.74,-53.7668041435222
1.21547816001749,0.745,-53.6765982181175
1.21547816001749,0.75,-53.5866815012169
1.21547816001749,0.755,-53.4970502918862
1.21547816001749,0.76,-53.4077009747418
1.21547816001749,0.765,-53.3186300171888
1.21547816001749,0.77,-53.2298339667461
1.21547816001749,0.775,-53.1413094484537
1.21547816001749,0.78,-53.0530531623617
1.21547816001749,0.785,-52.9650618810963
1.21547816001749,0.79,-52.8773324475014
1.21547816001749,0.795,-52.7898617723523
1.21547816001749,0.8,-52.7026468321408
1.21547816001749,0.805,-52.6156846669269
1.21547816001749,0.81,-52.528972378258
1.21547816001749,0.815,-52.4425071271508
1.21547816001749,0.82,-52.3562861321355
1.21547816001749,0.825,-52.2703066673603
1.21547816001749,0.83,-52.1845660607542
1.21547816001749,0.835,-52.0990616922459
1.21547816001749,0.84,-52.0137909920383
1.21547816001749,0.845,-51.9287514389361
1.21547816001749,0.85,-51.8439405587259
1.21547816001749,0.855,-51.7593559226062
1.21547816001749,0.86,-51.6749951456674
1.21547816001749,0.865,-51.5908558854197
1.21547816001749,0.87,-51.5069358403672
1.21547816001749,0.875,-51.4232327486286
1.21547816001749,0.88,-51.3397443866022
1.21547816001749,0.885,-51.256468567674
1.21547816001749,0.89,-51.1734031409686
1.21547816001749,0.895,-51.0905459901423
1.21547816001749,0.9,-51.0078950322158
1.21547816001749,0.905,-50.9254482164478
1.21547816001749,0.91,-50.8432035232465
1.21547816001749,0.915,-50.7611589631203
1.21547816001749,0.92,-50.6793125756648
1.21547816001749,0.925,-50.5976624285882
1.21547816001749,0.93,-50.5162066167703
1.21547816001749,0.935,-50.4349432613589
1.21547816001749,0.94,-50.3538705088999
1.21547816001749,0.945,-50.2729865305013
1.21547816001749,0.95,-50.1922895210308
1.21547816001749,0.955,-50.1117776983462
1.21547816001749,0.96,-50.0314493025583
1.21547816001749,0.965,-49.9513025953247
1.21547816001749,0.97,-49.8713358591753
1.21547816001749,0.975,-49.7915473968684
1.21547816001749,0.98,-49.7119355307764
1.21547816001749,0.985,-49.6324986023015
1.21547816001749,0.99,-49.55323497132
1.21547816001749,0.995,-49.4741430156555
1.21547816001749,1,-49.3952211305794
1.21547816001749,1.005,-49.3164677283401
1.21547816001749,1.01,-49.237881237718
1.21547816001749,1.015,-49.1594601036074
1.21547816001749,1.02,-49.0812027866248
1.21547816001749,1.025,-49.0031077627422
1.21547816001749,1.03,-48.9251735229456
1.21547816001749,1.035,-48.847398572918
1.21547816001749,1.04,-48.7697814327461
1.21547816001749,1.045,-48.6923206366509
1.21547816001749,1.05,-48.6150147327409
1.21547816001749,1.055,-48.5378622827877
1.21547816001749,1.06,-48.4608618620236
1.21547816001749,1.065,-48.3840120589602
1.21547816001749,1.07,-48.3073114752279
1.21547816001749,1.075,-48.2307587254358
1.21547816001749,1.08,-48.1543524370506
1.21547816001749,1.085,-48.0780912502946
1.21547816001749,1.09,-48.0019738180628
1.21547816001749,1.095,-47.9259988058565
1.21547816001749,1.1,-47.8501648917351
1.21547816001749,1.105,-47.774470766284
1.21547816001749,1.11,-47.6989151325979
1.21547816001749,1.115,-47.6234967062799
1.21547816001749,1.12,-47.5482142154551
1.21547816001749,1.125,-47.4730664007974
1.21547816001749,1.13,-47.3980520155702
1.21547816001749,1.135,-47.323169825679
1.21547816001749,1.14,-47.2484186097361
1.21547816001749,1.145,-47.1737971591363
1.21547816001749,1.15,-47.0993042781424
1.21547816001749,1.155,-47.0249387839812
1.21547816001749,1.16,-46.9506995069476
1.21547816001749,1.165,-46.8765852905173
1.21547816001749,1.17,-46.8025949914668
1.21547816001749,1.175,-46.7287274799998
1.21547816001749,1.18,-46.6549816398798
1.21547816001749,1.185,-46.5813563685683
1.21547816001749,1.19,-46.5078505773663
1.21547816001749,1.195,-46.4344631915611
1.21547816001749,1.2,-46.3611931505745
1.21547816001749,1.205,-46.288039408115
1.21547816001749,1.21,-46.2150009323298
1.21547816001749,1.215,-46.1420767059593
1.21547816001749,1.22,-46.0692657264905
1.21547816001749,1.225,-45.996567006311
1.21547816001749,1.23,-45.9239795728609
1.21547816001749,1.235,-45.8515024687834
1.21547816001749,1.24,-45.779134752073
1.21547816001749,1.245,-45.7068754962201
1.21547816001749,1.25,-45.6347237903526
1.21547816001749,1.255,-45.5626787393725
1.21547816001749,1.26,-45.490739464088
1.21547816001749,1.265,-45.4189051013407
1.21547816001749,1.27,-45.3471748041254
1.21547816001749,1.275,-45.2755477417051
1.21547816001749,1.28,-45.2040230997181
1.21547816001749,1.285,-45.1326000802778
1.21547816001749,1.29,-45.0612779020653
1.21547816001749,1.295,-44.9900558004127
1.21547816001749,1.3,-44.9189330273789
1.21547816001749,1.305,-44.8479088518157
1.21547816001749,1.31,-44.7769825594251
1.21547816001749,1.315,-44.7061534528068
1.21547816001749,1.32,-44.6354208514954
1.21547816001749,1.325,-44.5647840919888
1.21547816001749,1.33,-44.494242527765
1.21547816001749,1.335,-44.4237955292891
1.21547816001749,1.34,-44.3534424840096
1.21547816001749,1.345,-44.2831827963439
1.21547816001749,1.35,-44.2130158876528
1.21547816001749,1.355,-44.1429411962049
1.21547816001749,1.36,-44.0729581771287
1.21547816001749,1.365,-44.0030663023553
1.21547816001749,1.37,-43.9332650605489
1.21547816001749,1.375,-43.8635539570272
1.21547816001749,1.38,-43.7939325136709
1.21547816001749,1.385,-43.7244002688224
1.21547816001749,1.39,-43.6549567771737
1.21547816001749,1.395,-43.5856016096442
1.21547816001749,1.4,-43.5163343532483
1.21547816001749,1.405,-43.4471546109528
1.21547816001749,1.41,-43.3780620015243
1.21547816001749,1.415,-43.3090561593671
1.21547816001749,1.42,-43.2401367343519
1.21547816001749,1.425,-43.1713033916353
1.21547816001749,1.43,-43.1025558114704
1.21547816001749,1.435,-43.0338936890088
1.21547816001749,1.44,-42.9653167340948
1.21547816001749,1.445,-42.8968246710512
1.21547816001749,1.45,-42.8284172384585
1.21547816001749,1.455,-42.7600941889253
1.21547816001749,1.46,-42.6918552888538
1.21547816001749,1.465,-42.6237003181975
1.21547816001749,1.47,-42.5556290702135
1.21547816001749,1.475,-42.4876413512085
1.21547816001749,1.48,-42.4197369802807
1.21547816001749,1.485,-42.351915789055
1.21547816001749,1.49,-42.2841776214158
1.21547816001749,1.495,-42.2165223332335
1.21547816001749,1.5,-42.1489497920895
1.21547816001749,1.505,-42.0814598769958
1.21547816001749,1.51,-42.0140524781134
1.21547816001749,1.515,-41.9467274964669
1.21547816001749,1.52,-41.8794848436579
1.21547816001749,1.525,-41.8123244415759
1.21547816001749,1.53,-41.7452462221082
1.21547816001749,1.535,-41.6782501268491
1.21547816001749,1.54,-41.6113361068076
1.21547816001749,1.545,-41.5445041221156
1.21547816001749,1.55,-41.4777541417359
1.21547816001749,1.555,-41.4110861431705
1.21547816001749,1.56,-41.34450011217
1.21547816001749,1.565,-41.2779960424435
1.21547816001749,1.57,-41.2115739353704
1.21547816001749,1.575,-41.1452337997138
1.21547816001749,1.58,-41.0789756513358
1.21547816001749,1.585,-41.0127995129146
1.21547816001749,1.59,-40.9467054136653
1.21547816001749,1.595,-40.8806933890623
1.21547816001749,1.6,-40.8147634805653
1.21547816001749,1.605,-40.7489157353487
1.21547816001749,1.61,-40.683150206034
1.21547816001749,1.615,-40.6174669504264
1.21547816001749,1.62,-40.5518660312548
1.21547816001749,1.625,-40.4863475159167
1.21547816001749,1.63,-40.4209114762262
1.21547816001749,1.635,-40.3555579881676
1.21547816001749,1.64,-40.2902871316525
1.21547816001749,1.645,-40.2250989902826
1.21547816001749,1.65,-40.1599936511166
1.21547816001749,1.655,-40.0949712044422
1.21547816001749,1.66,-40.0300317435534
1.21547816001749,1.665,-39.9651753645328
1.21547816001749,1.67,-39.900402166039
1.21547816001749,1.675,-39.8357122490992
1.21547816001749,1.68,-39.7711057169076
1.21547816001749,1.685,-39.7065826746288
1.21547816001749,1.69,-39.6421432292065
1.21547816001749,1.695,-39.5777874891783
1.21547816001749,1.7,-39.5135155644952
1.21547816001749,1.705,-39.449327566347
1.21547816001749,1.71,-39.3852236069935
1.21547816001749,1.715,-39.3212037996002
1.21547816001749,1.72,-39.2572682580807
1.21547816001749,1.725,-39.1934170969437
1.21547816001749,1.73,-39.1296504311455
1.21547816001749,1.735,-39.0659683759484
1.21547816001749,1.74,-39.0023710467841
1.21547816001749,1.745,-38.9388585591219
1.21547816001749,1.75,-38.8754310283436
1.21547816001749,1.755,-38.8120885696217
1.21547816001749,1.76,-38.7488312978044
1.21547816001749,1.765,-38.6856593273047
1.21547816001749,1.77,-38.6225727719946
1.21547816001749,1.775,-38.5595717451047
1.21547816001749,1.78,-38.496656359128
1.21547816001749,1.785,-38.433826725729
1.21547816001749,1.79,-38.3710829556569
1.21547816001749,1.795,-38.3084251586641
1.21547816001749,1.8,-38.2458534434284
1.21547816001749,1.805,-38.1833679174803
1.21547816001749,1.81,-38.1209686871342
1.21547816001749,1.815,-38.0586558574236
1.21547816001749,1.82,-37.9964295320411
1.21547816001749,1.825,-37.9342898132815
1.21547816001749,1.83,-37.8722368019898
1.21547816001749,1.835,-37.8102705975122
1.21547816001749,1.84,-37.7483912976511
1.21547816001749,1.845,-37.6865989986235
1.21547816001749,1.85,-37.6248937950235
1.21547816001749,1.855,-37.5632757797875
1.21547816001749,1.86,-37.5017450441628
1.21547816001749,1.865,-37.4403016776798
1.21547816001749,1.87,-37.3789457681269
1.21547816001749,1.875,-37.3176774015285
1.21547816001749,1.88,-37.2564966621258
1.21547816001749,1.885,-37.1954036323607
1.21547816001749,1.89,-37.1343983928617
1.21547816001749,1.895,-37.0734810224335
1.21547816001749,1.9,-37.0126515980477
1.21547816001749,1.905,-36.9519101948372
1.21547816001749,1.91,-36.8912568860918
1.21547816001749,1.915,-36.8306917432571
1.21547816001749,1.92,-36.7702148359345
1.21547816001749,1.925,-36.7098262318837
1.21547816001749,1.93,-36.6495259970276
1.21547816001749,1.935,-36.5893141954578
1.21547816001749,1.94,-36.5291908894434
1.21547816001749,1.945,-36.4691561394404
1.21547816001749,1.95,-36.4092100041029
1.21547816001749,1.955,-36.3493525402962
1.21547816001749,1.96,-36.2895838031112
1.21547816001749,1.965,-36.2299038458799
1.21547816001749,1.97,-36.1703127201927
1.21547816001749,1.975,-36.1108104759163
1.21547816001749,1.98,-36.0513971612135
1.21547816001749,1.985,-35.9920728225633
1.21547816001749,1.99,-35.9328375047831
1.21547816001749,1.995,-35.8736912510506
1.21547816001749,2,-35.8146341029274
1.21547816001749,2.005,-35.7556661003836
1.21547816001749,2.01,-35.6967872818225
1.21547816001749,2.015,-35.6379976841065
1.21547816001749,2.02,-35.5792973425838
1.21547816001749,2.025,-35.5206862911152
1.21547816001749,2.03,-35.4621645621022
1.21547816001749,2.035,-35.4037321865146
1.21547816001749,2.04,-35.34538919392
1.21547816001749,2.045,-35.2871356125121
1.21547816001749,2.05,-35.2289714691408
1.21547816001749,2.055,-35.170896789342
1.21547816001749,2.06,-35.1129115973676
1.21547816001749,2.065,-35.0550159162159
1.21547816001749,2.07,-34.9972097676625
1.21547816001749,2.075,-34.9394931722912
1.21547816001749,2.08,-34.8818661495247
1.21547816001749,2.085,-34.8243287176559
1.21547816001749,2.09,-34.7668808938795
1.21547816001749,2.095,-34.7095226943227
1.21547816001749,2.1,-34.6522541340771
1.21547816001749,2.105,-34.5950752272297
1.21547816001749,2.11,-34.5379859868944
1.21547816001749,2.115,-34.4809864252432
1.21547816001749,2.12,-34.4240765535377
1.21547816001749,2.125,-34.3672563821597
1.21547816001749,2.13,-34.3105259206429
1.21547816001749,2.135,-34.253885177703
1.21547816001749,2.14,-34.1973341612693
1.21547816001749,2.145,-34.1408728785146
1.21547816001749,2.15,-34.0845013358859
1.21547816001749,2.155,-34.0282195391343
1.21547816001749,2.16,-33.9720274933454
1.21547816001749,2.165,-33.9159252029685
1.21547816001749,2.17,-33.8599126718466
1.21547816001749,2.175,-33.803989903245
1.21547816001749,2.18,-33.7481568998808
1.21547816001749,2.185,-33.6924136639512
1.21547816001749,2.19,-33.6367601971618
1.21547816001749,2.195,-33.5811965007552
1.21547816001749,2.2,-33.5257225755378
1.21547816001749,2.205,-33.470338421908
1.21547816001749,2.21,-33.415044039883
1.21547816001749,2.215,-33.3598394291255
1.21547816001749,2.22,-33.30472458897
1.21547816001749,2.225,-33.2496995184491
1.21547816001749,2.23,-33.1947642163191
1.21547816001749,2.235,-33.1399186810849
1.21547816001749,2.24,-33.0851629110257
1.21547816001749,2.245,-33.0304969042191
1.21547816001749,2.25,-32.9759206585654
1.21547816001749,2.255,-32.9214341718113
1.21547816001749,2.26,-32.8670374415739
1.21547816001749,2.265,-32.8127304653631
1.21547816001749,2.27,-32.7585132406046
1.21547816001749,2.275,-32.7043857646623
1.21547816001749,2.28,-32.6503480348601
1.21547816001749,2.285,-32.5964000485037
1.21547816001749,2.29,-32.5425418029011
1.21547816001749,2.295,-32.4887732953842
1.21547816001749,2.3,-32.4350945233287
1.21547816001749,2.305,-32.3815054841741
1.21547816001749,2.31,-32.3280061754436
1.21547816001749,2.315,-32.2745965947629
1.21547816001749,2.32,-32.2212767398795
1.21547816001749,2.325,-32.168046608681
1.21547816001749,2.33,-32.1149061992129
1.21547816001749,2.335,-32.0618555096969
1.21547816001749,2.34,-32.0088945385477
1.21547816001749,2.345,-31.9560232843903
1.21547816001749,2.35,-31.9032417460762
1.21547816001749,2.355,-31.8505499227002
1.21547816001749,2.36,-31.7979478136157
1.21547816001749,2.365,-31.7454354184507
1.21547816001749,2.37,-31.6930127371224
1.21547816001749,2.375,-31.6406797698523
1.21547816001749,2.38,-31.5884365171805
1.21547816001749,2.385,-31.5362829799801
1.21547816001749,2.39,-31.4842191594703
1.21547816001749,2.395,-31.4322450572303
1.21547816001749,2.4,-31.380360675212
1.21547816001749,2.405,-31.3285660157529
1.21547816001749,2.41,-31.2768610815885
1.21547816001749,2.415,-31.2252458758641
1.21547816001749,2.42,-31.1737204021467
1.21547816001749,2.425,-31.122284664436
1.21547816001749,2.43,-31.0709386671761
1.21547816001749,2.435,-31.0196824152658
1.21547816001749,2.44,-30.9685159140689
1.21547816001749,2.445,-30.9174391694248
1.21547816001749,2.45,-30.8664521876578
1.21547816001749,2.455,-30.8155549755869
1.21547816001749,2.46,-30.7647475405349
1.21547816001749,2.465,-30.7140298903376
1.21547816001749,2.47,-30.6634020333518
1.21547816001749,2.475,-30.6128639784644
1.21547816001749,2.48,-30.5624157350997
1.21547816001749,2.485,-30.5120573132278
1.21547816001749,2.49,-30.4617887233717
1.21547816001749,2.495,-30.4116099766149
1.21547816001749,2.5,-30.3615210846079
1.21547816001749,2.505,-30.3115220595753
1.21547816001749,2.51,-30.261612914322
1.21547816001749,2.515,-30.2117936622394
1.21547816001749,2.52,-30.1620643173115
1.21547816001749,2.525,-30.1124248941204
1.21547816001749,2.53,-30.0628754078519
1.21547816001749,2.535,-30.0134158743005
1.21547816001749,2.54,-29.9640463098744
1.21547816001749,2.545,-29.9147667316003
1.21547816001749,2.55,-29.8655771571279
1.21547816001749,2.555,-29.8164776047341
1.21547816001749,2.56,-29.7674680933269
1.21547816001749,2.565,-29.7185486424497
1.21547816001749,2.57,-29.6697192722842
1.21547816001749,2.575,-29.6209800036542
1.21547816001749,2.58,-29.5723308580289
1.21547816001749,2.585,-29.5237718575256
1.21547816001749,2.59,-29.4753030249123
1.21547816001749,2.595,-29.4269243836108
1.21547816001749,2.6,-29.3786359576986
1.21547816001749,2.605,-29.3304377719113
1.21547816001749,2.61,-29.2823298516443
1.21547816001749,2.615,-29.2343122229549
1.21547816001749,2.62,-29.1863849125639
1.21547816001749,2.625,-29.1385479478566
1.21547816001749,2.63,-29.0908013568846
1.21547816001749,2.635,-29.0431451683663
1.21547816001749,2.64,-28.9955794116883
1.21547816001749,2.645,-28.9481041169058
1.21547816001749,2.65,-28.9007193147431
1.21547816001749,2.655,-28.8534250365942
1.21547816001749,2.66,-28.806221314523
1.21547816001749,2.665,-28.7591081812629
1.21547816001749,2.67,-28.7120856702176
1.21547816001749,2.675,-28.6651538154597
1.21547816001749,2.68,-28.6183126517313
1.21547816001749,2.685,-28.5715622144428
1.21547816001749,2.69,-28.5249025396724
1.21547816001749,2.695,-28.4783336641654
1.21547816001749,2.7,-28.4318556253329
1.21547816001749,2.705,-28.3854684612506
1.21547816001749,2.71,-28.339172210658
1.21547816001749,2.715,-28.2929669129566
1.21547816001749,2.72,-28.2468526082083
1.21547816001749,2.725,-28.2008293371338
1.21547816001749,2.73,-28.154897141111
1.21547816001749,2.735,-28.1090560621726
1.21547816001749,2.74,-28.0633061430046
1.21547816001749,2.745,-28.0176474269434
1.21547816001749,2.75,-27.9720799579741
1.21547816001749,2.755,-27.9266037807278
1.21547816001749,2.76,-27.881218940479
1.21547816001749,2.765,-27.8359254831428
1.21547816001749,2.77,-27.7907234552726
1.21547816001749,2.775,-27.7456129040566
1.21547816001749,2.78,-27.7005938773151
1.21547816001749,2.785,-27.6556664234974
1.21547816001749,2.79,-27.6108305916783
1.21547816001749,2.795,-27.5660864315552
1.21547816001749,2.8,-27.521433993444
1.21547816001749,2.805,-27.4768733282762
1.21547816001749,2.81,-27.4324044875948
1.21547816001749,2.815,-27.3880275235509
1.21547816001749,2.82,-27.3437424888994
1.21547816001749,2.825,-27.2995494369953
1.21547816001749,2.83,-27.25544842179
1.21547816001749,2.835,-27.2114394978263
1.21547816001749,2.84,-27.1675227202349
1.21547816001749,2.845,-27.1236981447298
1.21547816001749,2.85,-27.079965827604
1.21547816001749,2.855,-27.0363258257245
1.21547816001749,2.86,-26.9927781965286
1.21547816001749,2.865,-26.9493229980183
1.21547816001749,2.87,-26.9059602887559
1.21547816001749,2.875,-26.8626901278595
1.21547816001749,2.88,-26.8195125749974
1.21547816001749,2.885,-26.7764276903833
1.21547816001749,2.89,-26.7334355347717
1.21547816001749,2.895,-26.6905361694517
1.21547816001749,2.9,-26.6477296562429
1.21547816001749,2.905,-26.6050160574889
1.21547816001749,2.91,-26.5623954360527
1.21547816001749,2.915,-26.519867855311
1.21547816001749,2.92,-26.4774333791484
1.21547816001749,2.925,-26.4350920719519
1.21547816001749,2.93,-26.3928439986051
1.21547816001749,2.935,-26.3506892244826
1.21547816001749,2.94,-26.3086278154438
1.21547816001749,2.945,-26.2666598378273
1.21547816001749,2.95,-26.2247853584444
1.21547816001749,2.955,-26.1830044445738
1.21547816001749,2.96,-26.1413171639544
1.21547816001749,2.965,-26.09972358478
1.21547816001749,2.97,-26.0582237756925
1.21547816001749,2.975,-26.0168178057757
1.21547816001749,2.98,-25.9755057445487
1.21547816001749,2.985,-25.9342876619596
1.21547816001749,2.99,-25.893163628379
1.21547816001749,2.995,-25.8521337145929
1.21547816001749,3,-25.8111979917968
1.21547816001749,3.005,-25.770356531588
1.21547816001749,3.01,-25.7296094059596
1.21547816001749,3.015,-25.6889566872932
1.21547816001749,3.02,-25.6483984483519
1.21547816001749,3.025,-25.6079347622735
1.21547816001749,3.03,-25.5675657025634
1.21547816001749,3.035,-25.5272913430874
1.21547816001749,3.04,-25.4871117580644
1.21547816001749,3.045,-25.4470270220594
1.21547816001749,3.05,-25.4070372099761
1.21547816001749,3.055,-25.3671423970493
1.21547816001749,3.06,-25.3273426588378
1.21547816001749,3.065,-25.2876380712168
1.21547816001749,3.07,-25.2480287103702
1.21547816001749,3.075,-25.2085146527833
1.21547816001749,3.08,-25.1690959752346
1.21547816001749,3.085,-25.1297727547888
1.21547816001749,3.09,-25.0905450687884
1.21547816001749,3.095,-25.0514129948464
1.21547816001749,3.1,-25.0123766108378
1.21547816001749,3.105,-24.9734359948923
1.21547816001749,3.11,-24.9345912253857
1.21547816001749,3.115,-24.8958423809323
1.21547816001749,3.12,-24.8571895403765
1.21547816001749,3.125,-24.8186327827848
1.21547816001749,3.13,-24.7801721874376
1.21547816001749,3.135,-24.7418078338208
1.21547816001749,3.14,-24.7035398016173
1.21547816001749,3.145,-24.665368170699
1.21547816001749,3.15,-24.6272930211183
1.21547816001749,3.155,-24.5893144330993
1.21547816001749,3.16,-24.5514324870294
1.21547816001749,3.165,-24.5136472634508
1.21547816001749,3.17,-24.4759588430519
1.21547816001749,3.175,-24.4383673066583
1.21547816001749,3.18,-24.4008727352243
1.21547816001749,3.185,-24.3634752098239
1.21547816001749,3.19,-24.3261748116422
1.21547816001749,3.195,-24.2889716219661
1.21547816001749,3.2,-24.2518657221756
1.21547816001749,3.205,-24.2148571937348
1.21547816001749,3.21,-24.1779461181825
1.21547816001749,3.215,-24.1411325771236
1.21547816001749,3.22,-24.1044166522195
1.21547816001749,3.225,-24.0677984251788
1.21547816001749,3.23,-24.0312779777485
1.21547816001749,3.235,-23.9948553917041
1.21547816001749,3.24,-23.9585307488406
1.21547816001749,3.245,-23.9223041309629
1.21547816001749,3.25,-23.8861756198765
1.21547816001749,3.255,-23.8501452973774
1.21547816001749,3.26,-23.8142132452434
1.21547816001749,3.265,-23.7783795452237
1.21547816001749,3.27,-23.7426442790293
1.21547816001749,3.275,-23.7070075283238
1.21547816001749,3.28,-23.6714693747129
1.21547816001749,3.285,-23.6360298997352
1.21547816001749,3.29,-23.6006891848515
1.21547816001749,3.295,-23.5654473114359
1.21547816001749,3.3,-23.5303043607648
1.21547816001749,3.305,-23.4952604140075
1.21547816001749,3.31,-23.4603155522158
1.21547816001749,3.315,-23.425469856314
1.21547816001749,3.32,-23.3907234070886
1.21547816001749,3.325,-23.3560762851782
1.21547816001749,3.33,-23.3215285710629
1.21547816001749,3.335,-23.2870803450545
1.21547816001749,3.34,-23.2527316872855
1.21547816001749,3.345,-23.2184826776989
1.21547816001749,3.35,-23.184333396038
1.21547816001749,3.355,-23.1502839218353
1.21547816001749,3.36,-23.1163343344026
1.21547816001749,3.365,-23.0824847128196
1.21547816001749,3.37,-23.0487351359239
1.21547816001749,3.375,-23.0150856822998
1.21547816001749,3.38,-22.9815364302677
1.21547816001749,3.385,-22.9480874578735
1.21547816001749,3.39,-22.9147388428774
1.21547816001749,3.395,-22.8814906627429
1.21547816001749,3.4,-22.8483429946264
1.21547816001749,3.405,-22.8152959153657
1.21547816001749,3.41,-22.782349501469
1.21547816001749,3.415,-22.749503829104
1.21547816001749,3.42,-22.7167589740867
1.21547816001749,3.425,-22.68411501187
1.21547816001749,3.43,-22.651572017533
1.21547816001749,3.435,-22.6191300657689
1.21547816001749,3.44,-22.5867892308746
1.21547816001749,3.445,-22.5545495867387
1.21547816001749,3.45,-22.5224112068304
1.21547816001749,3.455,-22.4903741641879
1.21547816001749,3.46,-22.4584385314071
1.21547816001749,3.465,-22.4266043806299
1.21547816001749,3.47,-22.3948717835328
1.21547816001749,3.475,-22.3632408113152
1.21547816001749,3.48,-22.3317115346877
1.21547816001749,3.485,-22.3002840238606
1.21547816001749,3.49,-22.268958348532
1.21547816001749,3.495,-22.2377345778764
1.21547816001749,3.5,-22.2066127805323
1.21547816001749,3.505,-22.175593024591
1.21547816001749,3.51,-22.1446753775843
1.21547816001749,3.515,-22.1138599064729
1.21547816001749,3.52,-22.0831466776343
1.21547816001749,3.525,-22.0525357568509
1.21547816001749,3.53,-22.0220272092979
1.21547816001749,3.535,-21.9916210995316
1.21547816001749,3.54,-21.9613174914769
1.21547816001749,3.545,-21.9311164484156
1.21547816001749,3.55,-21.901018032974
1.21547816001749,3.555,-21.8710223071109
1.21547816001749,3.56,-21.8411293321055
1.21547816001749,3.565,-21.811339168545
1.21547816001749,3.57,-21.7816518763125
1.21547816001749,3.575,-21.7520675145749
1.21547816001749,3.58,-21.7225861417703
1.21547816001749,3.585,-21.6932078155959
1.21547816001749,3.59,-21.6639325929959
1.21547816001749,3.595,-21.6347605301486
1.21547816001749,3.6,-21.6056916824546
1.21547816001749,3.605,-21.5767261045241
1.21547816001749,3.61,-21.5478638501648
1.21547816001749,3.615,-21.5191049723692
1.21547816001749,3.62,-21.4904495233022
1.21547816001749,3.625,-21.461897554289
1.21547816001749,3.63,-21.4334491158023
1.21547816001749,3.635,-21.4051042574498
1.21547816001749,3.64,-21.3768630279622
1.21547816001749,3.645,-21.3487254751803
1.21547816001749,3.65,-21.3206916460426
1.21547816001749,3.655,-21.2927615865729
1.21547816001749,3.66,-21.2649353418676
1.21547816001749,3.665,-21.2372129560837
1.21547816001749,3.67,-21.2095944724257
1.21547816001749,3.675,-21.1820799331334
1.21547816001749,3.68,-21.1546693794695
1.21547816001749,3.685,-21.1273628517067
1.21547816001749,3.69,-21.1001603891159
1.21547816001749,3.695,-21.0730620299529
1.21547816001749,3.7,-21.0460678114466
1.21547816001749,3.705,-21.0191777697861
1.21547816001749,3.71,-20.9923919401085
1.21547816001749,3.715,-20.9657103564863
1.21547816001749,3.72,-20.939133051915
1.21547816001749,3.725,-20.9126600583008
1.21547816001749,3.73,-20.8862914064481
1.21547816001749,3.735,-20.860027126047
1.21547816001749,3.74,-20.8338672456612
1.21547816001749,3.745,-20.8078117927155
1.21547816001749,3.75,-20.7818607934834
1.21547816001749,3.755,-20.7560142730753
1.21547816001749,3.76,-20.7302722554255
1.21547816001749,3.765,-20.7046347632806
1.21547816001749,3.77,-20.6791018181868
1.21547816001749,3.775,-20.6536734404783
1.21547816001749,3.78,-20.6283496492647
1.21547816001749,3.785,-20.6031304624191
1.21547816001749,3.79,-20.5780158965661
1.21547816001749,3.795,-20.5530059670696
1.21547816001749,3.8,-20.5281006880211
1.21547816001749,3.805,-20.5033000722276
1.21547816001749,3.81,-20.4786041311997
1.21547816001749,3.815,-20.4540128751401
1.21547816001749,3.82,-20.4295263129312
1.21547816001749,3.825,-20.4051444521242
1.21547816001749,3.83,-20.3808672989266
1.21547816001749,3.835,-20.3566948581914
1.21547816001749,3.84,-20.3326271334049
1.21547816001749,3.845,-20.3086641266756
1.21547816001749,3.85,-20.2848058387226
1.21547816001749,3.855,-20.2610522688645
1.21547816001749,3.86,-20.2374034150079
1.21547816001749,3.865,-20.2138592736362
1.21547816001749,3.87,-20.1904198397984
1.21547816001749,3.875,-20.1670851070985
1.21547816001749,3.88,-20.1438550676839
1.21547816001749,3.885,-20.120729712235
1.21547816001749,3.89,-20.0977090299538
1.21547816001749,3.895,-20.0747930085541
1.21547816001749,3.9,-20.0519816342498
1.21547816001749,3.905,-20.029274891745
1.21547816001749,3.91,-20.0066727642235
1.21547816001749,3.915,-19.9841752333381
1.21547816001749,3.92,-19.9617822792007
1.21547816001749,3.925,-19.9394938803719
1.21547816001749,3.93,-19.9173100138508
1.21547816001749,3.935,-19.8952306550656
1.21547816001749,3.94,-19.8732557778629
1.21547816001749,3.945,-19.8513853544986
1.21547816001749,3.95,-19.8296193556281
1.21547816001749,3.955,-19.8079577502965
1.21547816001749,3.96,-19.7864005059294
1.21547816001749,3.965,-19.7649475883237
1.21547816001749,3.97,-19.7435989616381
1.21547816001749,3.975,-19.7223545883842
1.21547816001749,3.98,-19.7012144294177
1.21547816001749,3.985,-19.6801784439293
1.21547816001749,3.99,-19.6592465894361
1.21547816001749,3.995,-19.6384188217734
1.21547816001749,4,-19.6176950950855
1.21547816001749,4.005,-19.5970753618181
1.21547816001749,4.01,-19.57655957271
1.21547816001749,4.015,-19.5561476767847
1.21547816001749,4.02,-19.5358396213431
1.21547816001749,4.025,-19.5156353519552
1.21547816001749,4.03,-19.4955348124529
1.21547816001749,4.035,-19.4755379449225
1.21547816001749,4.04,-19.4556446896973
1.21547816001749,4.045,-19.4358549853505
1.21547816001749,4.05,-19.4161687686881
1.21547816001749,4.055,-19.3965859747424
1.21547816001749,4.06,-19.3771065367649
1.21547816001749,4.065,-19.3577303862201
1.21547816001749,4.07,-19.3384574527791
1.21547816001749,4.075,-19.3192876643132
1.21547816001749,4.08,-19.3002209468882
1.21547816001749,4.085,-19.2812572247582
1.21547816001749,4.09,-19.2623964203603
1.21547816001749,4.095,-19.2436384543087
1.21547816001749,4.1,-19.2249832453895
1.21547816001749,4.105,-19.2064307105558
1.21547816001749,4.11,-19.1879807649223
1.21547816001749,4.115,-19.1696333217606
1.21547816001749,4.12,-19.1513882924947
1.21547816001749,4.125,-19.1332455866965
1.21547816001749,4.13,-19.1152051120816
1.21547816001749,4.135,-19.0972667745048
1.21547816001749,4.14,-19.079430477957
1.21547816001749,4.145,-19.0616961245605
1.21547816001749,4.15,-19.0440636145664
1.21547816001749,4.155,-19.0265328463506
1.21547816001749,4.16,-19.0091037164112
1.21547816001749,4.165,-18.9917761193651
1.21547816001749,4.17,-18.9745499479454
1.21547816001749,4.175,-18.9574250929989
1.21547816001749,4.18,-18.940401443484
1.21547816001749,4.185,-18.9234788864679
1.21547816001749,4.19,-18.9066573071253
1.21547816001749,4.195,-18.8899365887362
1.21547816001749,4.2,-18.8733166126845
1.21547816001749,4.205,-18.8567972584568
1.21547816001749,4.21,-18.840378403641
1.21547816001749,4.215,-18.8240599239255
1.21547816001749,4.22,-18.8078416930984
1.21547816001749,4.225,-18.791723583047
1.21547816001749,4.23,-18.7757054637576
1.21547816001749,4.235,-18.7597872033151
1.21547816001749,4.24,-18.7439686679033
1.21547816001749,4.245,-18.7282497218053
1.21547816001749,4.25,-18.7126302274036
1.21547816001749,4.255,-18.6971100451814
1.21547816001749,4.26,-18.681689033723
1.21547816001749,4.265,-18.6663670497154
1.21547816001749,4.27,-18.6511439479492
1.21547816001749,4.275,-18.6360195813206
1.21547816001749,4.28,-18.6209938008329
1.21547816001749,4.285,-18.6060664555986
1.21547816001749,4.29,-18.5912373928416
1.21547816001749,4.295,-18.5765064578996
1.21547816001749,4.3,-18.5618734942269
1.21547816001749,4.305,-18.547338343397
1.21547816001749,4.31,-18.5329008451056
1.21547816001749,4.315,-18.5185608371743
1.21547816001749,4.32,-18.5043181555537
1.21547816001749,4.325,-18.4901726343273
1.21547816001749,4.33,-18.4761241057153
1.21547816001749,4.335,-18.4621724000786
1.21547816001749,4.34,-18.4483173459237
1.21547816001749,4.345,-18.4345587699064
1.21547816001749,4.35,-18.4208964968374
1.21547816001749,4.355,-18.4073303496865
1.21547816001749,4.36,-18.3938601495886
1.21547816001749,4.365,-18.3804857158483
1.21547816001749,4.37,-18.3672068659458
1.21547816001749,4.375,-18.3540234155432
1.21547816001749,4.38,-18.3409351784896
1.21547816001749,4.385,-18.327941966828
1.21547816001749,4.39,-18.3150435908015
1.21547816001749,4.395,-18.3022398588599
1.21547816001749,4.4,-18.2895305776665
1.21547816001749,4.405,-18.2769155521055
1.21547816001749,4.41,-18.2643945852885
1.21547816001749,4.415,-18.2519674785628
1.21547816001749,4.42,-18.2396340315183
1.21547816001749,4.425,-18.2273940419959
1.21547816001749,4.43,-18.2152473060952
1.21547816001749,4.435,-18.2031936181827
1.21547816001749,4.44,-18.1912327709005
1.21547816001749,4.445,-18.1793645551746
1.21547816001749,4.45,-18.1675887602241
1.21547816001749,4.455,-18.1559051735695
1.21547816001749,4.46,-18.1443135810429
1.21547816001749,4.465,-18.1328137667963
1.21547816001749,4.47,-18.1214055133118
1.21547816001749,4.475,-18.1100886014114
1.21547816001749,4.48,-18.0988628102664
1.21547816001749,4.485,-18.087727917408
1.21547816001749,4.49,-18.0766836987372
1.21547816001749,4.495,-18.0657299285355
1.21547816001749,4.5,-18.0548663794756
1.21547816001749,4.505,-18.0440928226319
1.21547816001749,4.51,-18.0334090274914
1.21547816001749,4.515,-18.0228147619655
1.21547816001749,4.52,-18.0123097924004
1.21547816001749,4.525,-18.0018938835894
1.21547816001749,4.53,-17.9915667987837
1.21547816001749,4.535,-17.9813282997049
1.21547816001749,4.54,-17.9711781465567
1.21547816001749,4.545,-17.9611160980367
1.21547816001749,4.55,-17.9511419113491
1.21547816001749,4.555,-17.9412553422169
1.21547816001749,4.56,-17.9314561448942
1.21547816001749,4.565,-17.9217440721794
1.21547816001749,4.57,-17.9121188754278
1.21547816001749,4.575,-17.9025803045642
1.21547816001749,4.58,-17.8931281080967
1.21547816001749,4.585,-17.8837620331295
1.21547816001749,4.59,-17.8744818253764
1.21547816001749,4.595,-17.8652872291742
1.21547816001749,4.6,-17.8561779874967
1.21547816001749,4.605,-17.8471538419679
1.21547816001749,4.61,-17.8382145328765
1.21547816001749,4.615,-17.8293597991894
1.21547816001749,4.62,-17.8205893785661
1.21547816001749,4.625,-17.811903007373
1.21547816001749,4.63,-17.8033004206976
1.21547816001749,4.635,-17.7947813523628
1.21547816001749,4.64,-17.7863455349419
1.21547816001749,4.645,-17.777992699773
1.21547816001749,4.65,-17.7697225769738
1.21547816001749,4.655,-17.7615348954566
1.21547816001749,4.66,-17.7534293829429
1.21547816001749,4.665,-17.745405765979
1.21547816001749,4.67,-17.7374637699509
1.21547816001749,4.675,-17.7296031190993
1.21547816001749,4.68,-17.7218235365353
1.21547816001749,4.685,-17.7141247442556
1.21547816001749,4.69,-17.7065064631582
1.21547816001749,4.695,-17.6989684130575
1.21547816001749,4.7,-17.6915103127004
1.21547816001749,4.705,-17.6841318797819
1.21547816001749,4.71,-17.6768328309608
1.21547816001749,4.715,-17.6696128818752
1.21547816001749,4.72,-17.6624717471593
1.21547816001749,4.725,-17.6554091404583
1.21547816001749,4.73,-17.6484247744451
1.21547816001749,4.735,-17.6415183608361
1.21547816001749,4.74,-17.6346896104075
1.21547816001749,4.745,-17.6279382330112
1.21547816001749,4.75,-17.6212639375911
1.21547816001749,4.755,-17.6146664321995
1.21547816001749,4.76,-17.6081454240132
1.21547816001749,4.765,-17.6017006193498
1.21547816001749,4.77,-17.5953317236843
1.21547816001749,4.775,-17.5890384416652
1.21547816001749,4.78,-17.582820477131
1.21547816001749,4.785,-17.5766775331267
1.21547816001749,4.79,-17.5706093119203
1.21547816001749,4.795,-17.5646155150189
1.21547816001749,4.8,-17.5586958431858
1.21547816001749,4.805,-17.5528499964565
1.21547816001749,4.81,-17.5470776741554
1.21547816001749,4.815,-17.5413785749123
1.21547816001749,4.82,-17.535752396679
1.21547816001749,4.825,-17.5301988367457
1.21547816001749,4.83,-17.5247175917575
1.21547816001749,4.835,-17.5193083577313
1.21547816001749,4.84,-17.5139708300718
1.21547816001749,4.845,-17.5087047035882
1.21547816001749,4.85,-17.5035096725109
1.21547816001749,4.855,-17.4983854305078
1.21547816001749,4.86,-17.4933316707007
1.21547816001749,4.865,-17.4883480856821
1.21547816001749,4.87,-17.483434367531
1.21547816001749,4.875,-17.47859020783
1.21547816001749,4.88,-17.4738152976813
1.21547816001749,4.885,-17.4691093277231
1.21547816001749,4.89,-17.464471988146
1.21547816001749,4.895,-17.459902968709
1.21547816001749,4.9,-17.4554019587565
1.21547816001749,4.905,-17.4509686472334
1.21547816001749,4.91,-17.4466027227024
1.21547816001749,4.915,-17.4423038733593
1.21547816001749,4.92,-17.4380717870495
1.21547816001749,4.925,-17.433906151284
1.21547816001749,4.93,-17.4298066532552
1.21547816001749,4.935,-17.4257729798531
1.21547816001749,4.94,-17.421804817681
1.21547816001749,4.945,-17.4179018530715
1.21547816001749,4.95,-17.4140637721019
1.21547816001749,4.955,-17.4102902606105
1.21547816001749,4.96,-17.4065810042118
1.21547816001749,4.965,-17.402935688312
1.21547816001749,4.97,-17.3993539981252
1.21547816001749,4.975,-17.395835618688
1.21547816001749,4.98,-17.3923802348753
1.21547816001749,4.985,-17.388987531416
1.21547816001749,4.99,-17.3856571929072
1.21547816001749,4.995,-17.3823889038305
1.21547816001749,5,-17.3791823485664
1.21547816001749,5.005,-17.3760372114095
1.21547816001749,5.01,-17.3729531765834
1.21547816001749,5.015,-17.3699299282555
1.21547816001749,5.02,-17.3669671505519
1.21547816001749,5.025,-17.3640645275721
1.21547816001749,5.03,-17.3612217434034
1.21547816001749,5.035,-17.3584384821355
1.21547816001749,5.04,-17.3557144278749
1.21547816001749,5.045,-17.3530492647592
1.21547816001749,5.05,-17.3504426769714
1.21547816001749,5.055,-17.3478943487541
1.21547816001749,5.06,-17.3454039644233
1.21547816001749,5.065,-17.3429712083826
1.21547816001749,5.07,-17.3405957651367
1.21547816001749,5.075,-17.3382773193056
1.21547816001749,5.08,-17.3360155556379
1.21547816001749,5.085,-17.3338101590245
1.21547816001749,5.09,-17.3316608145119
1.21547816001749,5.095,-17.3295672073159
1.21547816001749,5.1,-17.3275290228342
1.21547816001749,5.105,-17.3255459466601
1.21547816001749,5.11,-17.3236176645953
1.21547816001749,5.115,-17.3217438626627
1.21547816001749,5.12,-17.3199242271195
1.21547816001749,5.125,-17.3181584444695
1.21547816001749,5.13,-17.316446201476
1.21547816001749,5.135,-17.3147871851741
1.21547816001749,5.14,-17.3131810828832
1.21547816001749,5.145,-17.3116275822191
1.21547816001749,5.15,-17.310126371106
1.21547816001749,5.155,-17.308677137789
1.21547816001749,5.16,-17.3072795708454
1.21547816001749,5.165,-17.3059333591969
1.21547816001749,5.17,-17.3046381921212
1.21547816001749,5.175,-17.3033937592632
1.21547816001749,5.18,-17.3021997506471
1.21547816001749,5.185,-17.3010558566869
1.21547816001749,5.19,-17.2999617681983
1.21547816001749,5.195,-17.2989171764093
1.21547816001749,5.2,-17.2979217729714
1.21547816001749,5.205,-17.2969752499703
1.21547816001749,5.21,-17.2960772999367
1.21547816001749,5.215,-17.2952276158569
1.21547816001749,5.22,-17.2944258911831
1.21547816001749,5.225,-17.293671819844
1.21547816001749,5.23,-17.2929650962547
1.21547816001749,5.235,-17.2923054153271
1.21547816001749,5.24,-17.2916924724798
1.21547816001749,5.245,-17.2911259636479
1.21547816001749,5.25,-17.2906055852927
1.21547816001749,5.255,-17.2901310344114
1.21547816001749,5.26,-17.2897020085464
1.21547816001749,5.265,-17.2893182057952
1.21547816001749,5.27,-17.2889793248188
1.21547816001749,5.275,-17.2886850648515
1.21547816001749,5.28,-17.2884351257097
1.21547816001749,5.285,-17.2882292078006
1.21547816001749,5.29,-17.2880670121312
1.21547816001749,5.295,-17.2879482403167
1.21547816001749,5.3,-17.2878725945891
1.21547816001749,5.305,-17.2878397778058
1.21547816001749,5.31,-17.2878494934574
1.21547816001749,5.315,-17.2879014456761
1.21547816001749,5.32,-17.2879953392438
1.21547816001749,5.325,-17.2881308795997
1.21547816001749,5.33,-17.2883077728484
1.21547816001749,5.335,-17.2885257257673
1.21547816001749,5.34,-17.2887844458142
1.21547816001749,5.345,-17.2890836411347
1.21547816001749,5.35,-17.2894230205695
1.21547816001749,5.355,-17.2898022936616
1.21547816001749,5.36,-17.2902211706633
1.21547816001749,5.365,-17.2906793625428
1.21547816001749,5.37,-17.2911765809917
1.21547816001749,5.375,-17.2917125384311
1.21547816001749,5.38,-17.2922869480183
1.21547816001749,5.385,-17.2928995236534
1.21547816001749,5.39,-17.2935499799855
1.21547816001749,5.395,-17.2942380324189
1.21547816001749,5.4,-17.2949633971192
1.21547816001749,5.405,-17.2957257910193
1.21547816001749,5.41,-17.2965249318254
1.21547816001749,5.415,-17.2973605380224
1.21547816001749,5.42,-17.2982323288798
1.21547816001749,5.425,-17.2991400244571
1.21547816001749,5.43,-17.3000833456095
1.21547816001749,5.435,-17.3010620139926
1.21547816001749,5.44,-17.3020757520682
1.21547816001749,5.445,-17.3031242831088
1.21547816001749,5.45,-17.3042073312032
1.21547816001749,5.455,-17.3053246212607
1.21547816001749,5.46,-17.3064758790162
1.21547816001749,5.465,-17.3076608310347
1.21547816001749,5.47,-17.3088792047159
1.21547816001749,5.475,-17.3101307282987
1.21547816001749,5.48,-17.3114151308652
1.21547816001749,5.485,-17.312732142345
1.21547816001749,5.49,-17.3140814935196
1.21547816001749,5.495,-17.3154629160259
1.21547816001749,5.5,-17.3168761423605
1.21547816001749,5.505,-17.3183209058832
1.21547816001749,5.51,-17.3197969408207
1.21547816001749,5.515,-17.3213039822704
1.21547816001749,5.52,-17.3228417662036
1.21547816001749,5.525,-17.3244100294691
1.21547816001749,5.53,-17.3260085097962
1.21547816001749,5.535,-17.3276369457982
1.21547816001749,5.54,-17.3292950769751
1.21547816001749,5.545,-17.3309826437168
1.21547816001749,5.55,-17.3326993873062
1.21547816001749,5.555,-17.3344450499215
1.21547816001749,5.56,-17.3362193746393
1.21547816001749,5.565,-17.3380221054367
1.21547816001749,5.57,-17.3398529871945
1.21547816001749,5.575,-17.3417117656992
1.21547816001749,5.58,-17.343598187645
1.21547816001749,5.585,-17.3455120006368
1.21547816001749,5.59,-17.3474529531917
1.21547816001749,5.595,-17.3494207947414
1.21547816001749,5.6,-17.3514152756339
1.21547816001749,5.605,-17.3534361471355
1.21547816001749,5.61,-17.3554831614328
1.21547816001749,5.615,-17.357556071634
1.21547816001749,5.62,-17.3596546317706
1.21547816001749,5.625,-17.3617785967995
1.21547816001749,5.63,-17.3639277226035
1.21547816001749,5.635,-17.3661017659935
1.21547816001749,5.64,-17.3683004847092
1.21547816001749,5.645,-17.3705236374207
1.21547816001749,5.65,-17.3727709837295
1.21547816001749,5.655,-17.3750422841696
1.21547816001749,5.66,-17.3773373002081
1.21547816001749,5.665,-17.3796557942468
1.21547816001749,5.67,-17.3819975296223
1.21547816001749,5.675,-17.3843622706072
1.21547816001749,5.68,-17.3867497824106
1.21547816001749,5.685,-17.3891598311787
1.21547816001749,5.69,-17.3915921839955
1.21547816001749,5.695,-17.3940466088829
1.21547816001749,5.7,-17.3965228748013
1.21547816001749,5.705,-17.3990207516501
1.21547816001749,5.71,-17.4015400102674
1.21547816001749,5.715,-17.4040804224308
1.21547816001749,5.72,-17.406641760857
1.21547816001749,5.725,-17.4092237992022
1.21547816001749,5.73,-17.4118263120619
1.21547816001749,5.735,-17.4144490749707
1.21547816001749,5.74,-17.4170918644024
1.21547816001749,5.745,-17.4197544577698
1.21547816001749,5.75,-17.4224366334239
1.21547816001749,5.755,-17.4251381706543
1.21547816001749,5.76,-17.4278588496882
1.21547816001749,5.765,-17.4305984516904
1.21547816001749,5.77,-17.4333567587623
1.21547816001749,5.775,-17.4361335539419
1.21547816001749,5.78,-17.4389286212025
1.21547816001749,5.785,-17.4417417454526
1.21547816001749,5.79,-17.4445727125349
1.21547816001749,5.795,-17.4474213092253
1.21547816001749,5.8,-17.4502873232325
1.21547816001749,5.805,-17.4531705431967
1.21547816001749,5.81,-17.4560707586888
1.21547816001749,5.815,-17.4589877602095
1.21547816001749,5.82,-17.4619213391878
1.21547816001749,5.825,-17.4648712879805
1.21547816001749,5.83,-17.4678373998706
1.21547816001749,5.835,-17.4708194690663
1.21547816001749,5.84,-17.4738172906996
1.21547816001749,5.845,-17.476830660825
1.21547816001749,5.85,-17.4798593764184
1.21547816001749,5.855,-17.4829032353754
1.21547816001749,5.86,-17.48596203651
1.21547816001749,5.865,-17.489035579553
1.21547816001749,5.87,-17.4921236651508
1.21547816001749,5.875,-17.4952260948633
1.21547816001749,5.88,-17.4983426711628
1.21547816001749,5.885,-17.5014731974322
1.21547816001749,5.89,-17.504617477963
1.21547816001749,5.895,-17.5077753179541
1.21547816001749,5.9,-17.5109465235095
1.21547816001749,5.905,-17.5141309016369
1.21547816001749,5.91,-17.5173282602458
1.21547816001749,5.915,-17.5205384081452
1.21547816001749,5.92,-17.5237611550423
1.21547816001749,5.925,-17.5269963115401
1.21547816001749,5.93,-17.5302436891357
1.21547816001749,5.935,-17.5335031002182
1.21547816001749,5.94,-17.5367743580663
1.21547816001749,5.945,-17.5400572768469
1.21547816001749,5.95,-17.5433516716124
1.21547816001749,5.955,-17.5466573582987
1.21547816001749,5.96,-17.5499741537233
1.21547816001749,5.965,-17.5533018755828
1.21547816001749,5.97,-17.5566403424506
1.21547816001749,5.975,-17.559989373775
1.21547816001749,5.98,-17.5633487898765
1.21547816001749,5.985,-17.5667184119458
1.21547816001749,5.99,-17.5700980620413
1.21547816001749,5.995,-17.5734875630868
1.21547816001749,6,-17.5768867388689
